# Blender 4.5.4 LTS
# www.blender.org
mtllib persona1.mtl
o Cube.064_Cube.000
v 1.596529 4.601617 -1.599999
v 1.596529 3.401617 -0.999999
v 1.596529 6.001617 -1.599999
v 1.596529 3.401617 0.550001
v 1.596529 2.801618 -1.599999
v 1.596529 2.801617 -0.700000
v 1.596529 6.001616 0.200001
v 1.596529 4.970367 -0.512499
v 1.596529 2.801617 0.200000
v 1.596529 4.901617 0.825001
v 1.596528 4.101616 1.600001
v 1.596528 5.001616 1.600001
v 1.596529 6.001617 1.600001
v -1.603471 4.601617 -1.599999
v -1.603471 4.401617 -0.899999
v -1.603471 5.401617 -0.899999
v -1.603471 6.001616 -0.999999
v -1.603471 3.401617 -0.449999
v -1.603471 2.801617 -0.599999
v -1.603471 2.801617 0.600000
v -1.603471 3.751617 1.000000
v -1.603471 4.301617 0.250001
v -1.603471 2.801616 1.600000
v -1.603471 4.101616 1.600001
v -1.603471 5.251617 0.650001
v -1.603471 5.001616 1.600001
v -1.603471 6.001617 1.600001
v -1.603471 6.001616 0.200001
v -1.003471 6.001616 -0.999999
v -1.603471 6.001617 -1.599999
v -0.203471 6.001616 -0.999999
v -0.603471 6.001616 0.350001
v -0.203471 6.001617 -1.599999
v 1.596529 6.001616 -1.109090
v 0.896529 6.001616 0.350001
v -0.253471 6.001617 1.600001
v -0.603471 5.301616 1.600001
v 0.696529 4.851616 1.600001
v -0.703471 4.401616 1.600001
v -1.003471 3.501616 1.600001
v 0.996529 3.501616 1.600001
v 0.096529 3.801616 1.600000
v -0.103471 3.201616 1.600000
v 1.596529 2.801616 1.600000
v 0.196529 2.801616 1.600000
v 0.896529 3.401617 -1.599999
v 0.896529 4.201617 -1.599999
v 0.896529 5.301617 -1.599999
v -0.603471 4.201617 -1.599999
v -0.603471 5.301617 -1.599999
v -0.603471 3.401617 -1.599999
v 0.196529 2.801618 -1.599999
v -1.603471 2.801618 -1.600000
v -0.003471 2.801617 -0.999999
v 0.396529 2.801617 -0.999999
v 0.796529 2.801617 -0.999999
v 0.596529 2.801617 -0.400000
v 1.096529 2.801617 -0.200000
v 0.396529 2.801617 0.200000
v -0.003471 2.801617 0.200000
v 0.796529 2.801617 0.600000
v 0.196529 2.801617 0.800000
v -0.803471 2.801617 0.200000
v -0.403471 2.801617 0.600000
v -0.303471 2.801617 -0.200000
v -0.403471 2.801617 -0.999999
v -0.803471 2.801617 -0.999999
v 0.896529 2.801617 1.200000
v -0.603471 2.801617 1.200000
v 1.196529 2.801617 0.600000
v 1.196529 2.801617 -0.999999
v -1.003471 2.801617 0.800000
v -1.203471 2.801617 0.200000
v -1.003471 2.801617 -0.400000
v -1.203471 2.801617 -0.999999
v 0.019097 -1.661128 -0.484123
v 0.019097 -1.931356 -0.779041
v 0.019097 -2.521196 -0.238582
v 1.619097 -2.521195 -0.238583
v 1.619097 -1.571054 -0.385819
v 1.619097 -1.145362 0.670860
v 0.019097 -0.850444 0.400632
v 0.019097 -1.145362 0.670860
v 1.619097 -5.142524 2.869036
v 1.619097 -4.963667 3.226820
v 0.419097 -1.120672 0.105714
v 0.019097 -1.120672 0.105714
v 0.719097 -4.605881 3.047965
v 0.019097 -4.605881 3.047965
v 0.019097 -4.963667 3.226821
v 0.419097 -4.248097 2.869108
v 0.019097 -4.248097 2.869108
v 0.419097 -3.886035 2.691830
v 0.019097 -3.882452 2.693154
v 0.419097 -3.510997 2.514800
v 0.019097 -3.508260 2.515233
v 0.419097 -3.136969 2.326679
v 0.019097 -3.133359 2.326119
v 0.419097 -2.754935 2.112225
v 0.019097 -2.751775 2.110113
v 0.419097 -2.368237 1.823611
v 0.019097 -2.369597 1.825873
v 0.419097 -2.040982 1.529479
v 0.019097 -2.041688 1.532593
v 0.419097 -1.735744 1.237631
v 0.019097 -1.735778 1.239254
v 0.419097 -1.439479 0.948407
v 0.019097 -1.439250 0.950493
v 1.619097 -4.560946 2.243257
v 1.619097 -4.605881 3.047965
v 1.619097 -4.248097 2.869108
v 1.619097 -3.887549 2.691271
v 1.619097 -3.410702 1.432357
v 1.619097 -3.511586 2.514707
v 1.619097 -3.136839 2.326659
v 1.619097 -2.753684 2.111389
v 1.619097 -2.367567 1.822498
v 1.619097 -2.023304 0.606049
v 1.619097 -2.040409 1.526950
v 1.619097 -1.735710 1.235994
v 1.619097 -1.439778 0.945680
v 0.719097 -5.321309 1.616824
v 1.619097 -5.679094 1.795681
v 1.219097 -4.963524 1.437968
v 1.619097 -4.983409 1.447909
v 1.219097 -4.605317 1.267357
v 1.619097 -4.605241 1.268857
v 1.219097 -4.251544 1.105661
v 1.619097 -4.251727 1.106962
v 1.219097 -3.911587 0.944219
v 1.619097 -3.912279 0.945604
v 1.219097 -3.616148 0.782095
v 1.619097 -3.614605 0.780997
v 1.219097 -3.358351 0.566252
v 1.619097 -3.353520 0.565659
v 1.219097 -3.086167 0.307191
v 1.619097 -3.082540 0.307967
v 1.219097 -2.808801 0.034802
v 1.619097 -2.804610 0.036614
v 1.219097 -2.521193 -0.238585
v 0.019097 -4.991387 1.451897
v 0.019097 -4.491806 2.156289
v 0.019097 -4.604931 1.274912
v 0.019097 -3.409349 1.434028
v 0.019097 -4.252240 1.110591
v 0.019097 -3.913693 0.948431
v 0.019097 -3.614228 0.780729
v 0.019097 -3.349184 0.565127
v 0.019097 -2.130919 0.574702
v 0.019097 -3.077557 0.309033
v 0.019097 -2.798870 0.039094
v 0.285741 -2.521196 -0.238582
v 0.819097 -2.521193 -0.238585
v 0.419097 -2.803855 0.036940
v 0.819097 -2.810799 0.033939
v 0.419097 -3.082708 0.307931
v 0.819097 -3.088018 0.306795
v 0.419097 -3.354910 0.565830
v 0.819097 -3.360976 0.566575
v 0.419097 -3.615927 0.781937
v 0.819097 -3.616445 0.782305
v 0.419097 -3.912825 0.946696
v 0.819097 -3.910784 0.942615
v 0.419097 -4.251933 1.108414
v 0.819097 -4.251378 1.104486
v 0.419097 -4.605100 1.271608
v 0.819097 -4.605374 1.266244
v 0.419097 -4.963524 1.437968
v 0.819097 -4.963524 1.437968
v 0.019097 -5.679094 1.795681
v 1.219097 -1.145362 0.670860
v 1.219097 -1.439824 0.945258
v 0.552422 -1.145363 0.670861
v 0.819097 -1.439896 0.944603
v 1.219097 -1.735697 1.235378
v 0.819097 -1.735687 1.234859
v 1.219097 -2.040106 1.525611
v 0.819097 -2.039880 1.524615
v 1.219097 -2.366621 1.820925
v 0.819097 -2.365820 1.819592
v 1.219097 -2.756696 2.113403
v 0.819097 -2.758569 2.114654
v 1.219097 -3.139529 2.327077
v 0.819097 -3.141087 2.327318
v 1.219097 -3.513227 2.514448
v 0.819097 -3.514079 2.514313
v 1.219097 -3.889306 2.690622
v 0.819097 -3.890086 2.690334
v 1.219097 -4.248097 2.869108
v 0.819097 -4.248097 2.869108
v 0.819097 -1.120672 0.105714
v 1.619097 -0.850444 0.400632
v 0.019097 -5.142524 2.869036
v 0.719097 -5.142524 2.869037
v 1.019097 -5.410809 2.332359
v 0.419097 -5.410809 2.332358
v 0.019097 -5.410809 2.332359
v 0.419097 -1.661128 -0.484123
v 0.819097 -1.661128 -0.484123
v 0.419097 -1.390900 -0.189204
v 0.819097 -1.399668 -0.186656
v 1.219097 -1.661128 -0.484123
v 1.219097 -1.390900 -0.189204
v 1.619097 -1.931356 -0.779041
v 1.619097 -5.410809 2.332358
v 0.019097 -1.402124 -0.185942
v -1.620102 -1.411187 -0.067356
v -1.620102 -1.198788 -0.406304
v -1.620102 -1.876681 -0.831101
v -0.020102 -1.198788 -0.406304
v -0.020102 -1.876682 -0.831101
v -0.020102 -1.906787 0.723525
v -0.020102 -2.048386 0.949491
v -1.220102 -2.387228 0.737110
v -1.620102 -2.048386 0.949490
v -1.620102 -2.387336 0.737091
v -0.420102 -5.700767 -2.319682
v -0.020102 -5.566267 -2.467701
v -1.020102 -5.969768 -2.023644
v -1.220102 -5.673728 -1.754643
v -1.620102 -5.673728 -1.754643
v -1.620102 -5.969768 -2.023645
v -1.220102 -5.377689 -1.485644
v -1.620102 -5.377689 -1.485644
v -1.220102 -5.082239 -1.207979
v -1.620102 -5.082396 -1.205664
v -1.220102 -4.783168 -0.928769
v -1.620102 -4.782940 -0.927013
v -1.220102 -4.474628 -0.647826
v -1.620102 -4.473723 -0.645961
v -1.220102 -4.137791 -0.367262
v -1.220102 -3.776639 -0.118615
v -1.620102 -3.778720 -0.118994
v -1.220102 -3.422808 0.102579
v -1.620102 -3.424616 0.102841
v -1.220102 -3.073238 0.315127
v -1.620102 -3.075520 0.315935
v -1.220102 -2.726285 0.524691
v -1.620102 -2.726285 0.524691
v -0.020102 -4.761498 -1.864988
v -0.020102 -5.969768 -2.023644
v -0.020102 -5.377689 -1.485644
v -0.020102 -5.082371 -1.206038
v -0.020102 -4.782971 -0.927252
v -0.020102 -3.320256 -1.091964
v -0.020102 -4.473832 -0.646184
v -0.020102 -4.137879 -0.367330
v -0.020102 -3.778714 -0.118993
v -0.020102 -3.424644 0.102845
v -0.020102 -3.075403 0.315893
v -0.020102 -1.638493 0.250165
v -0.020102 -2.726285 0.524691
v -0.720102 -4.893767 -3.207798
v -0.620102 -4.597727 -2.938798
v -0.420102 -4.301690 -2.669798
v -0.020102 -4.323321 -2.689454
v -0.420102 -4.013936 -2.397978
v -0.020102 -4.015975 -2.397285
v -0.420102 -3.728813 -2.129283
v -0.020102 -3.730451 -2.129068
v -0.420102 -3.448058 -1.869417
v -0.020102 -3.449972 -1.869785
v -0.420102 -3.174834 -1.637118
v -0.020102 -3.174792 -1.637086
v -0.420102 -2.877526 -1.436416
v -0.020102 -2.876615 -1.434600
v -0.420102 -2.551696 -1.236061
v -0.020102 -2.551441 -1.234309
v -0.420102 -2.238305 -1.010182
v -0.020102 -2.216286 -1.031373
v -0.420102 -1.876686 -0.831104
v -1.620102 -5.162767 -2.911760
v -1.620102 -4.893767 -3.207797
v -1.620102 -4.323950 -2.690025
v -1.620102 -4.468211 -1.591492
v -1.620102 -4.016349 -2.397158
v -1.620102 -3.730710 -2.129034
v -1.620102 -4.135271 -0.365171
v -1.620102 -3.450250 -1.869838
v -1.620102 -3.174927 -1.637188
v -1.620102 -2.846745 -0.687178
v -1.620102 -2.876661 -1.434692
v -1.620102 -2.551471 -1.234517
v -1.620102 -2.216275 -1.031577
v -1.353445 -1.876683 -0.831102
v -0.820102 -1.876686 -0.831104
v -1.220102 -2.216162 -1.033691
v -0.820102 -2.216038 -1.035997
v -1.220102 -2.551704 -1.236120
v -0.820102 -2.551958 -1.237860
v -1.220102 -2.877527 -1.436419
v -0.820102 -2.878498 -1.438351
v -1.220102 -3.174906 -1.637172
v -0.820102 -3.174884 -1.637156
v -1.220102 -3.448255 -1.869455
v -0.820102 -3.446023 -1.869027
v -1.220102 -3.728988 -2.129260
v -0.820102 -3.727123 -2.129504
v -1.220102 -4.014181 -2.397895
v -0.820102 -4.011856 -2.398686
v -1.220102 -4.301690 -2.669798
v -0.820102 -4.301690 -2.669798
v -1.220102 -4.597728 -2.938797
v -0.553506 -2.726292 0.524687
v -0.820102 -2.387336 0.737091
v -0.820102 -2.726285 0.524691
v -0.420102 -3.073087 0.315073
v -0.820102 -3.070808 0.314266
v -0.420102 -3.422765 0.102573
v -0.820102 -3.420889 0.102303
v -0.420102 -3.776576 -0.118603
v -0.820102 -3.774332 -0.118194
v -0.420102 -4.137833 -0.367294
v -0.820102 -4.137798 -0.367268
v -0.420102 -4.474707 -0.647987
v -0.820102 -4.475641 -0.649915
v -0.420102 -4.783189 -0.928934
v -0.820102 -4.783412 -0.930656
v -0.420102 -5.082222 -1.208224
v -0.820102 -5.082073 -1.210429
v -0.420102 -5.377689 -1.485644
v -0.831934 -5.346644 -1.457435
v -0.420102 -5.673728 -1.754644
v -0.952237 -2.048386 0.949491
v -1.620102 -5.566267 -2.467701
v -1.220102 -5.566267 -2.467701
v -0.820102 -5.700767 -2.319682
v -1.220102 -1.198788 -0.406304
v -1.086740 -1.198788 -0.406304
v -0.720102 -5.162767 -2.911760
v -0.420102 -5.431767 -2.615721
v -0.820102 -5.431767 -2.615721
v -1.220102 -1.412466 -0.067657
v -0.820102 -1.411187 -0.067356
v -1.220102 -1.623587 0.271593
v -0.820102 -1.623587 0.271593
v -0.420102 -1.411187 -0.067356
v -0.420102 -1.623587 0.271593
v -0.020102 -1.416039 -0.064734
v -0.020102 -4.893767 -3.207797
v -1.620102 -1.552776 0.158592
v -3.232860 2.265901 -0.793746
v -1.632859 2.880992 0.736504
v -3.232859 3.204869 0.501762
v -3.232859 2.880991 0.736504
v -1.632857 1.987130 3.435102
v -2.832857 2.221129 2.920084
v -3.232857 2.221129 2.920084
v -3.232857 2.361640 3.294593
v -2.832857 2.080618 2.545575
v -3.232857 2.080619 2.545574
v -2.832857 1.914288 2.178004
v -3.232857 1.890456 2.184407
v -2.832858 1.706414 1.842384
v -3.232857 1.688581 1.851155
v -2.832858 1.522102 1.559328
v -3.232857 1.502295 1.579178
v -2.832858 1.398558 1.450455
v -3.232857 1.392126 1.472046
v -2.832858 1.538324 1.447552
v -3.232858 1.537789 1.444969
v -2.832858 1.844602 1.330628
v -3.232858 1.841394 1.325173
v -2.832859 2.196217 1.164217
v -3.232858 2.189639 1.156796
v -2.699522 2.557114 0.971246
v -3.232859 2.557115 0.971246
v -1.632857 1.400563 3.013019
v -1.632857 2.361640 3.294593
v -1.632857 2.080618 2.545574
v -1.632858 1.883237 2.186347
v -1.632858 1.709622 1.895117
v -1.632858 0.806950 1.433847
v -1.632858 1.499587 1.581892
v -1.632858 1.392166 1.471913
v -1.632858 1.537006 1.441183
v -1.632859 1.486787 0.586173
v -1.632858 1.839203 1.321448
v -1.632858 2.184972 1.151528
v -1.632859 2.249569 0.206120
v -1.632859 2.557115 0.971245
v -2.232857 0.863604 3.856634
v -2.032857 0.723094 3.482126
v -1.632857 0.723094 3.482125
v -2.032857 0.565618 3.090667
v -1.632857 0.561797 3.086850
v -2.032857 0.370962 2.640937
v -1.632857 0.368291 2.637475
v -2.032857 0.212817 2.178127
v -1.632857 0.210186 2.172775
v -2.032858 0.110816 1.632869
v -1.632858 0.110377 1.629799
v -2.032858 0.225670 0.934044
v -1.632858 0.218007 0.959277
v -2.032858 0.532697 0.506942
v -1.632858 0.518550 0.522724
v -2.032859 0.886519 0.193965
v -1.632859 0.874262 0.201088
v -2.032859 1.273521 -0.082477
v -1.632859 1.256936 -0.076846
v -2.032859 1.618147 -0.324263
v -1.632859 1.618147 -0.324263
v -3.232857 1.238113 3.716124
v -3.232857 1.120975 3.119233
v -3.232857 0.723094 3.482126
v -3.232857 0.566045 3.091094
v -3.232857 0.665765 2.329807
v -3.232857 0.370684 2.640577
v -3.232857 0.212100 2.176668
v -3.232858 0.110320 1.630187
v -3.232858 0.770755 1.052274
v -3.232858 0.218882 0.956400
v -3.232858 0.521298 0.519658
v -3.232859 1.314069 0.361962
v -3.232859 0.877621 0.199137
v -3.232859 1.262848 -0.078852
v -3.232859 2.073513 -0.036787
v -3.232859 1.618147 -0.324262
v -2.699532 1.618141 -0.324258
v -2.232859 1.942024 -0.559004
v -2.832859 1.277294 -0.083757
v -2.432859 1.287721 -0.087298
v -2.832859 0.888761 0.192662
v -2.432858 0.896452 0.188192
v -2.832859 0.534723 0.504681
v -2.432858 0.543608 0.494768
v -2.832858 0.226463 0.931433
v -2.432858 0.231149 0.916001
v -2.832858 0.111186 1.635454
v -2.432858 0.112627 1.645527
v -2.832857 0.214233 2.181006
v -2.432857 0.218498 2.189680
v -2.832857 0.372600 2.643061
v -2.432857 0.376368 2.647945
v -2.832857 0.568404 3.093451
v -2.432857 0.573401 3.098443
v -2.832857 0.723094 3.482126
v -2.432857 0.723094 3.482125
v -3.232857 0.863604 3.856634
v -2.532859 2.880992 0.736504
v -2.032859 2.557115 0.971245
v -2.032858 2.192916 1.160493
v -2.432858 2.203732 1.172696
v -2.032858 1.842914 1.327756
v -2.432858 1.847972 1.336358
v -2.032858 1.537616 1.444129
v -2.432858 1.537337 1.442783
v -2.032858 1.398718 1.449915
v -2.432858 1.426143 1.357850
v -2.032858 1.519988 1.561446
v -2.432858 1.547024 1.534353
v -2.032858 1.703591 1.843773
v -2.432858 1.722177 1.834632
v -2.032857 1.909464 2.179300
v -2.432857 1.932814 2.173027
v -2.032857 2.080619 2.545574
v -2.432857 2.080619 2.545575
v -2.232857 2.221130 2.920084
v -2.232857 2.361640 3.294593
v -2.232859 2.794070 -0.065023
v -1.632859 3.204869 0.501761
v -3.232857 1.799876 3.505358
v -2.832857 1.799876 3.505358
v -2.232857 1.987130 3.435103
v -2.232860 2.265901 -0.793746
v -2.232857 1.238113 3.716124
v -2.232857 1.612622 3.575614
v -2.832857 1.238113 3.716124
v -2.832860 2.794070 -0.065023
v -1.632860 2.265901 -0.793746
v -3.232859 2.425625 0.449029
v -3.232858 1.670479 0.812106
v -3.232858 1.200384 1.371735
v -3.232857 1.240605 2.184978
v -3.232857 1.682738 2.908468
v -1.632857 0.863604 3.856634
v -1.632857 1.612622 3.575614
v 1.632858 3.330519 -0.146601
v 1.632858 3.136194 -0.496226
v 3.232859 2.456457 0.339214
v 3.232859 1.737694 0.281077
v 2.032858 1.737694 0.281077
v 2.232858 1.932020 0.630702
v 1.632858 1.737696 0.281080
v 3.232859 -0.902362 -2.212845
v 3.232859 -1.050549 -1.631432
v 2.232859 -1.050549 -1.631433
v 2.232859 -0.662941 -1.532641
v 1.632859 -1.050549 -1.631433
v 2.032859 -0.275332 -1.433849
v 1.632859 -0.334013 -1.448806
v 2.032859 0.113125 -1.349218
v 1.632859 0.113624 -1.357540
v 2.032859 0.491668 -1.298659
v 1.632859 0.490852 -1.304855
v 2.032859 0.841436 -1.236542
v 1.632859 0.837867 -1.244222
v 2.032859 1.113873 -1.174360
v 1.632859 1.107198 -1.179977
v 2.032859 1.181666 -1.061488
v 1.632859 1.191145 -1.059093
v 2.032858 1.283829 -0.778364
v 1.632858 1.294319 -0.779223
v 2.032858 1.420605 -0.439474
v 2.032858 1.556597 -0.074479
v 1.632858 1.566431 -0.078889
v 3.232859 -0.211226 -2.191488
v 3.232859 -0.662941 -1.532641
v 3.232859 -0.275333 -1.433849
v 3.232859 0.112652 -1.341326
v 3.232859 0.850154 -1.806568
v 3.232859 0.492213 -1.294519
v 3.232859 0.842749 -1.233718
v 3.232859 1.370486 -1.406363
v 3.232859 1.114023 -1.174233
v 3.232859 1.181580 -1.061510
v 3.232859 1.823729 -0.918751
v 3.232859 1.280280 -0.778074
v 3.232859 1.415951 -0.438089
v 3.232859 2.339780 -0.282386
v 3.232859 1.548363 -0.070787
v 2.832859 -0.267775 -3.083075
v 3.232859 -0.267775 -3.083075
v 2.832859 0.119833 -2.984282
v 3.232859 0.119833 -2.984283
v 2.832859 0.507441 -2.885492
v 3.232859 0.507441 -2.885492
v 2.832859 0.939020 -2.794533
v 3.232859 0.943525 -2.795335
v 2.832859 1.365373 -2.676609
v 3.232859 1.372633 -2.675617
v 2.832859 1.814044 -2.488834
v 2.832859 2.270770 -2.069083
v 3.232859 2.266251 -2.078024
v 2.832859 2.540050 -1.648541
v 3.232859 2.538959 -1.657106
v 2.832859 2.751949 -1.252017
v 3.232859 2.752355 -1.257219
v 2.699554 2.941867 -0.845852
v 3.232859 2.941867 -0.845851
v 1.632859 0.046390 -2.284649
v 1.632859 -0.267775 -3.083076
v 1.632859 -0.655383 -3.181866
v 1.632859 0.119833 -2.984282
v 1.632859 0.518567 -2.889714
v 1.632859 1.311932 -1.799498
v 1.632859 0.954074 -2.797214
v 1.632859 1.384517 -2.673994
v 1.632859 1.831946 -2.476995
v 1.632859 2.261585 -2.087259
v 1.632858 1.448005 -0.391933
v 1.632859 2.537116 -1.671598
v 1.632859 2.753375 -1.270289
v 1.632859 2.945354 -0.862709
v 2.032859 3.136193 -0.496226
v 2.032859 2.942813 -0.850425
v 2.432858 2.941867 -0.845851
v 2.032859 2.752653 -1.261032
v 2.432859 2.751665 -1.248367
v 2.032859 2.538651 -1.659532
v 2.432859 2.540713 -1.643328
v 2.032859 2.266531 -2.077471
v 2.432859 2.273900 -2.062890
v 2.032859 1.821096 -2.483916
v 2.432859 1.808802 -2.492490
v 2.032859 1.374420 -2.675373
v 2.432859 1.360980 -2.677209
v 2.032859 0.946367 -2.795841
v 2.432859 0.934499 -2.793727
v 2.032859 0.508429 -2.885866
v 2.432859 0.507441 -2.885491
v 2.032859 0.119833 -2.984282
v 2.432859 0.119833 -2.984282
v 2.232859 -0.267775 -3.083075
v 2.232859 -0.655383 -3.181866
v 2.832859 1.737694 0.281077
v 2.832859 1.544837 -0.069206
v 2.432858 1.737694 0.281077
v 2.432858 1.543421 -0.068571
v 2.832859 1.412262 -0.436991
v 2.432858 1.410275 -0.436399
v 2.832859 1.273488 -0.777518
v 2.432858 1.269268 -0.777173
v 2.832859 1.173377 -1.063584
v 2.432858 1.167832 -1.064985
v 2.832859 1.119791 -1.169379
v 2.432859 1.123732 -1.166063
v 2.832859 0.845024 -1.228826
v 2.432859 0.846453 -1.225751
v 2.832859 0.492589 -1.291666
v 2.432859 0.492794 -1.290110
v 2.832859 0.112494 -1.338704
v 2.432859 0.112433 -1.337675
v 2.832859 -0.275332 -1.433849
v 2.432859 -0.275332 -1.433849
v 2.832859 -0.662941 -1.532641
v 2.532858 2.456457 0.339214
v 3.232858 1.932020 0.630703
v 2.032859 -0.902362 -2.212845
v 2.632859 -0.902362 -2.212845
v 3.232859 3.330519 -0.146601
v 2.532859 -0.754175 -2.794259
v 2.532859 2.980894 0.047725
v 3.232859 2.317455 -1.236824
v 3.232859 1.823818 -2.482595
v 3.232859 1.030646 -2.363794
v 3.232859 -0.655384 -3.181866
v 1.632858 1.932020 0.630703
v 1.596529 2.758180 -0.800000
v 1.596529 2.758181 0.800000
v 1.596529 1.458180 0.800000
v 1.596529 1.658181 -0.125000
v 1.596529 0.158180 0.800000
v 1.596529 0.583181 0.050000
v 1.596529 -0.816819 0.125000
v 1.596529 1.008181 -0.800000
v 1.596529 -2.041819 0.800000
v 1.596529 -0.641819 -0.800000
v 1.596529 -2.041819 -0.800000
v 1.596529 -2.041820 -0.200000
v -1.603471 1.658181 -0.125000
v -1.603471 2.758180 -0.800000
v -1.603471 2.758181 0.800000
v -1.603471 1.458181 -0.800000
v -1.603471 1.458180 0.800000
v -1.603471 0.158181 -0.800000
v -1.603471 0.583181 0.050000
v -1.603471 0.158180 0.800000
v -1.603471 -0.366819 0.050000
v -1.603471 -1.391819 0.100000
v -1.603471 -2.041819 -0.800000
v -0.903471 2.758180 0.000000
v 0.596529 2.758180 0.000000
v -0.253471 2.758180 -0.800000
v -0.253471 2.758181 0.800000
v -0.536818 -2.041819 0.800000
v -0.403471 -2.041820 0.800000
v 0.196529 -2.041820 0.800000
v 0.596529 -1.341819 0.800000
v -0.703471 0.158180 0.800000
v 0.596529 0.158180 0.800000
v 0.596529 1.908180 0.800000
v -0.703471 1.908180 0.800000
v -1.003471 -2.041820 -0.400000
v -0.136801 -2.041819 -0.800000
v -0.403471 -2.041820 -0.400000
v -0.003471 -2.041819 -0.800000
v -0.003471 -2.029031 -0.390788
v 0.696529 -2.041819 -0.800000
v 0.396528 -2.041820 -0.533343
v 0.396523 -2.041820 -0.133339
v -0.003471 -2.041820 -0.000000
v -0.403471 -2.041820 -0.000000
v -0.803471 -2.041820 -0.000000
v -1.603471 -2.041819 0.800000
v -0.803471 -2.041820 0.400000
v -0.403471 -2.040590 0.398312
v -0.003471 -2.041820 0.400000
v 0.796529 1.833181 -0.800000
v 0.596529 0.208181 -0.800000
v -0.703471 2.058180 -0.800000
v -0.903471 0.758181 -0.800000
v 0.596529 -1.341819 -0.800000
v -0.703471 -0.716819 -0.800000
vn 1.0000 -0.0000 -0.0000
vn 0.7071 0.7071 -0.0000
vn -1.0000 -0.0000 -0.0000
vn -0.7071 0.7071 -0.0000
vn -0.7071 -0.7071 -0.0000
vn -0.0000 1.0000 -0.0000
vn -0.0000 0.7071 0.7071
vn -0.0000 -0.0000 1.0000
vn -0.0000 -0.0000 -1.0000
vn -0.0000 -1.0000 -0.0000
vn -0.5773 0.8157 0.0357
vn -0.7089 0.4808 0.5160
vn 0.0011 0.6798 0.7334
vn -0.7065 0.5187 -0.4815
vn -0.0000 0.7373 -0.6756
vn 0.0006 -0.4382 -0.8989
vn 0.7049 -0.3106 -0.6377
vn -0.0000 -0.4471 -0.8945
vn -0.7037 -0.3073 -0.6405
vn -0.7022 -0.4923 -0.5143
vn -0.7125 -0.4909 -0.5014
vn 0.5774 0.0357 -0.8157
vn 0.0013 -0.6833 -0.7302
vn -0.0016 -0.6825 -0.7309
vn 0.7071 -0.3162 -0.6325
vn -0.7071 -0.3162 -0.6325
vn 0.0026 0.6913 0.7225
vn 0.0046 0.6927 0.7212
vn -0.0000 0.4471 0.8945
vn -0.0000 0.7339 -0.6793
vn 0.7071 0.5213 -0.4777
vn -0.0000 -0.8945 0.4471
vn -0.0000 0.6756 0.7373
vn -0.0002 0.6785 0.7346
vn -0.0002 0.6788 0.7343
vn -0.0000 0.0437 -0.9990
vn -0.0018 -0.6888 -0.7250
vn -0.0076 0.7355 -0.6774
vn 0.7096 -0.4902 -0.5062
vn 0.7039 -0.4874 -0.5167
vn 0.7071 -0.5233 -0.4755
vn -0.0000 -0.7401 -0.6725
vn 0.7341 0.5782 0.3562
vn 0.7071 0.5992 0.3755
vn 0.0008 0.6801 -0.7331
vn 0.0008 0.6804 -0.7328
vn -0.0000 0.6725 -0.7401
vn -0.0006 0.9749 -0.2228
vn -0.0000 0.5195 -0.8545
vn 0.0013 0.5048 -0.8632
vn -0.7048 0.4829 -0.5197
vn -0.7071 0.4755 -0.5233
vn -0.7094 0.4838 -0.5126
vn -0.6971 -0.4327 0.5717
vn -0.0006 0.5234 -0.8521
vn -0.0009 0.6803 -0.7329
vn -0.0000 -0.5310 0.8474
vn -0.0007 -0.5250 0.8511
vn -0.0012 -0.5232 0.8522
vn -0.0000 -0.6725 0.7401
vn 0.0005 0.9749 -0.2226
vn -0.0007 0.5209 -0.8536
vn 0.0002 0.8481 0.5298
vn -0.0000 0.8474 0.5310
vn -0.0004 0.8476 0.5307
vn 0.0237 0.8507 0.5252
vn 0.7064 0.6031 0.3704
vn -0.7067 0.5999 0.3752
vn -0.7071 0.5992 0.3755
vn 0.7071 0.4150 0.5725
vn -0.0000 0.5869 0.8097
vn -0.7071 0.4150 0.5725
vn 0.7071 0.2484 0.6620
vn 0.7116 0.5470 -0.4410
vn -0.6698 -0.7425 0.0080
vn -0.6905 -0.6996 0.1838
vn -0.0000 -0.5869 -0.8097
vn 0.0011 -0.5830 -0.8125
vn 0.0025 -0.5797 -0.8148
vn -0.0013 -0.5817 -0.8134
vn -0.0008 -0.5775 -0.8164
vn 0.0069 -0.5768 -0.8168
vn -0.0039 0.5351 0.8448
vn 0.0049 0.5296 0.8482
vn 0.0036 0.4502 0.8929
vn -0.0199 0.4474 0.8941
vn -0.0000 0.9363 -0.3513
vn -0.0000 0.3513 0.9363
vn -0.0000 0.1576 -0.9875
vn -0.0000 0.8097 -0.5869
vn 0.7071 -0.6621 0.2484
vn -0.7000 -0.6348 0.3270
vn -0.7071 0.6181 -0.3435
vn -0.7084 0.6198 -0.3375
vn -0.5773 -0.2242 0.7851
vn -0.0000 -0.2745 0.9616
vn -0.0000 0.4858 0.8741
vn -0.0037 -0.2272 0.9738
vn -0.7029 -0.1605 0.6930
vn -0.0000 -0.2470 0.9690
vn -0.6723 0.4057 -0.6192
vn -0.6911 0.2445 -0.6801
vn -0.7168 -0.6507 0.2506
vn 0.0009 0.8754 -0.4833
vn 0.0027 0.8900 -0.4560
vn 0.0118 0.8936 -0.4487
vn -0.0000 -0.8741 0.4858
vn 0.0012 -0.8756 0.4830
vn -0.0000 -0.8774 0.4798
vn -0.0034 -0.8843 0.4669
vn -0.0040 -0.8765 0.4814
vn -0.0000 -0.5106 -0.8598
vn -0.0000 -0.9690 -0.2470
vn -0.5774 -0.7020 0.4169
vn 0.6709 0.4041 -0.6217
vn 0.6920 0.2385 -0.6814
vn 0.7071 0.1746 -0.6852
vn 0.7071 -0.7071 -0.0000
vn 0.5773 -0.5774 0.5774
vn -0.0000 -0.7071 0.7071
vn -0.0066 -1.0000 -0.0047
vn -0.0012 -1.0000 -0.0004
vn -0.0026 -0.9999 -0.0143
vn -0.0093 -0.9999 0.0046
vn 0.0012 -1.0000 -0.0003
vn 0.0006 -0.7077 0.7065
vn -0.0047 -0.7160 -0.6981
vn 0.0065 -0.7136 -0.7005
vn 0.0010 0.4443 0.8959
vn 0.0017 0.4419 0.8970
vn 0.0060 0.4322 0.9018
vn 0.0061 0.4308 0.9024
vn 0.0044 0.4383 0.8988
vn 0.0037 0.4397 0.8981
vn 0.0028 0.4692 0.8831
vn 0.0021 0.4709 0.8822
vn 0.0008 0.5458 0.8379
vn 0.0003 0.5465 0.8375
vn 0.0032 0.6335 0.7738
vn 0.0022 0.6322 0.7748
vn 0.0039 0.6799 0.7333
vn 0.0051 0.6803 0.7329
vn 0.0032 0.6946 0.7194
vn 0.0043 0.6945 0.7195
vn 0.0038 0.6937 0.7202
vn 0.0029 -0.4227 -0.9063
vn 0.0026 -0.4232 -0.9060
vn 0.0026 -0.4224 -0.9064
vn 0.0016 -0.4561 -0.8899
vn 0.0024 -0.4553 -0.8904
vn 0.0012 -0.5645 -0.8254
vn 0.0016 -0.5641 -0.8257
vn 0.0045 -0.6654 -0.7465
vn 0.0070 -0.6633 -0.7483
vn 0.0059 -0.6951 -0.7189
vn 0.0084 -0.6944 -0.7196
vn 0.0068 -0.6941 -0.7198
vn -0.0119 -0.6963 -0.7177
vn -0.0113 -0.6912 -0.7226
vn -0.0056 -0.6928 -0.7211
vn -0.0116 -0.6927 -0.7212
vn -0.0087 -0.6596 -0.7516
vn -0.0034 -0.6953 -0.7188
vn -0.0077 -0.6626 -0.7490
vn -0.0019 -0.5638 -0.8259
vn -0.0018 -0.6663 -0.7457
vn -0.0025 -0.5643 -0.8255
vn -0.0024 -0.4593 -0.8883
vn -0.0015 -0.4552 -0.8904
vn -0.0000 -0.5646 -0.8254
vn -0.0068 -0.4247 -0.9053
vn -0.0050 -0.4579 -0.8890
vn -0.0027 -0.4226 -0.9063
vn -0.0081 -0.4220 -0.9066
vn -0.0054 -0.4264 -0.9045
vn -0.0044 -0.4245 -0.9054
vn -0.0013 -0.4332 -0.9013
vn -0.0064 -0.4205 -0.9073
vn -0.0012 -0.4381 -0.8989
vn -0.0009 0.6911 0.7228
vn -0.0010 0.6951 0.7189
vn -0.0009 0.6913 0.7225
vn 0.0023 0.6948 0.7192
vn -0.0016 0.6806 0.7327
vn -0.0013 0.6953 0.7187
vn 0.0026 0.6807 0.7326
vn -0.0014 0.6358 0.7718
vn -0.0018 0.6806 0.7326
vn 0.0014 0.6358 0.7718
vn -0.0002 0.5462 0.8377
vn -0.0015 0.6353 0.7723
vn -0.0004 0.5452 0.8383
vn -0.0015 0.4687 0.8833
vn 0.0003 0.5449 0.8385
vn -0.0016 0.4677 0.8839
vn -0.0023 0.4368 0.8996
vn 0.0012 0.4672 0.8841
vn -0.0019 0.4363 0.8998
vn -0.0031 0.4335 0.9011
vn 0.0020 0.4365 0.8997
vn -0.0020 0.4344 0.9007
vn -0.0008 0.4455 0.8953
vn 0.0023 0.4344 0.9007
vn -0.0002 0.4464 0.8948
vn -0.0000 0.4469 0.8946
vn -0.0000 0.7442 -0.6679
vn -0.0007 0.7412 -0.6712
vn -0.0000 0.7340 -0.6791
vn -0.0021 0.7333 -0.6799
vn -0.0026 0.7390 -0.6737
vn -0.0194 0.7330 -0.6799
vn -0.0000 0.7462 -0.6657
vn -0.7063 0.5996 0.3764
vn 0.0001 -0.5310 0.8473
vn -0.0000 0.5310 -0.8474
vn 0.0011 -0.6795 0.7337
vn 0.0035 -0.6839 0.7296
vn 0.0041 -0.6849 0.7286
vn 0.0030 -0.6778 0.7353
vn 0.0026 -0.6771 0.7359
vn 0.0020 -0.6569 0.7540
vn -0.7015 -0.4676 0.5379
vn 0.0004 -0.6041 0.7969
vn 0.0018 -0.5487 0.8360
vn -0.7014 -0.3918 0.5954
vn 0.0027 -0.5258 0.8506
vn 0.0031 -0.5249 0.8512
vn 0.0042 -0.5167 0.8562
vn 0.0040 -0.5176 0.8556
vn 0.0012 -0.5231 0.8523
vn 0.0006 -0.5245 0.8514
vn 0.0001 -0.5310 0.8474
vn 0.0040 0.6863 -0.7273
vn 0.0040 0.6857 -0.7279
vn 0.0036 0.6820 -0.7313
vn 0.0034 0.6826 -0.7307
vn 0.0026 0.6626 -0.7490
vn 0.0023 0.6635 -0.7482
vn 0.0013 0.6046 -0.7966
vn 0.0007 0.6045 -0.7966
vn 0.0024 0.5420 -0.8404
vn 0.0028 0.5430 -0.8397
vn 0.0032 0.5547 -0.8320
vn -0.0164 0.5377 -0.8429
vn 0.0047 0.4993 -0.8664
vn -0.0546 0.4961 -0.8665
vn -0.0038 0.5140 -0.8578
vn -0.0000 0.5197 -0.8543
vn -0.0038 0.5150 -0.8572
vn 0.0289 0.5069 -0.8615
vn -0.0035 0.5207 -0.8537
vn -0.0034 0.5200 -0.8542
vn 0.0103 0.5279 -0.8492
vn -0.0026 0.5429 -0.8398
vn -0.0024 0.5419 -0.8404
vn -0.0013 0.6044 -0.7967
vn -0.0000 0.5409 -0.8411
vn -0.0007 0.6045 -0.7966
vn -0.0025 0.6633 -0.7483
vn -0.0001 0.6644 -0.7474
vn -0.0000 0.6045 -0.7966
vn -0.0036 0.6825 -0.7308
vn -0.0028 0.6624 -0.7491
vn -0.0002 0.6832 -0.7302
vn -0.0043 0.6857 -0.7278
vn -0.0038 0.6819 -0.7315
vn -0.0003 0.6848 -0.7288
vn -0.0001 0.6788 -0.7343
vn -0.0000 -0.5261 0.8504
vn -0.0037 -0.5179 0.8554
vn -0.0000 -0.5186 0.8550
vn -0.0031 -0.5248 0.8512
vn -0.0043 -0.5167 0.8562
vn 0.0001 -0.5240 0.8517
vn -0.0020 -0.5486 0.8361
vn -0.0028 -0.5257 0.8507
vn -0.0000 -0.5476 0.8368
vn -0.0005 -0.6042 0.7968
vn -0.0016 -0.5496 0.8354
vn -0.0000 -0.6042 0.7968
vn -0.0015 -0.6562 0.7546
vn -0.0000 -0.6043 0.7968
vn -0.0019 -0.6570 0.7539
vn -0.0025 -0.6772 0.7357
vn 0.0001 -0.6578 0.7532
vn -0.0028 -0.6779 0.7352
vn -0.0039 -0.6848 0.7288
vn 0.0002 -0.6785 0.7346
vn -0.0032 -0.6838 0.7297
vn -0.0010 -0.6793 0.7339
vn 0.0001 -0.6784 0.7347
vn 0.0002 -0.6830 0.7304
vn 0.0004 -0.6785 0.7346
vn -0.0004 -0.6783 0.7348
vn 0.0002 0.8471 0.5314
vn -0.0013 0.8472 0.5313
vn 0.0092 0.8433 0.5374
vn 0.0034 0.8456 0.5338
vn 0.7040 0.5898 0.3957
vn -0.0059 0.9264 -0.3765
vn -0.0150 0.9183 -0.3956
vn -0.0454 0.8779 -0.4768
vn -0.0571 0.8677 -0.4938
vn -0.0504 0.8423 -0.5366
vn -0.0493 0.8394 -0.5412
vn -0.0642 0.7669 -0.6385
vn -0.0692 0.7603 -0.6459
vn -0.0189 0.9671 0.2535
vn -0.0783 0.9386 0.3360
vn 0.0159 0.2594 0.9656
vn 0.0015 0.1927 0.9812
vn -0.0131 0.3991 0.9168
vn -0.0131 0.3899 0.9208
vn -0.0218 0.4411 0.8972
vn -0.0059 0.5255 0.8508
vn 0.7261 0.5966 -0.3418
vn 0.7220 0.5841 -0.3707
vn -0.0013 -0.9326 0.3610
vn 0.7099 -0.6562 0.2559
vn -0.0066 -0.9223 0.3864
vn -0.0046 -0.9220 0.3872
vn -0.0046 -0.9327 0.3605
vn -0.0028 -0.9333 0.3592
vn -0.0038 -0.9670 0.2548
vn -0.0021 -0.9676 0.2524
vn -0.0036 -0.9999 0.0098
vn -0.0010 -0.9999 0.0105
vn 0.0063 -0.9312 -0.3646
vn 0.0022 -0.9245 -0.3811
vn 0.0052 -0.7508 -0.6605
vn 0.0008 -0.7411 -0.6713
vn -0.0025 -0.6286 -0.7777
vn -0.0045 -0.6226 -0.7826
vn -0.0102 -0.5749 -0.8182
vn -0.0091 -0.5757 -0.8176
vn -0.0029 -0.5784 -0.8158
vn 0.0039 -0.6211 -0.7837
vn 0.0089 -0.5754 -0.8178
vn -0.0007 -0.6172 -0.7868
vn -0.0007 -0.7398 -0.6728
vn 0.0021 -0.6265 -0.7794
vn -0.0002 -0.7336 -0.6795
vn -0.0021 -0.9240 -0.3825
vn -0.0053 -0.7490 -0.6626
vn -0.0000 -0.9203 -0.3913
vn 0.0034 -0.9999 0.0116
vn -0.0060 -0.9307 -0.3658
vn -0.0006 -0.9999 0.0163
vn 0.0029 -0.9667 0.2560
vn 0.0020 -0.9326 0.3610
vn -0.0009 -0.9657 0.2596
vn 0.0032 -0.9323 0.3617
vn 0.0029 -0.9227 0.3856
vn -0.0012 -0.9317 0.3631
vn 0.0043 -0.9229 0.3850
vn 0.0008 -0.9325 0.3613
vn -0.0014 -0.9233 0.3840
vn 0.0009 -0.9331 0.3597
vn -0.0000 -0.9363 0.3513
vn -0.0000 -0.9340 0.3574
vn 0.0287 0.4411 0.8970
vn 0.0071 0.5195 0.8544
vn 0.0188 0.3917 0.9199
vn 0.0261 0.4360 0.8996
vn 0.0046 0.3745 0.9272
vn 0.0036 0.2029 0.9792
vn 0.0152 0.4023 0.9154
vn 0.0031 -0.0838 0.9965
vn 0.0835 0.9380 0.3363
vn -0.0155 0.2719 0.9622
vn 0.0736 0.7672 -0.6372
vn 0.0197 0.9672 0.2531
vn 0.0020 0.8288 -0.5596
vn 0.0004 0.6010 0.7993
vn 0.0557 0.8429 -0.5352
vn 0.0044 0.8514 -0.5246
vn 0.0517 0.8757 -0.4801
vn 0.0164 0.9153 -0.4024
vn 0.0045 0.8870 -0.4618
vn 0.0074 0.9247 -0.3807
vn -0.0000 0.9329 -0.3600
vn -0.0174 -0.1724 0.9849
vn -0.0204 -0.1770 0.9840
vn -0.0165 -0.1537 0.9880
vn -0.0192 -0.1523 0.9881
vn -0.0163 -0.2025 0.9791
vn -0.0189 -0.2001 0.9796
vn -0.0046 -0.5581 0.8297
vn -0.0088 -0.5818 0.8133
vn -0.0113 -0.8912 0.4535
vn -0.0169 -0.9059 0.4233
vn -0.0283 -0.9331 0.3584
vn -0.7128 -0.6547 0.2516
vn -0.0247 -0.9321 0.3614
vn -0.0252 -0.9137 0.4056
vn -0.7052 -0.6504 0.2824
vn 0.7071 -0.1746 0.6852
vn -0.0000 0.2470 -0.9690
vn -0.0010 0.2258 -0.9742
vn -0.0005 0.2272 -0.9739
vn -0.0037 0.2356 -0.9718
vn -0.0040 0.2354 -0.9719
vn -0.0025 0.3264 -0.9452
vn -0.0008 0.5398 -0.8418
vn -0.0049 0.7655 -0.6434
vn 0.6774 0.5605 -0.4764
vn -0.0070 0.8620 -0.5068
vn -0.0063 0.8630 -0.5051
vn -0.0069 0.8954 -0.4451
vn -0.0047 0.8945 -0.4471
vn -0.0015 0.8911 -0.4538
vn -0.0006 0.8901 -0.4557
vn -0.0000 0.8741 -0.4858
vn -0.6778 0.5567 -0.4803
vn 0.0147 0.8942 -0.4474
vn 0.0176 0.8968 -0.4421
vn 0.0052 0.8942 -0.4477
vn 0.0128 0.8608 -0.5087
vn 0.0117 0.8928 -0.4503
vn 0.0057 0.8637 -0.5040
vn 0.0079 0.7614 -0.6482
vn 0.0099 0.8586 -0.5126
vn 0.0037 0.7678 -0.6407
vn 0.0008 0.5430 -0.8397
vn 0.0012 0.5370 -0.8436
vn 0.0047 0.3320 -0.9433
vn 0.0068 0.2408 -0.9705
vn 0.0028 0.3236 -0.9462
vn 0.0099 0.2362 -0.9716
vn 0.0132 0.2174 -0.9760
vn 0.0031 0.2349 -0.9720
vn 0.0074 0.2229 -0.9748
vn 0.0038 0.2426 -0.9701
vn 0.0005 0.2284 -0.9736
vn 0.0002 0.2464 -0.9692
vn 0.0072 -0.9122 0.4098
vn 0.0063 -0.9110 0.4124
vn 0.0081 -0.9338 0.3577
vn -0.0159 -0.9101 0.4141
vn -0.0124 -0.9325 0.3610
vn 0.0146 -0.9361 0.3515
vn 0.0096 -0.9349 0.3549
vn 0.0128 -0.9350 0.3544
vn 0.0076 -0.9087 0.4173
vn -0.0114 -0.9337 0.3579
vn 0.0106 -0.9208 0.3900
vn 0.0060 -0.6088 0.7933
vn -0.0060 -0.6311 0.7757
vn -0.0087 -0.9303 0.3667
vn 0.0081 -0.1942 0.9809
vn 0.0022 -0.5795 0.8150
vn -0.0073 -0.1962 0.9805
vn 0.0057 -0.1488 0.9888
vn 0.0098 -0.1936 0.9810
vn -0.0086 -0.1508 0.9885
vn 0.0043 -0.1811 0.9835
vn 0.0068 -0.1468 0.9891
vn -0.0119 -0.1835 0.9830
vn 0.0008 -0.2418 0.9703
vn 0.0049 -0.1791 0.9838
vn -0.0033 -0.2401 0.9707
vn -0.0000 -0.2395 0.9709
vn -0.0000 -0.8598 0.5106
vn -0.0005 -0.7079 0.7063
vn 0.0129 -0.9999 0.0034
vn -0.0002 -1.0000 0.0024
vn 0.0041 -1.0000 -0.0025
vn 0.0004 -1.0000 0.0004
vn -0.0002 -1.0000 -0.0006
vt 0.323000 0.300000
vt 0.298397 0.378437
vt 0.244774 0.300000
vt 0.353282 0.430000
vt 0.323000 0.430000
vt 0.353282 0.270000
vt 0.307860 0.270000
vt 0.262438 0.270000
vt 0.262438 0.430000
vt 0.230895 0.375000
vt 0.191782 0.270000
vt 0.191782 0.335000
vt 0.191782 0.380000
vt 0.191782 0.430000
vt 0.444125 0.270000
vt 0.403750 0.305000
vt 0.373469 0.270000
vt 0.411321 0.382500
vt 0.373469 0.360000
vt 0.534969 0.380000
vt 0.504688 0.327500
vt 0.534969 0.320000
vt 0.487024 0.400000
vt 0.534969 0.430000
vt 0.459266 0.362500
vt 0.141313 0.580000
vt 0.073180 0.560000
vt 0.141313 0.540000
vt 0.073180 0.485000
vt 0.010094 0.450000
vt 0.080750 0.450000
vt 0.441602 0.170000
vt 0.423938 0.135000
vt 0.489547 0.112500
vt 0.010094 0.542500
vt 0.373469 0.170000
vt 0.010094 0.610000
vt 0.534969 0.120000
vt 0.534969 0.075000
vt 0.418891 0.090000
vt 0.373469 0.075000
vt 0.403750 0.045000
vt 0.459266 0.060000
vt 0.504688 0.045000
vt 0.449172 0.030000
vt 0.464313 0.010000
vt 0.534969 0.010000
vt 0.045422 0.305000
vt 0.080750 0.270000
vt 0.100938 0.305000
vt 0.010094 0.430000
vt 0.045422 0.380000
vt 0.080750 0.430000
vt 0.141313 0.305000
vt 0.171594 0.270000
vt 0.171594 0.340000
vt 0.141313 0.380000
vt 0.171594 0.430000
vt 0.222063 0.490000
vt 0.252344 0.500000
vt 0.222063 0.510000
vt 0.302813 0.490000
vt 0.312907 0.520000
vt 0.282625 0.510000
vt 0.282625 0.530000
vt 0.302813 0.550000
vt 0.312907 0.580000
vt 0.282625 0.570000
vt 0.262438 0.545000
vt 0.252344 0.580000
vt 0.222063 0.530000
vt 0.222063 0.550000
vt 0.302813 0.470000
vt 0.333094 0.485000
vt 0.333094 0.560000
vt 0.282625 0.590000
vt 0.222063 0.570000
vt 0.222063 0.590000
vt 0.353282 0.520000
vt 0.353282 0.450000
vt 0.282625 0.450000
vt 0.262438 0.475000
vt 0.237204 0.450000
vt 0.222063 0.470000
vt 0.302813 0.610000
vt 0.242251 0.610000
vt 0.969719 0.090000
vt 0.955444 0.090000
vt 0.955444 0.063334
vt 0.373469 0.724142
vt 0.373469 0.710000
vt 0.393657 0.724142
vt 0.418891 0.560000
vt 0.373469 0.590000
vt 0.373469 0.570000
vt 0.406274 0.640000
vt 0.373469 0.630000
vt 0.373469 0.610000
vt 0.373469 0.650000
vt 0.373469 0.670000
vt 0.989906 0.730000
vt 0.989113 0.750000
vt 0.975631 0.705000
vt 0.698993 0.055000
vt 0.656095 0.070000
vt 0.656095 0.048442
vt 0.691423 0.120000
vt 0.656095 0.110000
vt 0.656095 0.090000
vt 0.656095 0.130000
vt 0.656095 0.210000
vt 0.656095 0.190000
vt 0.700255 0.197500
vt 0.454219 0.766569
vt 0.434032 0.794853
vt 0.413844 0.794853
vt 0.955444 0.405000
vt 0.941169 0.450000
vt 0.941169 0.370000
vt 0.801291 0.830000
vt 0.815566 0.843334
vt 0.801291 0.850000
vt 0.156305 0.845000
vt 0.170580 0.810000
vt 0.170580 0.890000
vt 0.413844 0.724142
vt 0.454219 0.710000
vt 0.463640 0.734513
vt 0.184854 0.845000
vt 0.184854 0.810000
vt 0.969719 0.010000
vt 0.955444 0.030000
vt 0.955444 0.010000
vt 0.373469 0.766569
vt 0.393657 0.794853
vt 0.373469 0.794853
vt 0.865107 0.500000
vt 0.886519 0.515000
vt 0.865108 0.530000
vt 0.024368 0.910000
vt 0.010094 0.930000
vt 0.010094 0.910000
vt 0.434032 0.738284
vt 0.736845 0.230000
vt 0.736845 0.210000
vt 0.736845 0.190000
vt 0.736845 0.170000
vt 0.736845 0.150000
vt 0.736845 0.130000
vt 0.686376 0.010000
vt 0.716657 0.010000
vt 0.454219 0.630000
vt 0.454219 0.650000
vt 0.454219 0.570000
vt 0.454219 0.550000
vt 0.454219 0.530000
vt 0.454219 0.510000
vt 0.408798 0.490000
vt 0.454219 0.488888
vt 0.423938 0.450000
vt 0.393657 0.450000
vt 0.260706 0.962132
vt 0.246431 0.962132
vt 0.260706 0.942132
vt 0.590485 0.320000
vt 0.555157 0.310000
vt 0.555157 0.270000
vt 0.608150 0.401250
vt 0.555157 0.410000
vt 0.555157 0.390000
vt 0.595700 0.510674
vt 0.555157 0.450000
vt 0.555157 0.430000
vt 0.555157 0.470000
vt 0.555157 0.510000
vt 0.872245 0.070000
vt 0.871202 0.090000
vt 0.857970 0.060000
vt 0.752554 0.840000
vt 0.738279 0.870000
vt 0.738279 0.850000
vt 0.635907 0.211504
vt 0.635907 0.250000
vt 0.615719 0.250000
vt 0.590485 0.180000
vt 0.635907 0.170000
vt 0.635907 0.190000
vt 0.555125 0.129995
vt 0.635907 0.130000
vt 0.635907 0.150000
vt 0.738279 0.830000
vt 0.871172 0.010000
vt 0.872245 0.030000
vt 0.857970 0.030000
vt 0.387744 0.923137
vt 0.373469 0.903137
vt 0.387744 0.878137
vt 0.211969 0.819706
vt 0.232157 0.847990
vt 0.211969 0.847990
vt 0.947502 0.810000
vt 0.933227 0.840000
vt 0.933227 0.790000
vt 0.260706 0.922132
vt 0.246431 0.912132
vt 0.260706 0.902132
vt 0.259013 0.819706
vt 0.252344 0.833848
vt 0.272532 0.833848
vt 0.589619 0.950000
vt 0.589619 0.943332
vt 0.603894 0.950000
vt 0.857970 0.705000
vt 0.872245 0.690000
vt 0.872245 0.710000
vt 0.879382 0.730000
vt 0.272532 0.791421
vt 0.252344 0.791421
vt 0.232157 0.791421
vt 0.211969 0.805564
vt 0.211969 0.791421
vt 0.555157 0.030000
vt 0.602262 0.010000
vt 0.555157 0.050000
vt 0.555157 0.070000
vt 0.604364 0.087500
vt 0.555157 0.090000
vt 0.555157 0.210000
vt 0.555157 0.230000
vt 0.585438 0.250000
vt 0.635907 0.390000
vt 0.635907 0.370000
vt 0.635907 0.350000
vt 0.635907 0.330000
vt 0.635907 0.308539
vt 0.635907 0.270000
vt 0.585438 0.270000
vt 0.292719 0.786706
vt 0.387744 0.843137
vt 0.402019 0.878137
vt 0.879382 0.670000
vt 0.886519 0.690000
vt 0.555157 0.010000
vt 0.595532 0.740000
vt 0.555157 0.770000
vt 0.555157 0.750000
vt 0.727468 0.935000
vt 0.741743 0.970000
vt 0.727468 0.970000
vt 0.595532 0.560000
vt 0.555157 0.570000
vt 0.555157 0.530000
vt 0.598056 0.643750
vt 0.555157 0.650000
vt 0.555157 0.630000
vt 0.555157 0.730000
vt 0.756996 0.630000
vt 0.757032 0.610000
vt 0.777220 0.600000
vt 0.777220 0.700000
vt 0.757032 0.710000
vt 0.757032 0.690000
vt 0.782267 0.740000
vt 0.757032 0.770000
vt 0.757032 0.730000
vt 0.341456 0.630000
vt 0.312907 0.656666
vt 0.312907 0.630000
vt 0.327181 0.680000
vt 0.312907 0.690000
vt 0.058831 0.863334
vt 0.073106 0.850000
vt 0.073106 0.870000
vt 0.935256 0.315000
vt 0.920982 0.323333
vt 0.920982 0.290000
vt 0.906707 0.310000
vt 0.906707 0.330000
vt 0.835753 0.790000
vt 0.850028 0.820000
vt 0.835753 0.820000
vt 0.920982 0.590000
vt 0.906707 0.570000
vt 0.920982 0.570000
vt 0.727468 0.890000
vt 0.741743 0.890000
vt 0.660993 0.870000
vt 0.675268 0.850000
vt 0.675268 0.870000
vt 0.341456 0.830000
vt 0.334319 0.860000
vt 0.312907 0.830000
vt 0.837782 0.750000
vt 0.812548 0.740000
vt 0.837782 0.730000
vt 0.807501 0.700000
vt 0.817595 0.655000
vt 0.787313 0.660000
vt 0.837782 0.650000
vt 0.837782 0.630000
vt 0.807501 0.600000
vt 0.837782 0.610000
vt 0.837782 0.590000
vt 0.782267 0.560000
vt 0.777220 0.530000
vt 0.807501 0.530000
vt 0.635907 0.770000
vt 0.635907 0.730000
vt 0.635907 0.710000
vt 0.600579 0.700000
vt 0.635907 0.690000
vt 0.635907 0.530000
vt 0.595532 0.530000
vt 0.575345 0.530000
vt 0.660993 0.790000
vt 0.675268 0.820000
vt 0.660993 0.820000
vt 0.837782 0.770000
vt 0.757032 0.290000
vt 0.837782 0.270000
vt 0.837782 0.290000
vt 0.555157 0.970000
vt 0.555157 0.940000
vt 0.569432 0.925000
vt 0.272532 0.700711
vt 0.292719 0.702852
vt 0.262438 0.714853
vt 0.698993 0.736250
vt 0.736845 0.710000
vt 0.736845 0.730000
vt 0.706563 0.680000
vt 0.736845 0.670000
vt 0.736845 0.690000
vt 0.802454 0.465000
vt 0.837782 0.470000
vt 0.837782 0.490000
vt 0.837797 0.390000
vt 0.837782 0.410000
vt 0.797407 0.397500
vt 0.755986 0.329770
vt 0.837782 0.330000
vt 0.837782 0.350000
vt 0.837782 0.310000
vt 0.920982 0.130000
vt 0.906707 0.150000
vt 0.906707 0.130000
vt 0.555157 0.890000
vt 0.569432 0.890000
vt 0.638356 0.890000
vt 0.624081 0.910000
vt 0.624081 0.890000
vt 0.638356 0.940000
vt 0.624081 0.950000
vt 0.624081 0.930000
vt 0.920982 0.110000
vt 0.935256 0.110000
vt 0.211969 0.962132
vt 0.226244 0.942132
vt 0.226244 0.962132
vt 0.920982 0.750000
vt 0.906707 0.705000
vt 0.920982 0.670000
vt 0.757032 0.390000
vt 0.757032 0.410000
vt 0.757032 0.430000
vt 0.757032 0.450000
vt 0.757032 0.473028
vt 0.757032 0.510000
vt 0.837782 0.510000
vt 0.696470 0.560000
vt 0.706563 0.600000
vt 0.676282 0.600000
vt 0.656095 0.590000
vt 0.656095 0.610000
vt 0.716657 0.640000
vt 0.656082 0.650000
vt 0.656095 0.670000
vt 0.676282 0.680000
vt 0.656095 0.710000
vt 0.656095 0.730000
vt 0.706563 0.770000
vt 0.656095 0.770000
vt 0.702778 0.455000
vt 0.656095 0.510000
vt 0.656095 0.445000
vt 0.736845 0.510000
vt 0.736845 0.422500
vt 0.693946 0.401250
vt 0.656095 0.380000
vt 0.736845 0.340000
vt 0.690161 0.331250
vt 0.736845 0.270000
vt 0.706563 0.270000
vt 0.656095 0.270000
vt 0.791099 0.195000
vt 0.757032 0.250000
vt 0.757032 0.185000
vt 0.837782 0.185000
vt 0.799931 0.141250
vt 0.799931 0.093750
vt 0.837782 0.120000
vt 0.757032 0.120000
vt 0.757032 0.010000
vt 0.090844 0.722500
vt 0.050469 0.680000
vt 0.090844 0.630000
vt 0.050469 0.755000
vt 0.010094 0.722500
vt 0.010094 0.630000
vt 0.010094 0.790000
vt 0.090844 0.790000
vt 0.302813 0.045000
vt 0.282625 0.010000
vt 0.353282 0.010000
vt 0.353282 0.250000
vt 0.302813 0.207500
vt 0.353282 0.185000
vt 0.259915 0.250000
vt 0.237204 0.207500
vt 0.191782 0.250000
vt 0.131219 0.760000
vt 0.191781 0.790000
vt 0.111031 0.790000
vt 0.144676 0.690000
vt 0.171594 0.710000
vt 0.151406 0.710000
vt 0.141313 0.630000
vt 0.191781 0.630000
vt 0.130546 0.692000
vt 0.191781 0.700000
vt 0.171594 0.750000
vt 0.191781 0.736667
vt 0.078226 0.010000
vt 0.131219 0.056250
vt 0.055515 0.045000
vt 0.171594 0.097500
vt 0.121125 0.137500
vt 0.010094 0.075000
vt 0.045422 0.110000
vt 0.010094 0.140000
vt 0.010094 0.010000
vt 0.055515 0.183750
vt 0.171594 0.180000
vt 0.121125 0.215000
vt 0.010094 0.250000
vt 0.171594 0.250000
vt 0.126172 0.250000
vt 0.090844 0.250000
vt 0.070656 0.250000
vt 0.353282 0.360000
vt 0.454219 0.305000
vt 0.534969 0.270000
vt 0.469360 0.430000
vt 0.423938 0.430000
vt 0.373469 0.300000
vt 0.080750 0.610000
vt 0.373469 0.430000
vt 0.171594 0.540000
vt 0.171594 0.610000
vt 0.141313 0.610000
vt 0.141313 0.450000
vt 0.373469 0.120000
vt 0.534969 0.170000
vt 0.373469 0.010000
vt 0.100938 0.380000
vt 0.010094 0.360000
vt 0.010094 0.270000
vt 0.191782 0.450000
vt 0.353282 0.610000
vt 0.191781 0.520000
vt 0.191781 0.610000
vt 0.403750 0.690000
vt 0.373469 0.690000
vt 0.676282 0.250000
vt 0.656095 0.250000
vt 0.857970 0.450000
vt 0.872245 0.430000
vt 0.872245 0.450000
vt 0.184854 0.890000
vt 0.156305 0.810000
vt 0.886519 0.430000
vt 0.886519 0.450000
vt 0.935256 0.010000
vt 0.920982 0.030000
vt 0.920982 0.010000
vt 0.906707 0.030000
vt 0.906707 0.010000
vt 0.474407 0.830000
vt 0.488682 0.810000
vt 0.488682 0.830000
vt 0.502956 0.810000
vt 0.502956 0.830000
vt 0.517231 0.830000
vt 0.517231 0.810000
vt 0.787016 0.870000
vt 0.772742 0.850000
vt 0.787016 0.850000
vt 0.801291 0.870000
vt 0.815566 0.870000
vt 0.373469 0.470000
vt 0.373469 0.450000
vt 0.373469 0.530000
vt 0.373469 0.510000
vt 0.373469 0.490000
vt 0.373469 0.550000
vt 0.327181 0.810000
vt 0.312907 0.790000
vt 0.327181 0.790000
vt 0.955444 0.450000
vt 0.341456 0.810000
vt 0.341456 0.790000
vt 0.981964 0.870000
vt 0.967690 0.850000
vt 0.981964 0.850000
vt 0.707281 0.890000
vt 0.693006 0.910000
vt 0.693006 0.890000
vt 0.989906 0.470000
vt 0.975631 0.490000
vt 0.975631 0.470000
vt 0.523144 0.850000
vt 0.508869 0.870000
vt 0.508869 0.850000
vt 0.454219 0.823137
vt 0.434032 0.808995
vt 0.454219 0.808995
vt 0.454219 0.794853
vt 0.656095 0.010000
vt 0.656095 0.150000
vt 0.656095 0.170000
vt 0.373469 0.808995
vt 0.393657 0.808995
vt 0.373469 0.823137
vt 0.413844 0.808995
vt 0.393657 0.823137
vt 0.434032 0.823137
vt 0.508869 0.910000
vt 0.523144 0.930000
vt 0.508869 0.930000
vt 0.508869 0.890000
vt 0.523144 0.910000
vt 0.523144 0.870000
vt 0.975631 0.530000
vt 0.989906 0.550000
vt 0.975631 0.550000
vt 0.975631 0.510000
vt 0.989906 0.530000
vt 0.989906 0.490000
vt 0.693006 0.950000
vt 0.707281 0.970000
vt 0.693006 0.970000
vt 0.707281 0.930000
vt 0.693006 0.930000
vt 0.967690 0.810000
vt 0.981964 0.790000
vt 0.981964 0.810000
vt 0.967690 0.830000
vt 0.981964 0.830000
vt 0.327181 0.750000
vt 0.341456 0.730000
vt 0.341456 0.750000
vt 0.327181 0.770000
vt 0.341456 0.770000
vt 0.312907 0.750000
vt 0.327181 0.730000
vt 0.312907 0.770000
vt 0.801291 0.810000
vt 0.815566 0.790000
vt 0.815566 0.810000
vt 0.988794 0.670000
vt 0.989906 0.690000
vt 0.989906 0.710000
vt 0.955444 0.370000
vt 0.787016 0.810000
vt 0.801291 0.790000
vt 0.787016 0.830000
vt 0.772742 0.810000
vt 0.787016 0.790000
vt 0.772742 0.830000
vt 0.502956 0.770000
vt 0.517231 0.750000
vt 0.517231 0.770000
vt 0.502956 0.790000
vt 0.517231 0.790000
vt 0.488682 0.750000
vt 0.502956 0.750000
vt 0.488682 0.770000
vt 0.474407 0.750000
vt 0.488682 0.790000
vt 0.474407 0.770000
vt 0.474407 0.810000
vt 0.906707 0.070000
vt 0.920982 0.090000
vt 0.906707 0.090000
vt 0.906707 0.050000
vt 0.920982 0.070000
vt 0.935256 0.090000
vt 0.920982 0.050000
vt 0.935256 0.070000
vt 0.935256 0.030000
vt 0.886519 0.390000
vt 0.872245 0.370000
vt 0.886519 0.370000
vt 0.886519 0.410000
vt 0.872245 0.390000
vt 0.857970 0.370000
vt 0.857970 0.415000
vt 0.872245 0.410000
vt 0.156305 0.890000
vt 0.010094 0.960000
vt 0.886519 0.550000
vt 0.413844 0.752426
vt 0.393657 0.752426
vt 0.413844 0.738284
vt 0.393657 0.738284
vt 0.434032 0.752426
vt 0.736845 0.090000
vt 0.736845 0.110000
vt 0.736845 0.030000
vt 0.736845 0.050000
vt 0.736845 0.070000
vt 0.454219 0.590000
vt 0.454219 0.610000
vt 0.373469 0.738284
vt 0.373469 0.752426
vt 0.886519 0.470000
vt 0.865108 0.470000
vt 0.024368 0.990000
vt 0.010094 0.990000
vt 0.716657 0.250000
vt 0.736845 0.250000
vt 0.696470 0.250000
vt 0.635907 0.050000
vt 0.615719 0.010000
vt 0.635907 0.010000
vt 0.292719 0.819706
vt 0.589619 0.890000
vt 0.603894 0.890000
vt 0.575345 0.510000
vt 0.933227 0.870000
vt 0.947502 0.850000
vt 0.947502 0.870000
vt 0.982979 0.910000
vt 0.968704 0.890000
vt 0.982979 0.890000
vt 0.857970 0.190000
vt 0.872245 0.170000
vt 0.872245 0.190000
vt 0.886519 0.170000
vt 0.886519 0.190000
vt 0.934242 0.970000
vt 0.948517 0.950000
vt 0.948517 0.970000
vt 0.955444 0.350000
vt 0.969719 0.330000
vt 0.969719 0.350000
vt 0.810668 0.890000
vt 0.796393 0.910000
vt 0.796393 0.890000
vt 0.872245 0.350000
vt 0.857970 0.330000
vt 0.872245 0.330000
vt 0.886519 0.350000
vt 0.886519 0.330000
vt 0.292719 0.847990
vt 0.272532 0.862132
vt 0.272532 0.847990
vt 0.292719 0.833848
vt 0.555157 0.350000
vt 0.555157 0.370000
vt 0.555157 0.330000
vt 0.373469 0.873137
vt 0.373469 0.843137
vt 0.886519 0.090000
vt 0.886519 0.070000
vt 0.436481 0.843137
vt 0.450756 0.863137
vt 0.436481 0.863137
vt 0.422206 0.843137
vt 0.422206 0.863137
vt 0.488682 0.730000
vt 0.474407 0.710000
vt 0.488682 0.710000
vt 0.502956 0.710000
vt 0.502956 0.730000
vt 0.517231 0.710000
vt 0.517231 0.730000
vt 0.709730 0.870000
vt 0.724005 0.850000
vt 0.724005 0.870000
vt 0.635907 0.110000
vt 0.635907 0.070000
vt 0.635907 0.090000
vt 0.738279 0.810000
vt 0.724005 0.790000
vt 0.738279 0.790000
vt 0.724005 0.810000
vt 0.724005 0.830000
vt 0.709730 0.790000
vt 0.709730 0.810000
vt 0.709730 0.830000
vt 0.517231 0.670000
vt 0.502956 0.650000
vt 0.517231 0.650000
vt 0.517231 0.690000
vt 0.502956 0.670000
vt 0.488682 0.650000
vt 0.502956 0.690000
vt 0.488682 0.670000
vt 0.474407 0.670000
vt 0.474407 0.690000
vt 0.488682 0.690000
vt 0.436481 0.903137
vt 0.422206 0.923137
vt 0.422206 0.903137
vt 0.436481 0.883137
vt 0.422206 0.883137
vt 0.450756 0.903137
vt 0.436481 0.923137
vt 0.450756 0.883137
vt 0.886519 0.010000
vt 0.886519 0.030000
vt 0.872245 0.050000
vt 0.886519 0.050000
vt 0.373469 0.923137
vt 0.252344 0.847990
vt 0.232157 0.862132
vt 0.252344 0.862132
vt 0.872245 0.290000
vt 0.886519 0.270000
vt 0.886519 0.290000
vt 0.872245 0.310000
vt 0.886519 0.310000
vt 0.857970 0.290000
vt 0.872245 0.270000
vt 0.857970 0.310000
vt 0.810668 0.950000
vt 0.796393 0.970000
vt 0.796393 0.950000
vt 0.810668 0.930000
vt 0.796393 0.930000
vt 0.969719 0.290000
vt 0.955444 0.270000
vt 0.969719 0.270000
vt 0.969719 0.310000
vt 0.955444 0.290000
vt 0.955444 0.330000
vt 0.948517 0.910000
vt 0.934242 0.890000
vt 0.948517 0.890000
vt 0.948517 0.930000
vt 0.934242 0.910000
vt 0.934242 0.950000
vt 0.886519 0.130000
vt 0.872245 0.110000
vt 0.886519 0.110000
vt 0.886519 0.150000
vt 0.872245 0.130000
vt 0.857970 0.110000
vt 0.857970 0.150000
vt 0.872245 0.150000
vt 0.857970 0.170000
vt 0.982979 0.950000
vt 0.968704 0.970000
vt 0.968704 0.950000
vt 0.246431 0.882132
vt 0.967207 0.930000
vt 0.968704 0.910000
vt 0.947502 0.830000
vt 0.589619 0.970000
vt 0.886519 0.710000
vt 0.402019 0.923137
vt 0.857970 0.750000
vt 0.879382 0.750000
vt 0.265801 0.763137
vt 0.272532 0.777279
vt 0.252344 0.777279
vt 0.232157 0.777279
vt 0.211969 0.763137
vt 0.555157 0.110000
vt 0.555157 0.150000
vt 0.555157 0.190000
vt 0.555157 0.170000
vt 0.635907 0.450000
vt 0.635907 0.470000
vt 0.635907 0.410000
vt 0.635907 0.430000
vt 0.292719 0.777279
vt 0.272532 0.763137
vt 0.292719 0.763137
vt 0.857970 0.670000
vt 0.615720 0.510000
vt 0.635907 0.510000
vt 0.920982 0.620000
vt 0.906707 0.650000
vt 0.906707 0.620000
vt 0.341456 0.680000
vt 0.341456 0.710000
vt 0.850028 0.870000
vt 0.864303 0.850000
vt 0.864303 0.870000
vt 0.850028 0.850000
vt 0.835753 0.870000
vt 0.474407 0.630000
vt 0.488682 0.610000
vt 0.488682 0.630000
vt 0.502956 0.610000
vt 0.502956 0.630000
vt 0.517231 0.630000
vt 0.517231 0.610000
vt 0.531506 0.630000
vt 0.531506 0.610000
vt 0.879592 0.970000
vt 0.865317 0.950000
vt 0.879592 0.950000
vt 0.989906 0.450000
vt 0.975631 0.430000
vt 0.989906 0.430000
vt 0.955444 0.650000
vt 0.941169 0.630000
vt 0.955444 0.630000
vt 0.920982 0.350000
vt 0.935256 0.350000
vt 0.555157 0.590000
vt 0.555057 0.610022
vt 0.555157 0.670000
vt 0.555157 0.690000
vt 0.555157 0.710000
vt 0.646718 0.810000
vt 0.646718 0.790000
vt 0.906707 0.450000
vt 0.920982 0.430000
vt 0.920982 0.450000
vt 0.914054 0.890000
vt 0.899780 0.910000
vt 0.899780 0.890000
vt 0.531506 0.450000
vt 0.517231 0.470000
vt 0.517231 0.450000
vt 0.502956 0.470000
vt 0.502956 0.450000
vt 0.488682 0.450000
vt 0.488682 0.470000
vt 0.474407 0.450000
vt 0.474407 0.470000
vt 0.845130 0.970000
vt 0.830855 0.950000
vt 0.845130 0.950000
vt 0.073106 0.810000
vt 0.087380 0.830000
vt 0.073106 0.830000
vt 0.058831 0.810000
vt 0.058831 0.830000
vt 0.312907 0.710000
vt 0.757032 0.550000
vt 0.757032 0.530000
vt 0.757032 0.570000
vt 0.757032 0.590000
vt 0.757032 0.650000
vt 0.757032 0.670000
vt 0.058831 0.890000
vt 0.087380 0.870000
vt 0.073106 0.890000
vt 0.087380 0.850000
vt 0.830855 0.910000
vt 0.845130 0.890000
vt 0.845130 0.910000
vt 0.830855 0.930000
vt 0.845130 0.930000
vt 0.488682 0.510000
vt 0.474407 0.530000
vt 0.474407 0.510000
vt 0.488682 0.490000
vt 0.474407 0.490000
vt 0.502956 0.510000
vt 0.488682 0.530000
vt 0.502956 0.490000
vt 0.517231 0.530000
vt 0.502956 0.530000
vt 0.517231 0.510000
vt 0.531506 0.530000
vt 0.517231 0.490000
vt 0.531506 0.510000
vt 0.531506 0.470000
vt 0.899780 0.950000
vt 0.914054 0.970000
vt 0.899780 0.970000
vt 0.899780 0.930000
vt 0.914054 0.950000
vt 0.914054 0.910000
vt 0.920982 0.390000
vt 0.906707 0.370000
vt 0.920982 0.370000
vt 0.920982 0.410000
vt 0.906707 0.390000
vt 0.906707 0.430000
vt 0.646718 0.850000
vt 0.646718 0.830000
vt 0.646718 0.870000
vt 0.935256 0.270000
vt 0.906707 0.290000
vt 0.920982 0.270000
vt 0.941169 0.590000
vt 0.955444 0.570000
vt 0.955444 0.590000
vt 0.941169 0.610000
vt 0.955444 0.610000
vt 0.975631 0.390000
vt 0.989906 0.370000
vt 0.989906 0.390000
vt 0.975631 0.410000
vt 0.989906 0.410000
vt 0.865317 0.910000
vt 0.879592 0.890000
vt 0.879592 0.910000
vt 0.879592 0.930000
vt 0.517231 0.570000
vt 0.531506 0.550000
vt 0.531506 0.570000
vt 0.517231 0.590000
vt 0.531506 0.590000
vt 0.502956 0.570000
vt 0.517231 0.550000
vt 0.502956 0.590000
vt 0.488682 0.570000
vt 0.502956 0.550000
vt 0.474407 0.550000
vt 0.488682 0.550000
vt 0.488682 0.590000
vt 0.474407 0.570000
vt 0.474407 0.610000
vt 0.864303 0.790000
vt 0.864303 0.810000
vt 0.864303 0.830000
vt 0.312907 0.910000
vt 0.689542 0.820000
vt 0.689542 0.850000
vt 0.665681 0.910000
vt 0.672819 0.940000
vt 0.658544 0.940000
vt 0.038643 0.840000
vt 0.017231 0.870000
vt 0.017231 0.840000
vt 0.837782 0.710000
vt 0.038643 0.810000
vt 0.837782 0.670000
vt 0.837782 0.690000
vt 0.812548 0.560000
vt 0.837782 0.550000
vt 0.837782 0.570000
vt 0.635907 0.670000
vt 0.635907 0.610000
vt 0.635907 0.630000
vt 0.635907 0.650000
vt 0.635907 0.590000
vt 0.689542 0.790000
vt 0.635907 0.550000
vt 0.635907 0.570000
vt 0.334319 0.890000
vt 0.341456 0.910000
vt 0.672819 0.970000
vt 0.658544 0.970000
vt 0.736845 0.550000
vt 0.706563 0.530000
vt 0.736845 0.530000
vt 0.638356 0.970000
vt 0.624081 0.970000
vt 0.292719 0.728995
vt 0.242251 0.743137
vt 0.211969 0.743137
vt 0.211969 0.728995
vt 0.292719 0.686569
vt 0.272532 0.686569
vt 0.292719 0.672426
vt 0.272532 0.672426
vt 0.292719 0.658284
vt 0.272532 0.658284
vt 0.292719 0.644142
vt 0.272532 0.644142
vt 0.292719 0.630000
vt 0.272532 0.630000
vt 0.955444 0.190000
vt 0.969719 0.170000
vt 0.969719 0.190000
vt 0.761931 0.970000
vt 0.776205 0.950000
vt 0.776205 0.970000
vt 0.107568 0.890000
vt 0.121843 0.870000
vt 0.121843 0.890000
vt 0.136117 0.870000
vt 0.136117 0.890000
vt 0.736845 0.750000
vt 0.736845 0.650000
vt 0.736845 0.630000
vt 0.736845 0.610000
vt 0.736845 0.590000
vt 0.736845 0.570000
vt 0.906707 0.470000
vt 0.920982 0.490000
vt 0.906707 0.490000
vt 0.872245 0.650000
vt 0.886519 0.630000
vt 0.886519 0.650000
vt 0.955444 0.750000
vt 0.941169 0.730000
vt 0.955444 0.730000
vt 0.626531 0.790000
vt 0.612256 0.810000
vt 0.612256 0.790000
vt 0.597981 0.810000
vt 0.597981 0.790000
vt 0.583706 0.810000
vt 0.583706 0.790000
vt 0.569432 0.810000
vt 0.569432 0.790000
vt 0.555157 0.790000
vt 0.555157 0.810000
vt 0.975631 0.570000
vt 0.989906 0.590000
vt 0.975631 0.590000
vt 0.955444 0.550000
vt 0.941169 0.530000
vt 0.955444 0.530000
vt 0.837782 0.430000
vt 0.837782 0.450000
vt 0.908610 0.168667
vt 0.935256 0.190000
vt 0.906707 0.190000
vt 0.837782 0.370000
vt 0.941169 0.490000
vt 0.955444 0.470000
vt 0.955444 0.490000
vt 0.941169 0.510000
vt 0.955444 0.510000
vt 0.989906 0.630000
vt 0.975631 0.650000
vt 0.975631 0.630000
vt 0.989906 0.610000
vt 0.975631 0.610000
vt 0.569432 0.850000
vt 0.555157 0.870000
vt 0.555157 0.850000
vt 0.569432 0.830000
vt 0.555157 0.830000
vt 0.583706 0.870000
vt 0.583706 0.850000
vt 0.583706 0.830000
vt 0.597981 0.870000
vt 0.597981 0.850000
vt 0.612256 0.870000
vt 0.597981 0.830000
vt 0.612256 0.850000
vt 0.626531 0.870000
vt 0.612256 0.830000
vt 0.626531 0.850000
vt 0.626531 0.810000
vt 0.955444 0.690000
vt 0.941169 0.670000
vt 0.955444 0.670000
vt 0.955444 0.710000
vt 0.941169 0.690000
vt 0.941169 0.710000
vt 0.920982 0.550000
vt 0.906707 0.530000
vt 0.920982 0.520000
vt 0.906707 0.510000
vt 0.872245 0.570000
vt 0.886519 0.600000
vt 0.872245 0.600000
vt 0.136117 0.830000
vt 0.121843 0.810000
vt 0.136117 0.810000
vt 0.136117 0.850000
vt 0.121843 0.830000
vt 0.107568 0.830000
vt 0.121843 0.850000
vt 0.107568 0.850000
vt 0.776205 0.910000
vt 0.761931 0.890000
vt 0.776205 0.890000
vt 0.776205 0.930000
vt 0.761931 0.910000
vt 0.761931 0.950000
vt 0.969719 0.130000
vt 0.955444 0.110000
vt 0.969719 0.110000
vt 0.969719 0.150000
vt 0.955444 0.130000
vt 0.955444 0.170000
vt 0.232157 0.644142
vt 0.211969 0.630000
vt 0.232157 0.630000
vt 0.252344 0.644142
vt 0.252344 0.630000
vt 0.232157 0.658284
vt 0.211969 0.644142
vt 0.252344 0.658284
vt 0.232157 0.672426
vt 0.211969 0.658284
vt 0.252344 0.672426
vt 0.232157 0.686569
vt 0.211969 0.672426
vt 0.252344 0.686569
vt 0.232157 0.700711
vt 0.211969 0.686569
vt 0.252344 0.700711
vt 0.232157 0.714853
vt 0.211969 0.700711
vt 0.262438 0.728995
vt 0.211969 0.714853
vt 0.272532 0.743137
vt 0.891628 0.790000
vt 0.913040 0.825000
vt 0.891628 0.825000
vt 0.857970 0.615000
vt 0.211969 0.917132
vt 0.226244 0.912132
vt 0.757032 0.350000
vt 0.757032 0.310000
vt 0.757032 0.370000
vt 0.656095 0.570000
vt 0.656095 0.530000
vt 0.656095 0.630000
vt 0.656095 0.690000
vt 0.913040 0.870000
vt 0.891628 0.870000
vt 0.656095 0.750000
vt 0.226244 0.882132
vt 0.757032 0.270000
vt 0.837782 0.250000
vt 0.252344 0.010000
vt 0.245615 0.010000
vt 0.802454 0.042500
vt 0.837782 0.010000
vt 0.353282 0.120000
vt 0.302813 0.120000
vt 0.191782 0.010000
vt 0.237204 0.120000
vt 0.191782 0.120000
vt 0.191782 0.185000
vt 0.111031 0.730000
vt 0.131219 0.730000
vt 0.131219 0.710000
vt 0.111031 0.710000
vt 0.111031 0.675000
vt 0.151406 0.730000
vt 0.151406 0.750000
vt 0.171594 0.730000
vt 0.191781 0.730000
vt 0.171594 0.010000
vt 0.171594 0.450000
vt 0.772742 0.870000
vt 0.312907 0.810000
vt 0.967690 0.870000
vt 0.707281 0.910000
vt 0.413844 0.823137
vt 0.523144 0.890000
vt 0.989906 0.510000
vt 0.707281 0.950000
vt 0.967690 0.790000
vt 0.312907 0.730000
vt 0.772742 0.790000
vt 0.474407 0.790000
vt 0.935256 0.050000
vt 0.865108 0.550000
vt 0.736845 0.010000
vt 0.454219 0.450000
vt 0.454219 0.690000
vt 0.810668 0.910000
vt 0.857970 0.350000
vt 0.292719 0.862132
vt 0.450756 0.843137
vt 0.474407 0.730000
vt 0.709730 0.850000
vt 0.474407 0.650000
vt 0.450756 0.923137
vt 0.211969 0.862132
vt 0.857970 0.270000
vt 0.810668 0.970000
vt 0.955444 0.310000
vt 0.934242 0.930000
vt 0.857970 0.130000
vt 0.982979 0.970000
vt 0.260706 0.882132
vt 0.603894 0.970000
vt 0.211969 0.777279
vt 0.555157 0.250000
vt 0.920982 0.650000
vt 0.865317 0.970000
vt 0.975631 0.450000
vt 0.941169 0.650000
vt 0.906707 0.350000
vt 0.830855 0.970000
vt 0.087380 0.810000
vt 0.087380 0.890000
vt 0.830855 0.890000
vt 0.531506 0.490000
vt 0.914054 0.930000
vt 0.906707 0.410000
vt 0.906707 0.270000
vt 0.941169 0.570000
vt 0.975631 0.370000
vt 0.865317 0.890000
vt 0.865317 0.930000
vt 0.474407 0.590000
vt 0.689542 0.870000
vt 0.038643 0.890000
vt 0.837782 0.530000
vt 0.107568 0.870000
vt 0.736845 0.770000
vt 0.920982 0.470000
vt 0.941169 0.750000
vt 0.989906 0.570000
vt 0.941169 0.550000
vt 0.906707 0.110000
vt 0.941169 0.470000
vt 0.989906 0.650000
vt 0.569432 0.870000
vt 0.626531 0.830000
vt 0.906707 0.550000
vt 0.886519 0.570000
vt 0.107568 0.810000
vt 0.761931 0.930000
vt 0.955444 0.150000
vt 0.913040 0.790000
vt 0.211969 0.882132
vt 0.111031 0.630000
s 1
usemtl Material
f 2/1/1 8/2/1 4/3/1
f 3/4/2 34/5/2 8/2/1
f 5/6/1 2/1/1 6/7/1
f 4/3/1 9/8/1 6/7/1
f 7/9/2 10/10/1 8/2/1
f 9/8/1 4/3/1 44/11/1
f 4/3/1 11/12/1 44/11/1
f 10/10/1 12/13/1 11/12/1
f 10/10/1 13/14/1 12/13/1
f 14/15/3 16/16/3 30/17/4
f 25/18/3 28/19/3 16/16/3
f 20/20/3 18/21/3 19/22/5
f 20/20/3 21/23/3 18/21/3
f 23/24/3 21/23/3 20/20/3
f 21/23/3 22/25/3 18/21/3
f 29/26/6 32/27/6 31/28/6
f 35/29/6 13/30/6 7/31/2
f 36/32/7 37/33/8 38/34/8
f 32/27/6 36/35/7 35/29/6
f 36/32/7 27/36/7 37/33/8
f 27/37/7 36/35/7 32/27/6
f 12/38/8 38/34/8 11/39/8
f 37/33/8 39/40/8 38/34/8
f 39/40/8 24/41/8 40/42/8
f 39/40/8 40/42/8 42/43/8
f 38/34/8 42/43/8 41/44/8
f 42/43/8 40/42/8 43/45/8
f 41/44/8 45/46/8 44/47/8
f 48/48/9 1/49/9 47/50/9
f 30/51/9 50/52/9 14/53/9
f 46/54/9 5/55/9 52/56/9
f 51/57/9 52/56/9 53/58/9
f 56/59/10 57/60/10 55/61/10
f 61/62/10 62/63/10 59/64/10
f 59/64/10 62/63/10 60/65/10
f 64/66/10 72/67/10 63/68/10
f 60/65/10 64/66/10 65/69/10
f 65/69/10 63/68/10 74/70/10
f 54/71/10 65/69/10 66/72/10
f 70/73/10 68/74/10 61/62/10
f 61/62/10 68/74/10 62/63/10
f 64/66/10 69/75/10 72/67/10
f 62/63/10 69/75/10 64/66/10
f 63/68/10 72/67/10 73/76/10
f 67/77/10 74/70/10 75/78/10
f 68/74/10 45/79/10 69/75/10
f 44/80/10 68/74/10 70/73/10
f 9/81/10 70/73/10 58/82/10
f 6/83/10 58/82/10 71/84/10
f 73/76/10 20/85/10 19/86/5
f 82/87/11 83/88/12 173/89/13
f 87/90/14 82/91/11 86/92/15
f 113/93/1 117/94/1 116/95/1
f 118/96/1 120/97/1 119/98/1
f 118/96/1 121/99/1 120/97/1
f 118/96/1 81/100/1 121/99/1
f 124/101/16 125/102/17 122/103/18
f 142/104/3 143/105/3 141/106/19
f 144/107/3 146/108/3 145/109/3
f 144/107/3 147/110/3 146/108/3
f 78/111/20 151/112/21 149/113/3
f 204/114/22 140/115/23 153/116/24
f 122/117/18 123/118/25 170/119/26
f 174/120/27 173/121/13 107/122/28
f 88/123/29 90/124/29 85/125/29
f 191/126/30 192/127/31 80/128/31
f 194/129/32 90/124/32 193/130/32
f 192/131/33 171/132/34 81/133/35
f 192/131/33 173/89/13 171/132/34
f 77/134/36 152/135/37 78/136/20
f 77/134/36 204/114/22 152/135/37
f 195/137/32 194/138/32 196/139/32
f 170/140/32 196/141/32 197/142/32
f 203/143/38 191/126/30 80/128/31
f 83/144/12 149/113/3 108/145/3
f 108/145/3 149/113/3 106/146/3
f 106/146/3 149/113/3 104/147/3
f 102/148/3 144/107/3 100/149/3
f 142/104/3 197/150/3 193/151/3
f 139/152/39 79/153/40 118/96/1
f 133/154/1 113/93/1 131/155/1
f 131/155/1 113/93/1 129/156/1
f 127/157/1 109/158/1 125/159/17
f 205/160/1 109/158/1 84/161/1
f 218/162/41 241/163/41 217/164/42
f 240/165/1 242/166/1 241/167/41
f 245/168/1 248/169/1 247/170/1
f 251/171/43 250/172/1 249/173/1
f 251/171/43 252/174/1 250/172/1
f 251/171/43 213/175/44 252/174/1
f 255/176/45 256/177/46 254/178/47
f 329/179/48 211/180/49 271/181/50
f 274/182/51 273/183/52 272/184/3
f 275/185/3 277/186/3 276/187/53
f 278/188/54 280/189/3 279/190/3
f 329/179/48 271/181/50 286/191/55
f 274/192/51 301/193/56 303/194/47
f 273/195/52 303/196/47 253/197/47
f 213/198/57 304/199/58 252/200/59
f 323/201/60 219/202/60 241/203/60
f 327/204/42 219/205/42 326/206/42
f 324/207/57 305/208/57 304/199/58
f 324/207/57 214/209/57 305/208/57
f 328/210/61 329/211/48 285/212/62
f 330/213/42 331/214/42 332/215/42
f 330/213/42 332/215/42 326/216/42
f 335/217/63 324/207/64 336/218/65
f 338/219/66 212/220/67 251/221/43
f 216/222/3 341/223/68 239/224/3
f 237/225/3 281/226/3 235/227/3
f 224/228/3 274/182/51 221/229/3
f 274/182/51 272/184/3 325/230/3
f 264/231/1 245/168/1 262/232/1
f 260/233/1 240/165/1 258/234/1
f 258/234/1 240/165/1 256/235/1
f 340/236/1 240/165/1 218/237/41
f 341/238/68 324/207/64 335/217/63
f 340/239/42 330/240/42 253/197/42
f 218/241/41 217/242/42 331/214/42
f 215/243/69 341/223/68 216/222/3
f 380/244/1 461/245/70 343/246/70
f 440/247/71 344/248/72 345/249/72
f 368/250/1 370/251/1 369/252/73
f 373/253/1 375/254/1 374/255/74
f 380/244/1 343/246/70 381/256/1
f 410/257/75 409/258/76 407/259/3
f 414/260/3 416/261/3 415/262/3
f 417/263/3 342/264/3 418/265/3
f 342/266/77 419/267/78 418/268/79
f 419/267/78 420/269/77 401/270/80
f 419/271/78 422/272/81 421/273/82
f 440/274/71 366/275/83 441/276/84
f 443/277/85 366/275/83 364/278/86
f 369/279/87 458/280/87 459/281/87
f 463/282/88 349/283/88 462/284/88
f 343/285/70 461/286/70 440/247/71
f 439/287/88 468/288/88 403/289/88
f 470/290/89 460/291/90 461/292/90
f 345/293/72 471/294/3 367/295/3
f 472/296/3 417/263/3 414/260/3
f 473/297/3 472/296/3 411/298/3
f 359/299/3 473/297/3 357/300/3
f 410/257/75 407/259/3 474/301/3
f 355/302/3 474/301/3 353/303/3
f 404/304/3 403/305/3 462/306/3
f 470/307/1 380/244/1 402/308/1
f 400/309/1 377/310/1 398/311/1
f 476/312/91 368/250/1 477/313/1
f 368/250/1 346/314/73 477/313/1
f 476/315/88 466/316/88 382/317/88
f 345/293/72 344/318/72 471/294/3
f 471/294/3 342/264/3 417/263/3
f 484/319/92 478/320/93 479/321/94
f 608/322/95 483/323/96 597/324/97
f 490/325/98 491/326/99 488/327/100
f 507/328/1 510/329/1 509/330/1
f 511/331/1 513/332/1 512/333/1
f 541/334/3 544/335/3 542/336/3
f 549/337/101 548/338/102 546/339/3
f 551/340/103 553/341/3 552/342/3
f 484/319/92 479/321/94 554/343/3
f 555/344/104 557/345/105 556/346/106
f 597/324/97 598/347/97 480/348/97
f 598/349/107 576/350/108 481/351/109
f 483/352/96 482/353/110 578/354/111
f 479/355/94 478/356/93 555/344/104
f 543/357/112 599/358/113 489/359/114
f 478/360/97 603/361/97 601/362/97
f 499/363/3 546/339/3 497/364/3
f 497/364/3 546/339/3 495/365/3
f 493/366/3 541/334/3 491/367/99
f 489/368/114 541/334/3 543/369/3
f 520/370/1 517/371/1 604/372/1
f 538/373/1 604/372/1 536/374/1
f 517/371/1 514/375/1 605/376/115
f 531/377/116 605/376/115 606/378/1
f 606/378/1 605/376/115 511/331/1
f 527/379/1 507/328/1 525/380/1
f 507/328/1 485/381/1 607/382/117
f 612/383/1 610/384/1 611/385/1
f 609/386/1 612/383/1 616/387/1
f 612/383/1 611/385/1 614/388/1
f 614/388/1 611/385/1 613/389/1
f 616/387/1 612/383/1 614/388/1
f 618/390/1 615/391/1 619/392/1
f 619/392/1 615/391/1 620/393/118
f 615/391/1 617/394/119 620/393/118
f 621/395/3 622/396/3 624/397/3
f 625/398/3 621/395/3 627/399/3
f 629/400/3 628/401/3 627/399/3
f 629/400/3 626/402/3 631/403/3
f 634/404/6 633/405/6 609/406/6
f 632/407/6 635/408/7 633/405/6
f 633/405/6 610/409/6 609/406/6
f 623/410/7 635/408/7 632/407/6
f 622/411/6 632/407/6 634/404/6
f 639/412/8 638/413/120 617/414/119
f 610/415/8 642/416/8 611/417/8
f 635/418/7 643/419/8 642/416/8
f 635/418/7 623/420/7 643/419/8
f 644/421/10 655/422/120 631/423/10
f 651/424/121 658/425/122 652/426/123
f 620/427/118 617/428/119 650/429/124
f 617/428/119 638/430/120 651/424/121
f 651/424/121 638/430/120 658/425/122
f 656/431/125 636/432/126 655/422/120
f 634/433/9 659/434/9 661/435/9
f 659/434/9 616/436/9 660/437/9
f 624/438/9 662/439/9 626/440/9
f 622/441/9 661/435/9 624/438/9
f 662/439/9 660/437/9 664/442/9
f 660/437/9 618/443/9 663/444/9
f 626/440/9 664/442/9 631/445/9
f 663/444/9 619/446/9 649/447/9
f 647/448/127 663/444/9 649/447/9
f 664/442/9 663/444/9 645/449/128
f 664/442/9 645/449/128 631/445/9
f 16/16/3 22/25/3 25/18/3
f 1/450/1 3/4/2 8/2/1
f 6/7/1 2/1/1 4/3/1
f 34/5/2 7/9/2 8/2/1
f 4/3/1 10/10/1 11/12/1
f 8/2/1 10/10/1 4/3/1
f 7/9/2 13/14/1 10/10/1
f 14/15/3 15/451/3 16/16/3
f 15/451/3 53/452/5 18/21/3
f 25/18/3 24/453/3 26/454/3
f 30/17/4 16/16/3 17/455/4
f 18/21/3 22/25/3 15/451/3
f 53/452/5 19/22/5 18/21/3
f 16/16/3 28/19/3 17/455/4
f 21/23/3 23/24/3 24/453/3
f 21/23/3 25/18/3 22/25/3
f 29/26/6 28/456/6 32/27/6
f 25/18/3 26/454/3 27/457/3
f 25/18/3 27/457/3 28/19/3
f 33/458/6 29/26/6 31/28/6
f 30/459/4 17/460/4 29/26/6
f 34/461/2 33/458/6 31/28/6
f 28/456/6 27/37/7 32/27/6
f 35/29/6 31/28/6 32/27/6
f 39/40/8 26/462/8 24/41/8
f 34/461/2 35/29/6 7/31/2
f 13/463/8 36/32/7 38/34/8
f 35/29/6 36/35/7 13/30/6
f 37/33/8 27/36/7 26/462/8
f 12/38/8 13/463/8 38/34/8
f 23/464/8 43/45/8 40/42/8
f 11/39/8 38/34/8 41/44/8
f 38/34/8 39/40/8 42/43/8
f 44/47/8 11/39/8 41/44/8
f 41/44/8 42/43/8 43/45/8
f 40/42/8 24/41/8 23/464/8
f 41/44/8 43/45/8 45/46/8
f 46/54/9 1/49/9 5/55/9
f 49/465/9 48/48/9 47/50/9
f 51/57/9 47/50/9 46/54/9
f 48/48/9 33/466/9 3/467/9
f 48/48/9 3/467/9 1/49/9
f 51/57/9 14/53/9 49/465/9
f 30/51/9 33/466/9 50/52/9
f 54/71/10 57/60/10 65/69/10
f 14/53/9 50/52/9 49/465/9
f 51/57/9 46/54/9 52/56/9
f 60/65/10 57/60/10 59/64/10
f 57/60/10 58/82/10 59/64/10
f 74/70/10 66/72/10 65/69/10
f 58/82/10 61/62/10 59/64/10
f 60/65/10 62/63/10 64/66/10
f 65/69/10 64/66/10 63/68/10
f 56/59/10 58/82/10 57/60/10
f 56/59/10 5/468/10 71/84/10
f 62/63/10 68/74/10 69/75/10
f 58/82/10 70/73/10 61/62/10
f 74/70/10 63/68/10 73/76/10
f 69/75/10 45/79/10 23/469/10
f 68/74/10 44/80/10 45/79/10
f 9/81/10 44/80/10 70/73/10
f 6/83/10 9/81/10 58/82/10
f 5/468/10 6/83/10 71/84/10
f 67/77/10 52/470/10 66/72/10
f 52/470/10 56/59/10 55/61/10
f 52/470/10 55/61/10 54/71/10
f 52/470/10 54/71/10 66/72/10
f 23/469/10 72/67/10 69/75/10
f 53/471/5 67/77/10 75/78/10
f 53/471/5 75/78/10 19/86/5
f 75/78/10 74/70/10 19/86/5
f 74/70/10 73/76/10 19/86/5
f 73/76/10 72/67/10 20/85/10
f 81/100/1 80/472/31 192/473/31
f 76/474/3 77/475/3 78/111/20
f 89/476/29 91/477/129 92/478/130
f 194/129/32 84/479/32 85/125/32
f 88/123/29 89/480/29 90/124/29
f 92/478/130 93/481/131 94/482/132
f 94/483/132 95/484/133 96/485/134
f 96/485/134 97/486/135 98/487/136
f 98/488/136 99/489/137 100/490/138
f 100/490/138 101/491/139 102/492/140
f 104/493/141 101/491/139 103/494/142
f 106/495/143 103/496/142 105/497/144
f 108/498/145 105/497/144 107/122/28
f 83/499/12 107/122/28 173/121/13
f 84/161/1 110/500/1 85/501/1
f 109/158/1 114/502/1 112/503/1
f 109/158/1 111/504/1 110/500/1
f 109/158/1 112/503/1 111/504/1
f 119/98/1 113/93/1 118/96/1
f 113/93/1 115/505/1 114/502/1
f 113/93/1 116/95/1 115/505/1
f 127/506/146 124/507/16 126/508/147
f 123/118/25 122/117/18 125/509/17
f 129/510/146 126/508/147 128/511/148
f 131/512/149 128/513/148 130/514/150
f 131/515/149 132/516/151 133/517/152
f 133/518/152 134/519/153 135/520/154
f 135/521/154 136/522/155 137/523/156
f 137/524/156 138/525/157 139/526/39
f 139/526/39 140/115/23 79/527/40
f 197/150/3 141/106/19 170/528/26
f 140/115/23 204/114/22 79/527/40
f 145/109/3 142/104/3 144/107/3
f 148/529/3 149/113/3 150/530/3
f 144/107/3 148/529/3 147/110/3
f 152/135/37 151/531/21 78/136/20
f 149/113/3 151/112/21 150/530/3
f 152/135/37 204/114/22 153/116/24
f 153/116/24 154/532/158 152/135/37
f 138/525/157 153/116/24 140/115/23
f 154/532/158 150/533/159 151/531/21
f 155/534/160 156/535/161 154/532/158
f 136/536/155 155/534/160 138/525/157
f 156/537/161 148/538/162 150/539/159
f 157/540/163 158/541/164 156/537/161
f 134/542/153 157/540/163 136/522/155
f 158/543/164 147/544/165 148/545/162
f 159/546/166 160/547/167 158/543/164
f 132/548/151 159/546/166 134/519/153
f 160/549/167 146/550/168 147/551/165
f 163/552/169 160/549/167 161/553/170
f 132/516/151 163/552/169 161/553/170
f 164/554/171 146/555/168 162/556/172
f 165/557/173 162/556/172 163/558/169
f 130/514/150 165/557/173 163/558/169
f 166/559/174 145/560/175 164/561/171
f 167/562/176 164/561/171 165/563/173
f 128/511/148 167/562/176 165/563/173
f 168/564/177 143/565/178 166/559/174
f 169/566/179 166/559/174 167/562/176
f 126/508/147 169/566/179 167/562/176
f 172/567/180 81/568/35 171/569/34
f 141/570/19 168/571/177 122/103/18
f 168/571/177 169/572/179 122/103/18
f 122/103/18 169/572/179 124/101/16
f 141/573/19 122/117/18 170/119/26
f 174/120/27 171/569/34 173/121/13
f 175/574/181 121/575/182 172/567/180
f 176/576/183 172/567/180 174/120/27
f 107/122/28 176/576/183 174/120/27
f 177/577/184 120/578/185 175/574/181
f 178/579/186 175/574/181 176/576/183
f 105/497/144 178/579/186 176/576/183
f 179/580/187 119/581/188 177/582/184
f 180/583/189 177/582/184 178/584/186
f 103/494/142 180/583/189 178/584/186
f 179/580/187 116/585/190 117/586/191
f 180/583/189 181/587/192 179/580/187
f 99/489/137 180/583/189 101/491/139
f 181/587/192 115/588/193 116/585/190
f 182/589/194 183/590/195 181/587/192
f 97/591/135 182/589/194 99/489/137
f 183/592/195 114/593/196 115/594/193
f 184/595/197 185/596/198 183/592/195
f 95/484/133 184/595/197 97/486/135
f 185/596/198 112/597/199 114/593/196
f 186/598/200 187/599/201 185/596/198
f 93/600/131 186/598/200 95/484/133
f 187/601/201 111/602/202 112/603/199
f 188/604/203 189/605/204 187/601/201
f 91/477/129 188/604/203 93/481/131
f 110/606/29 189/605/204 88/607/29
f 191/126/30 82/91/11 192/127/31
f 189/605/204 190/608/205 88/607/29
f 190/608/205 91/477/129 88/607/29
f 85/125/29 110/609/29 88/123/29
f 170/140/32 195/610/32 196/141/32
f 194/129/32 85/125/32 90/124/32
f 192/131/33 82/87/11 173/89/13
f 193/611/32 196/139/32 194/138/32
f 199/612/206 77/134/36 198/613/207
f 201/614/208 198/613/207 200/615/209
f 191/126/30 200/615/209 86/92/15
f 201/614/208 202/616/210 199/612/206
f 204/114/22 199/612/206 202/616/210
f 80/128/31 202/616/210 203/143/38
f 203/143/38 201/614/208 191/126/30
f 144/107/3 104/147/3 149/113/3
f 142/104/3 96/617/3 144/107/3
f 98/618/3 100/149/3 144/107/3
f 96/617/3 98/618/3 144/107/3
f 193/151/3 89/619/3 142/104/3
f 92/620/3 94/621/3 142/104/3
f 89/619/3 92/620/3 142/104/3
f 118/96/1 135/622/1 137/623/1
f 137/623/1 139/152/39 118/96/1
f 109/158/1 129/156/1 113/93/1
f 133/154/1 135/622/1 113/93/1
f 205/160/1 125/159/17 109/158/1
f 206/624/211 198/613/207 76/625/212
f 77/134/36 76/625/212 198/613/207
f 87/90/14 200/615/209 206/624/211
f 84/626/32 195/137/32 205/627/32
f 123/628/32 205/629/32 195/610/32
f 79/153/40 80/472/31 118/96/1
f 87/630/14 83/144/12 82/631/11
f 149/113/3 76/474/3 78/111/20
f 87/630/14 206/632/3 149/113/3
f 209/633/3 207/634/213 208/635/3
f 215/636/214 214/209/57 324/207/57
f 329/211/48 210/637/215 211/638/49
f 251/171/43 212/639/67 213/175/44
f 222/640/60 220/641/60 221/642/60
f 341/238/68 215/636/69 324/207/64
f 220/643/60 224/644/216 221/645/60
f 224/646/216 225/647/217 226/648/218
f 226/648/218 227/649/219 228/650/220
f 228/651/220 229/652/221 230/653/222
f 230/654/222 231/655/223 278/656/54
f 278/657/54 232/658/224 233/659/225
f 235/660/226 232/661/224 234/662/227
f 237/663/228 234/662/227 236/664/229
f 239/665/230 236/666/229 238/667/231
f 216/668/232 238/667/231 214/209/57
f 244/669/1 245/168/1 246/670/1
f 218/237/41 240/165/1 241/167/41
f 240/165/1 243/671/1 242/166/1
f 240/165/1 244/669/1 243/671/1
f 249/173/1 245/168/1 251/171/43
f 245/168/1 247/170/1 246/670/1
f 340/239/47 254/672/47 256/673/46
f 258/674/233 255/176/45 257/675/234
f 260/676/235 257/677/234 259/678/236
f 262/679/237 259/678/236 261/680/238
f 264/681/239 261/682/238 263/683/240
f 264/681/239 265/684/241 266/685/242
f 266/685/242 267/686/243 268/687/244
f 268/688/244 269/689/245 270/690/246
f 270/690/246 271/181/50 211/180/49
f 279/190/3 275/185/3 278/188/54
f 274/182/51 275/185/3 276/187/53
f 280/189/3 281/226/3 282/691/3
f 281/226/3 209/633/3 284/692/3
f 281/226/3 283/693/3 282/691/3
f 281/226/3 284/692/3 283/693/3
f 285/694/62 284/695/247 209/696/248
f 285/694/62 329/179/48 286/191/55
f 286/191/55 287/697/249 285/694/62
f 271/181/50 288/698/250 286/191/55
f 287/697/249 283/699/251 284/695/247
f 288/698/250 289/700/252 287/697/249
f 269/689/245 290/701/253 288/698/250
f 289/702/252 282/703/254 283/704/251
f 290/705/253 291/706/255 289/702/252
f 265/684/241 290/705/253 267/686/243
f 291/706/255 280/707/256 282/703/254
f 292/708/257 293/709/258 291/706/255
f 263/683/240 292/708/257 265/684/241
f 295/710/259 280/707/256 293/709/258
f 296/711/260 293/709/258 294/712/261
f 263/683/240 296/711/260 294/712/261
f 297/713/262 279/714/263 295/715/259
f 298/716/264 295/715/259 296/717/260
f 261/680/238 298/716/264 296/717/260
f 299/718/265 277/719/266 297/713/262
f 300/720/267 297/713/262 298/716/264
f 259/678/236 300/720/267 298/716/264
f 301/193/56 276/721/53 299/722/265
f 302/723/268 299/722/265 300/724/267
f 257/675/234 302/723/268 300/724/267
f 303/194/47 302/723/268 254/178/47
f 238/667/231 305/208/57 214/209/57
f 254/178/47 302/723/268 255/176/45
f 273/195/52 274/725/51 303/196/47
f 303/196/47 254/672/47 253/197/47
f 304/199/58 305/208/57 306/726/269
f 307/727/270 252/200/59 304/199/58
f 308/728/271 304/199/58 306/726/269
f 238/667/231 308/728/271 306/726/269
f 309/729/272 250/730/273 307/731/270
f 310/732/274 307/731/270 308/733/271
f 236/664/229 310/732/274 308/733/271
f 311/734/275 249/735/276 309/729/272
f 312/736/277 309/729/272 310/732/274
f 234/662/227 312/736/277 310/732/274
f 313/737/278 248/738/279 311/739/275
f 314/740/280 311/739/275 312/741/277
f 232/658/224 314/740/280 312/741/277
f 313/742/278 246/743/281 247/744/282
f 314/745/280 315/746/283 313/742/278
f 229/747/221 314/745/280 231/655/223
f 315/748/283 244/749/284 246/750/281
f 316/751/285 317/752/286 315/748/283
f 227/753/219 316/751/285 229/652/221
f 317/754/286 243/755/287 244/756/284
f 318/757/288 319/758/289 317/754/286
f 225/647/217 318/757/288 227/649/219
f 319/758/289 242/759/290 243/755/287
f 322/760/291 319/758/289 320/761/292
f 322/760/291 225/647/217 223/762/293
f 323/763/60 242/764/290 321/765/294
f 222/766/42 326/206/42 219/205/42
f 323/763/60 321/765/294 322/767/291
f 322/767/291 223/768/293 220/643/60
f 323/201/60 322/769/291 219/202/60
f 322/769/291 220/641/60 219/202/60
f 212/220/67 324/207/64 213/198/44
f 219/205/42 217/164/42 241/163/41
f 285/212/62 208/770/215 328/210/61
f 213/198/57 324/207/57 304/199/58
f 332/215/42 217/242/42 327/771/42
f 272/772/42 253/197/42 330/240/42
f 326/216/42 332/215/42 327/771/42
f 272/773/42 326/216/42 325/774/42
f 329/775/48 333/776/295 334/777/296
f 336/218/65 333/776/295 335/217/63
f 337/778/297 336/218/65 338/219/66
f 329/775/48 334/777/296 337/778/297
f 338/219/66 324/207/64 212/220/67
f 337/778/297 210/779/298 329/775/48
f 251/221/43 337/778/297 338/219/66
f 281/226/3 239/224/3 341/223/68
f 233/780/225 281/226/3 278/188/54
f 275/185/3 230/781/222 278/188/54
f 275/185/3 224/228/3 226/782/3
f 226/782/3 228/783/3 275/185/3
f 325/230/3 221/229/3 274/182/51
f 245/168/1 270/784/1 251/171/43
f 270/784/1 211/785/1 251/171/43
f 240/165/1 262/232/1 245/168/1
f 266/786/1 268/787/1 245/168/1
f 264/231/1 266/786/1 245/168/1
f 207/788/213 328/789/61 208/790/64
f 340/236/1 256/235/1 240/165/1
f 341/238/68 333/776/295 207/788/213
f 331/214/42 340/791/42 218/241/41
f 339/792/299 211/785/1 210/793/1
f 464/794/88 369/795/73 459/796/88
f 420/269/77 465/797/89 470/798/89
f 348/799/87 350/800/300 351/801/301
f 347/802/87 348/799/87 349/803/87
f 351/804/301 352/805/302 353/806/303
f 353/806/303 354/807/304 355/808/305
f 357/809/306 354/807/304 356/810/307
f 359/811/308 356/810/307 358/812/309
f 361/813/310 358/814/309 360/815/311
f 363/816/312 360/817/311 362/818/313
f 365/819/314 362/820/313 364/821/86
f 367/822/315 364/278/86 366/275/83
f 345/823/72 366/275/83 440/274/71
f 371/824/316 368/250/1 372/825/317
f 346/314/73 368/250/1 369/252/73
f 376/826/1 377/310/1 378/827/1
f 372/825/317 373/253/1 374/255/74
f 373/253/1 376/826/1 375/254/1
f 379/828/1 380/244/1 381/256/1
f 377/310/1 379/828/1 378/827/1
f 476/315/91 383/829/318 384/830/319
f 384/831/319 385/832/320 386/833/321
f 386/834/321 387/835/322 388/836/323
f 388/837/323 389/838/324 390/839/325
f 390/839/325 391/840/326 392/841/327
f 394/842/328 391/840/326 393/843/329
f 396/844/330 393/843/329 395/845/331
f 398/846/332 395/847/331 397/848/333
f 400/849/334 397/850/333 399/851/335
f 402/852/336 399/851/335 401/853/80
f 402/854/336 420/269/77 470/798/89
f 403/305/3 405/855/3 439/856/3
f 406/857/3 407/259/3 408/858/3
f 404/304/3 406/857/3 405/855/3
f 415/262/3 411/298/3 414/260/3
f 407/259/3 409/258/76 408/858/3
f 411/298/3 412/859/3 410/257/75
f 411/298/3 413/860/3 412/859/3
f 418/265/3 414/260/3 417/263/3
f 421/273/82 418/861/79 419/271/78
f 401/853/80 422/272/81 419/271/78
f 423/862/337 416/863/338 421/273/82
f 424/864/339 421/273/82 422/272/81
f 399/851/335 424/864/339 422/272/81
f 425/865/340 415/866/341 423/867/337
f 426/868/342 423/867/337 424/869/339
f 397/848/333 426/868/342 424/869/339
f 427/870/343 413/871/344 425/872/340
f 428/873/345 425/872/340 426/874/342
f 395/845/331 428/873/345 426/874/342
f 429/875/346 412/876/347 427/870/343
f 430/877/348 427/870/343 428/873/345
f 393/843/329 430/877/348 428/873/345
f 429/875/346 409/878/76 410/879/75
f 430/877/348 431/880/349 429/875/346
f 389/838/324 430/877/348 391/840/326
f 431/880/349 408/881/350 409/878/76
f 432/882/351 433/883/352 431/880/349
f 387/884/322 432/882/351 389/838/324
f 433/885/352 406/886/353 408/887/350
f 434/888/354 435/889/355 433/885/352
f 385/890/320 434/888/354 387/835/322
f 435/891/355 405/892/356 406/893/353
f 436/894/357 437/895/358 435/891/355
f 383/896/318 436/894/357 385/832/320
f 382/317/359 437/897/358 438/898/360
f 439/287/359 405/899/356 437/897/358
f 441/276/84 343/900/70 440/274/71
f 438/898/360 383/829/318 382/317/359
f 442/901/361 381/902/362 441/276/84
f 443/277/85 441/276/84 366/275/83
f 444/903/363 379/904/364 442/905/361
f 445/906/365 442/905/361 443/907/85
f 364/821/86 445/906/365 443/907/85
f 446/908/366 378/909/367 444/910/363
f 447/911/368 444/910/363 445/912/365
f 362/818/313 447/911/368 445/912/365
f 448/913/369 376/914/370 446/915/366
f 447/916/368 448/913/369 446/915/366
f 358/814/309 447/916/368 360/815/311
f 450/917/371 375/918/372 448/919/369
f 451/920/373 448/919/369 449/921/374
f 358/812/309 451/920/373 449/921/374
f 452/922/375 374/923/74 450/917/371
f 453/924/376 450/917/371 451/920/373
f 356/810/307 453/924/376 451/920/373
f 454/925/377 372/926/317 452/922/375
f 453/924/376 454/925/377 452/922/375
f 352/805/302 453/924/376 354/807/304
f 454/925/377 370/927/378 371/928/316
f 455/929/379 456/930/380 454/925/377
f 350/931/300 455/929/379 352/805/302
f 458/280/87 370/932/378 456/933/380
f 347/802/87 457/934/381 350/800/300
f 456/933/380 457/934/381 458/280/87
f 459/281/87 347/802/87 349/803/87
f 460/291/90 344/935/90 461/292/90
f 463/282/88 459/796/88 349/283/88
f 420/269/77 342/266/77 465/797/89
f 440/247/71 461/286/70 344/248/72
f 468/288/88 382/317/88 466/316/88
f 468/288/88 467/936/88 463/937/88
f 463/937/88 403/289/88 468/288/88
f 463/938/88 467/939/88 464/940/88
f 465/941/89 469/942/90 460/943/90
f 471/294/3 365/944/3 367/295/3
f 465/941/89 460/943/90 470/945/89
f 472/296/3 361/946/3 363/947/3
f 472/296/3 471/294/3 417/263/3
f 363/947/3 365/944/3 472/296/3
f 474/301/3 357/300/3 473/297/3
f 411/298/3 472/296/3 414/260/3
f 359/299/3 361/946/3 473/297/3
f 473/297/3 411/298/3 410/257/75
f 475/948/3 353/303/3 474/301/3
f 473/297/3 410/257/75 474/301/3
f 404/304/3 474/301/3 407/259/3
f 462/306/3 348/949/3 475/948/3
f 348/949/3 351/950/3 475/948/3
f 377/310/1 402/308/1 380/244/1
f 462/306/3 475/948/3 404/304/3
f 396/951/1 377/310/1 373/253/1
f 373/253/1 390/952/1 392/953/1
f 394/954/1 396/951/1 373/253/1
f 392/953/1 394/954/1 373/253/1
f 368/250/1 388/955/1 372/825/317
f 388/955/1 390/952/1 372/825/317
f 466/316/88 477/956/88 467/936/88
f 384/957/319 386/958/1 368/250/1
f 384/957/319 368/250/1 476/312/91
f 469/959/90 342/960/90 344/935/90
f 464/940/88 477/961/88 346/962/73
f 481/963/1 480/964/1 598/965/1
f 470/307/1 461/245/70 380/244/1
f 471/294/3 344/318/72 342/264/3
f 482/353/110 608/966/95 484/967/92
f 489/968/114 488/327/100 491/326/99
f 600/969/113 485/970/113 486/971/113
f 493/972/382 490/325/98 492/973/383
f 495/974/384 492/973/383 494/975/385
f 497/976/386 494/975/385 496/977/387
f 499/978/388 496/977/387 498/979/389
f 501/980/390 498/979/389 500/981/391
f 501/982/390 502/983/392 503/984/393
f 503/985/393 504/986/394 551/987/103
f 551/988/103 505/989/395 506/990/396
f 506/990/396 482/991/110 484/992/92
f 508/993/397 485/381/1 507/328/1
f 510/329/1 511/331/1 512/333/1
f 507/328/1 509/330/1 508/993/397
f 513/332/1 514/375/1 515/994/1
f 516/995/1 517/371/1 518/996/1
f 514/375/1 516/995/1 515/994/1
f 519/997/1 520/370/1 521/998/1
f 517/371/1 519/997/1 518/996/1
f 525/999/398 522/1000/398 524/1001/398
f 520/370/1 481/963/1 521/998/1
f 607/1002/117 522/1003/398 523/1004/117
f 527/1005/399 524/1006/398 526/1007/400
f 527/1008/399 528/1009/401 529/1010/402
f 529/1010/402 530/1011/403 531/1012/116
f 531/1012/116 532/1013/404 605/1014/115
f 605/1014/115 533/1015/405 534/1016/406
f 536/1017/407 533/1015/405 535/1018/408
f 538/1019/409 535/1020/408 537/1021/410
f 540/1022/411 537/1023/410 539/1024/412
f 541/334/3 547/1025/3 545/1026/3
f 539/1027/412 601/1028/413 540/1029/411
f 541/334/3 542/336/3 543/369/3
f 541/334/3 545/1026/3 544/335/3
f 552/342/3 546/339/3 551/340/103
f 546/339/3 548/338/102 547/1025/3
f 549/337/101 546/339/3 550/1030/414
f 554/343/3 551/340/103 484/319/92
f 556/346/106 479/355/94 555/344/104
f 558/1031/415 554/1032/416 556/1033/106
f 555/344/104 539/1027/412 557/345/105
f 559/1034/417 556/1033/106 557/1035/105
f 539/1024/412 559/1034/417 557/1035/105
f 560/1036/418 553/1037/419 558/1038/415
f 561/1039/420 558/1038/415 559/1040/417
f 537/1021/410 561/1039/420 559/1040/417
f 562/1041/421 552/1042/422 560/1043/418
f 563/1044/423 560/1043/418 561/1045/420
f 535/1018/408 563/1044/423 561/1045/420
f 549/1046/101 562/1041/421 564/1047/424
f 565/1048/425 562/1041/421 563/1044/423
f 533/1015/405 565/1048/425 563/1044/423
f 564/1047/424 548/1049/102 549/1046/101
f 565/1048/425 566/1050/426 564/1047/424
f 530/1011/403 565/1048/425 532/1013/404
f 566/1050/426 547/1051/427 548/1049/102
f 567/1052/428 568/1053/429 566/1050/426
f 528/1009/401 567/1052/428 530/1011/403
f 568/1053/429 545/1054/430 547/1051/427
f 569/1055/431 570/1056/432 568/1053/429
f 526/1057/400 569/1055/431 528/1009/401
f 570/1058/432 544/1059/433 545/1060/430
f 571/1061/434 572/1062/435 570/1058/432
f 526/1007/400 573/1063/398 571/1061/434
f 542/1064/398 572/1065/435 574/1066/398
f 522/1000/398 573/1067/398 524/1001/398
f 574/1066/398 572/1065/435 573/1067/398
f 543/1068/112 574/1069/398 575/1070/112
f 575/1070/112 522/1003/398 607/1002/117
f 576/1071/108 521/1072/436 481/1073/109
f 578/1074/111 577/1075/437 576/1071/108
f 505/989/395 578/1074/111 482/991/110
f 580/1076/438 521/1072/436 577/1075/437
f 579/1077/439 580/1076/438 577/1075/437
f 505/989/395 581/1078/440 579/1077/439
f 580/1079/438 518/1080/441 519/1081/442
f 581/1082/440 582/1083/443 580/1079/438
f 502/1084/392 581/1082/440 504/986/394
f 582/1085/443 516/1086/444 518/1087/441
f 583/1088/445 584/1089/446 582/1085/443
f 500/1090/391 583/1088/445 502/983/392
f 586/1091/447 516/1092/444 584/1093/446
f 587/1094/448 584/1093/446 585/1095/449
f 500/981/391 587/1094/448 585/1095/449
f 588/1096/450 515/1097/451 586/1091/447
f 589/1098/452 586/1091/447 587/1094/448
f 498/979/389 589/1098/452 587/1094/448
f 590/1099/453 513/1100/454 588/1096/450
f 591/1101/455 588/1096/450 589/1098/452
f 496/977/387 591/1101/455 589/1098/452
f 592/1102/456 512/1103/457 590/1099/453
f 593/1104/458 590/1099/453 591/1101/455
f 494/975/385 593/1104/458 591/1101/455
f 594/1105/459 510/1106/460 592/1102/456
f 595/1107/461 592/1102/456 593/1104/458
f 492/973/383 595/1107/461 593/1104/458
f 596/1108/100 509/1109/462 594/1105/459
f 596/1108/100 595/1107/461 488/327/100
f 487/1110/463 596/1108/100 488/327/100
f 595/1107/461 490/325/98 488/327/100
f 508/1111/397 596/1108/100 486/971/397
f 576/350/108 483/352/96 578/354/111
f 597/324/97 483/323/96 598/347/97
f 489/968/114 599/1112/113 487/1110/463
f 599/1112/113 600/969/113 487/1110/463
f 600/969/113 486/971/113 487/1110/463
f 601/1028/413 555/344/104 478/356/93
f 480/1113/97 603/1114/97 597/1115/97
f 575/1070/112 607/1002/113 602/1116/113
f 602/1117/113 600/1118/113 599/358/113
f 575/1070/112 602/1116/113 543/1068/112
f 543/357/112 602/1117/113 599/358/113
f 546/339/3 503/1119/393 551/340/103
f 551/340/103 506/1120/396 484/319/92
f 541/334/3 495/365/3 546/339/3
f 499/363/3 501/1121/3 546/339/3
f 604/372/1 540/1122/1 520/370/1
f 491/367/99 541/334/3 489/368/114
f 540/1122/1 601/1123/1 520/370/1
f 534/1124/406 604/372/1 605/376/115
f 606/378/1 527/379/1 529/1125/1
f 604/372/1 517/371/1 605/376/115
f 511/331/1 605/376/115 514/375/1
f 529/1125/1 531/377/116 606/378/1
f 597/1115/97 478/1126/97 608/1127/95
f 507/328/1 606/378/1 511/331/1
f 523/1128/117 525/380/1 507/328/1
f 523/1128/117 507/328/1 607/382/117
f 602/1117/113 485/1129/113 600/1118/113
f 614/388/1 618/390/1 616/387/1
f 601/1123/1 480/964/1 520/370/1
f 484/319/92 608/1130/95 478/320/93
f 609/386/1 610/384/1 612/383/1
f 615/391/1 614/388/1 613/389/1
f 624/397/3 627/399/3 621/395/3
f 615/391/1 613/389/1 617/394/119
f 621/395/3 623/1131/3 622/396/3
f 621/395/3 625/398/3 623/1131/3
f 627/399/3 628/401/3 625/398/3
f 637/1132/464 639/412/8 636/1133/126
f 626/402/3 629/400/3 627/399/3
f 2/1/1 1/450/1 8/2/1
f 630/1134/3 629/400/3 631/403/3
f 631/403/3 655/1135/3 630/1134/3
f 634/404/6 632/407/6 633/405/6
f 633/405/6 635/408/7 610/409/6
f 622/411/6 623/410/7 632/407/6
f 639/412/8 613/1136/8 641/1137/8
f 655/1138/120 640/1139/8 628/1140/8
f 640/1139/8 625/1141/8 628/1140/8
f 639/412/8 640/1139/8 636/1133/126
f 641/1137/8 611/417/8 642/416/8
f 641/1137/8 643/419/8 640/1139/8
f 644/421/10 645/1142/128 646/1143/465
f 643/419/8 623/420/7 625/1141/8
f 610/415/8 635/418/7 642/416/8
f 645/1142/128 648/1144/466 646/1143/465
f 650/429/124 647/1145/127 649/1146/10
f 649/1146/10 620/427/118 650/429/124
f 651/424/121 648/1144/466 650/429/124
f 653/1147/467 648/1144/466 652/426/123
f 654/1148/468 646/1143/465 653/1147/467
f 657/1149/469 654/1148/468 653/1147/467
f 644/421/10 654/1148/468 655/422/120
f 654/1148/468 656/431/125 655/422/120
f 657/1149/469 652/426/123 658/425/122
f 637/1150/464 658/425/122 638/430/120
f 650/429/124 617/428/119 651/424/121
f 636/432/126 657/1149/469 637/1150/464
f 659/434/9 662/439/9 661/435/9
f 659/434/9 609/1151/9 616/436/9
f 634/433/9 609/1151/9 659/434/9
f 660/437/9 616/436/9 618/443/9
f 626/440/9 662/439/9 664/442/9
f 622/441/9 634/433/9 661/435/9
f 624/438/9 661/435/9 662/439/9
f 630/1134/3 628/401/3 629/400/3
f 664/442/9 660/437/9 663/444/9
f 663/444/9 618/443/9 619/446/9
f 645/449/128 663/444/9 647/448/127
f 16/16/3 15/451/3 22/25/3
f 15/451/3 14/15/3 53/452/5
f 25/18/3 21/23/3 24/453/3
f 29/26/6 17/460/4 28/456/6
f 33/458/6 30/459/4 29/26/6
f 34/461/2 3/1152/2 33/458/6
f 35/29/6 34/461/2 31/28/6
f 39/40/8 37/33/8 26/462/8
f 23/464/8 45/46/8 43/45/8
f 46/54/9 47/50/9 1/49/9
f 49/465/9 50/52/9 48/48/9
f 51/57/9 49/465/9 47/50/9
f 48/48/9 50/52/9 33/466/9
f 51/57/9 53/58/9 14/53/9
f 54/71/10 55/61/10 57/60/10
f 60/65/10 65/69/10 57/60/10
f 74/70/10 67/77/10 66/72/10
f 56/59/10 71/84/10 58/82/10
f 56/59/10 52/470/10 5/468/10
f 67/77/10 53/471/5 52/470/10
f 23/469/10 20/85/10 72/67/10
f 81/100/1 118/96/1 80/472/31
f 89/476/29 88/607/29 91/477/129
f 92/478/130 91/477/129 93/481/131
f 94/483/132 93/600/131 95/484/133
f 96/485/134 95/484/133 97/486/135
f 98/488/136 97/591/135 99/489/137
f 100/490/138 99/489/137 101/491/139
f 104/493/141 102/492/140 101/491/139
f 106/495/143 104/1153/141 103/496/142
f 108/498/145 106/495/143 105/497/144
f 83/499/12 108/498/145 107/122/28
f 84/161/1 109/158/1 110/500/1
f 109/158/1 113/93/1 114/502/1
f 119/98/1 117/94/1 113/93/1
f 127/506/146 125/1154/17 124/507/16
f 129/510/146 127/506/146 126/508/147
f 131/512/149 129/1155/146 128/513/148
f 131/515/149 130/1156/150 132/516/151
f 133/518/152 132/548/151 134/519/153
f 135/521/154 134/542/153 136/522/155
f 137/524/156 136/536/155 138/525/157
f 139/526/39 138/525/157 140/115/23
f 197/150/3 142/104/3 141/106/19
f 145/109/3 143/105/3 142/104/3
f 148/529/3 144/107/3 149/113/3
f 152/135/37 154/532/158 151/531/21
f 153/116/24 155/534/160 154/532/158
f 138/525/157 155/534/160 153/116/24
f 154/532/158 156/535/161 150/533/159
f 155/534/160 157/1157/163 156/535/161
f 136/536/155 157/1157/163 155/534/160
f 156/537/161 158/541/164 148/538/162
f 157/540/163 159/1158/166 158/541/164
f 134/542/153 159/1158/166 157/540/163
f 158/543/164 160/547/167 147/544/165
f 159/546/166 161/1159/170 160/547/167
f 132/548/151 161/1159/170 159/546/166
f 160/549/167 162/1160/172 146/550/168
f 163/552/169 162/1160/172 160/549/167
f 132/516/151 130/1156/150 163/552/169
f 164/554/171 145/1161/175 146/555/168
f 165/557/173 164/554/171 162/556/172
f 130/514/150 128/513/148 165/557/173
f 166/559/174 143/565/178 145/560/175
f 167/562/176 166/559/174 164/561/171
f 128/511/148 126/508/147 167/562/176
f 168/564/177 141/1162/19 143/565/178
f 169/566/179 168/564/177 166/559/174
f 126/508/147 124/507/16 169/566/179
f 172/567/180 121/575/182 81/568/35
f 174/120/27 172/567/180 171/569/34
f 175/574/181 120/578/185 121/575/182
f 176/576/183 175/574/181 172/567/180
f 107/122/28 105/497/144 176/576/183
f 177/577/184 119/1163/188 120/578/185
f 178/579/186 177/577/184 175/574/181
f 105/497/144 103/496/142 178/579/186
f 179/580/187 117/586/191 119/581/188
f 180/583/189 179/580/187 177/582/184
f 103/494/142 101/491/139 180/583/189
f 179/580/187 181/587/192 116/585/190
f 180/583/189 182/589/194 181/587/192
f 99/489/137 182/589/194 180/583/189
f 181/587/192 183/590/195 115/588/193
f 182/589/194 184/1164/197 183/590/195
f 97/591/135 184/1164/197 182/589/194
f 183/592/195 185/596/198 114/593/196
f 184/595/197 186/598/200 185/596/198
f 95/484/133 186/598/200 184/595/197
f 185/596/198 187/599/201 112/597/199
f 186/598/200 188/1165/203 187/599/201
f 93/600/131 188/1165/203 186/598/200
f 187/601/201 189/605/204 111/602/202
f 188/604/203 190/608/205 189/605/204
f 91/477/129 190/608/205 188/604/203
f 110/606/29 111/602/202 189/605/204
f 191/126/30 86/92/15 82/91/11
f 170/140/32 123/628/32 195/610/32
f 193/611/32 197/1166/32 196/139/32
f 199/612/206 204/114/22 77/134/36
f 201/614/208 199/612/206 198/613/207
f 191/126/30 201/614/208 200/615/209
f 201/614/208 203/143/38 202/616/210
f 80/128/31 204/114/22 202/616/210
f 144/107/3 102/148/3 104/147/3
f 142/104/3 94/621/3 96/617/3
f 193/151/3 90/1167/3 89/619/3
f 118/96/1 113/93/1 135/622/1
f 109/158/1 127/157/1 129/156/1
f 205/160/1 123/1168/25 125/159/17
f 206/624/211 200/615/209 198/613/207
f 87/90/14 86/92/15 200/615/209
f 84/626/32 194/138/32 195/137/32
f 79/153/40 204/1169/22 80/472/31
f 87/630/14 149/113/3 83/144/12
f 149/113/3 206/632/3 76/474/3
f 209/633/3 341/223/68 207/634/213
f 215/636/214 216/668/232 214/209/57
f 222/640/60 219/202/60 220/641/60
f 220/643/60 223/768/293 224/644/216
f 224/646/216 223/762/293 225/647/217
f 226/648/218 225/647/217 227/649/219
f 228/651/220 227/753/219 229/652/221
f 230/654/222 229/747/221 231/655/223
f 278/657/54 231/1170/223 232/658/224
f 235/660/226 233/1171/225 232/661/224
f 237/663/228 235/660/226 234/662/227
f 239/665/230 237/1172/228 236/666/229
f 216/668/232 239/665/230 238/667/231
f 244/669/1 240/165/1 245/168/1
f 249/173/1 248/169/1 245/168/1
f 340/239/47 253/197/47 254/672/47
f 258/674/233 256/177/46 255/176/45
f 260/676/235 258/1173/233 257/677/234
f 262/679/237 260/676/235 259/678/236
f 264/681/239 262/1174/237 261/682/238
f 264/681/239 263/683/240 265/684/241
f 266/685/242 265/684/241 267/686/243
f 268/688/244 267/1175/243 269/689/245
f 270/690/246 269/689/245 271/181/50
f 279/190/3 277/186/3 275/185/3
f 280/189/3 278/188/54 281/226/3
f 281/226/3 341/223/68 209/633/3
f 285/694/62 287/697/249 284/695/247
f 286/191/55 288/698/250 287/697/249
f 271/181/50 269/689/245 288/698/250
f 287/697/249 289/700/252 283/699/251
f 288/698/250 290/701/253 289/700/252
f 269/689/245 267/1175/243 290/701/253
f 289/702/252 291/706/255 282/703/254
f 290/705/253 292/708/257 291/706/255
f 265/684/241 292/708/257 290/705/253
f 291/706/255 293/709/258 280/707/256
f 292/708/257 294/712/261 293/709/258
f 263/683/240 294/712/261 292/708/257
f 295/710/259 279/1176/263 280/707/256
f 296/711/260 295/710/259 293/709/258
f 263/683/240 261/682/238 296/711/260
f 297/713/262 277/719/266 279/714/263
f 298/716/264 297/713/262 295/715/259
f 261/680/238 259/678/236 298/716/264
f 299/718/265 276/1177/53 277/719/266
f 300/720/267 299/718/265 297/713/262
f 259/678/236 257/677/234 300/720/267
f 301/193/56 274/192/51 276/721/53
f 302/723/268 301/193/56 299/722/265
f 257/675/234 255/176/45 302/723/268
f 303/194/47 301/193/56 302/723/268
f 238/667/231 306/726/269 305/208/57
f 307/727/270 250/1178/273 252/200/59
f 308/728/271 307/727/270 304/199/58
f 238/667/231 236/666/229 308/728/271
f 309/729/272 249/735/276 250/730/273
f 310/732/274 309/729/272 307/731/270
f 236/664/229 234/662/227 310/732/274
f 311/734/275 248/1179/279 249/735/276
f 312/736/277 311/734/275 309/729/272
f 234/662/227 232/661/224 312/736/277
f 313/737/278 247/1180/282 248/738/279
f 314/740/280 313/737/278 311/739/275
f 232/658/224 231/1170/223 314/740/280
f 313/742/278 315/746/283 246/743/281
f 314/745/280 316/1181/285 315/746/283
f 229/747/221 316/1181/285 314/745/280
f 315/748/283 317/752/286 244/749/284
f 316/751/285 318/1182/288 317/752/286
f 227/753/219 318/1182/288 316/751/285
f 317/754/286 319/758/289 243/755/287
f 318/757/288 320/761/292 319/758/289
f 225/647/217 320/761/292 318/757/288
f 319/758/289 321/1183/294 242/759/290
f 322/760/291 321/1183/294 319/758/289
f 322/760/291 320/761/292 225/647/217
f 323/763/60 241/1184/60 242/764/290
f 222/766/42 325/1185/42 326/206/42
f 219/205/42 327/204/42 217/164/42
f 285/212/62 209/1186/248 208/770/215
f 332/215/42 331/214/42 217/242/42
f 272/772/42 273/195/42 253/197/42
f 272/773/42 330/213/42 326/216/42
f 329/775/48 328/789/61 333/776/295
f 336/218/65 334/777/296 333/776/295
f 337/778/297 334/777/296 336/218/65
f 338/219/66 336/218/65 324/207/64
f 337/778/297 339/1187/299 210/779/298
f 251/221/43 339/1187/299 337/778/297
f 281/226/3 237/225/3 239/224/3
f 233/780/225 235/227/3 281/226/3
f 275/185/3 228/783/3 230/781/222
f 275/185/3 274/182/51 224/228/3
f 325/230/3 222/1188/3 221/229/3
f 245/168/1 268/787/1 270/784/1
f 240/165/1 260/233/1 262/232/1
f 207/788/213 333/776/295 328/789/61
f 341/238/68 335/217/63 333/776/295
f 331/214/42 330/213/42 340/791/42
f 339/792/299 251/171/43 211/785/1
f 464/794/88 346/1189/73 369/795/73
f 348/799/87 347/802/87 350/800/300
f 351/804/301 350/931/300 352/805/302
f 353/806/303 352/805/302 354/807/304
f 357/809/306 355/808/305 354/807/304
f 359/811/308 357/809/306 356/810/307
f 361/813/310 359/1190/308 358/814/309
f 363/816/312 361/1191/310 360/817/311
f 365/819/314 363/1192/312 362/820/313
f 367/822/315 365/1193/314 364/278/86
f 345/823/72 367/822/315 366/275/83
f 371/824/316 370/251/1 368/250/1
f 376/826/1 373/253/1 377/310/1
f 379/828/1 377/310/1 380/244/1
f 476/315/91 382/317/359 383/829/318
f 384/831/319 383/896/318 385/832/320
f 386/834/321 385/890/320 387/835/322
f 388/837/323 387/884/322 389/838/324
f 390/839/325 389/838/324 391/840/326
f 394/842/328 392/841/327 391/840/326
f 396/844/330 394/842/328 393/843/329
f 398/846/332 396/1194/330 395/847/331
f 400/849/334 398/1195/332 397/850/333
f 402/852/336 400/849/334 399/851/335
f 402/854/336 401/270/80 420/269/77
f 403/305/3 404/304/3 405/855/3
f 406/857/3 404/304/3 407/259/3
f 415/262/3 413/860/3 411/298/3
f 418/265/3 416/261/3 414/260/3
f 421/273/82 416/863/338 418/861/79
f 401/853/80 399/851/335 422/272/81
f 423/862/337 415/1196/341 416/863/338
f 424/864/339 423/862/337 421/273/82
f 399/851/335 397/850/333 424/864/339
f 425/865/340 413/1197/344 415/866/341
f 426/868/342 425/865/340 423/867/337
f 397/848/333 395/847/331 426/868/342
f 427/870/343 412/876/347 413/871/344
f 428/873/345 427/870/343 425/872/340
f 395/845/331 393/843/329 428/873/345
f 429/875/346 410/879/75 412/876/347
f 430/877/348 429/875/346 427/870/343
f 393/843/329 391/840/326 430/877/348
f 429/875/346 431/880/349 409/878/76
f 430/877/348 432/882/351 431/880/349
f 389/838/324 432/882/351 430/877/348
f 431/880/349 433/883/352 408/881/350
f 432/882/351 434/1198/354 433/883/352
f 387/884/322 434/1198/354 432/882/351
f 433/885/352 435/889/355 406/886/353
f 434/888/354 436/1199/357 435/889/355
f 385/890/320 436/1199/357 434/888/354
f 435/891/355 437/895/358 405/892/356
f 436/894/357 438/1200/360 437/895/358
f 383/896/318 438/1200/360 436/894/357
f 382/317/359 439/287/359 437/897/358
f 441/276/84 381/902/362 343/900/70
f 442/901/361 379/1201/364 381/902/362
f 443/277/85 442/901/361 441/276/84
f 444/903/363 378/1202/367 379/904/364
f 445/906/365 444/903/363 442/905/361
f 364/821/86 362/820/313 445/906/365
f 446/908/366 376/1203/370 378/909/367
f 447/911/368 446/908/366 444/910/363
f 362/818/313 360/817/311 447/911/368
f 448/913/369 375/1204/372 376/914/370
f 447/916/368 449/1205/374 448/913/369
f 358/814/309 449/1205/374 447/916/368
f 450/917/371 374/923/74 375/918/372
f 451/920/373 450/917/371 448/919/369
f 358/812/309 356/810/307 451/920/373
f 452/922/375 372/926/317 374/923/74
f 453/924/376 452/922/375 450/917/371
f 356/810/307 354/807/304 453/924/376
f 454/925/377 371/928/316 372/926/317
f 453/924/376 455/929/379 454/925/377
f 352/805/302 455/929/379 453/924/376
f 454/925/377 456/930/380 370/927/378
f 455/929/379 457/1206/381 456/930/380
f 350/931/300 457/1206/381 455/929/379
f 458/280/87 369/279/87 370/932/378
f 347/802/87 458/280/87 457/934/381
f 459/281/87 458/280/87 347/802/87
f 460/291/90 469/959/90 344/935/90
f 463/282/88 464/794/88 459/796/88
f 420/269/77 419/267/78 342/266/77
f 468/288/88 439/287/88 382/317/88
f 468/288/88 466/316/88 467/936/88
f 463/937/88 462/1207/88 403/289/88
f 465/941/89 342/1208/90 469/942/90
f 471/294/3 472/296/3 365/944/3
f 472/296/3 473/297/3 361/946/3
f 474/301/3 355/302/3 357/300/3
f 475/948/3 351/950/3 353/303/3
f 404/304/3 475/948/3 474/301/3
f 462/306/3 349/1209/3 348/949/3
f 377/310/1 400/309/1 402/308/1
f 396/951/1 398/311/1 377/310/1
f 373/253/1 372/825/317 390/952/1
f 368/250/1 386/958/1 388/955/1
f 466/316/88 476/315/88 477/956/88
f 464/940/88 467/939/88 477/961/88
f 481/963/1 520/370/1 480/964/1
f 482/353/110 483/352/96 608/966/95
f 489/968/114 487/1110/463 488/327/100
f 493/972/382 491/326/99 490/325/98
f 495/974/384 493/972/382 492/973/383
f 497/976/386 495/974/384 494/975/385
f 499/978/388 497/976/386 496/977/387
f 501/980/390 499/978/388 498/979/389
f 501/982/390 500/1090/391 502/983/392
f 503/985/393 502/1084/392 504/986/394
f 551/988/103 504/1210/394 505/989/395
f 506/990/396 505/989/395 482/991/110
f 508/993/397 486/1211/397 485/381/1
f 510/329/1 507/328/1 511/331/1
f 513/332/1 511/331/1 514/375/1
f 516/995/1 514/375/1 517/371/1
f 519/997/1 517/371/1 520/370/1
f 525/999/398 523/1212/117 522/1000/398
f 527/1005/399 525/1213/398 524/1006/398
f 527/1008/399 526/1057/400 528/1009/401
f 529/1010/402 528/1009/401 530/1011/403
f 531/1012/116 530/1011/403 532/1013/404
f 605/1014/115 532/1013/404 533/1015/405
f 536/1017/407 534/1016/406 533/1015/405
f 538/1019/409 536/1214/407 535/1020/408
f 540/1022/411 538/1215/409 537/1023/410
f 541/334/3 546/339/3 547/1025/3
f 552/342/3 550/1030/414 546/339/3
f 554/343/3 553/341/3 551/340/103
f 556/346/106 554/1216/416 479/355/94
f 558/1031/415 553/1217/419 554/1032/416
f 559/1034/417 558/1031/415 556/1033/106
f 539/1024/412 537/1023/410 559/1034/417
f 560/1036/418 552/1218/422 553/1037/419
f 561/1039/420 560/1036/418 558/1038/415
f 537/1021/410 535/1020/408 561/1039/420
f 562/1041/421 550/1219/414 552/1042/422
f 563/1044/423 562/1041/421 560/1043/418
f 535/1018/408 533/1015/405 563/1044/423
f 549/1046/101 550/1219/414 562/1041/421
f 565/1048/425 564/1047/424 562/1041/421
f 533/1015/405 532/1013/404 565/1048/425
f 564/1047/424 566/1050/426 548/1049/102
f 565/1048/425 567/1052/428 566/1050/426
f 530/1011/403 567/1052/428 565/1048/425
f 566/1050/426 568/1053/429 547/1051/427
f 567/1052/428 569/1055/431 568/1053/429
f 528/1009/401 569/1055/431 567/1052/428
f 568/1053/429 570/1056/432 545/1054/430
f 569/1055/431 571/1220/434 570/1056/432
f 526/1057/400 571/1220/434 569/1055/431
f 570/1058/432 572/1062/435 544/1059/433
f 571/1061/434 573/1063/398 572/1062/435
f 526/1007/400 524/1006/398 573/1063/398
f 542/1064/398 544/1221/433 572/1065/435
f 522/1000/398 574/1066/398 573/1067/398
f 543/1068/112 542/1222/398 574/1069/398
f 575/1070/112 574/1069/398 522/1003/398
f 576/1071/108 577/1075/437 521/1072/436
f 578/1074/111 579/1077/439 577/1075/437
f 505/989/395 579/1077/439 578/1074/111
f 580/1076/438 519/1223/442 521/1072/436
f 579/1077/439 581/1078/440 580/1076/438
f 505/989/395 504/1210/394 581/1078/440
f 580/1079/438 582/1083/443 518/1080/441
f 581/1082/440 583/1224/445 582/1083/443
f 502/1084/392 583/1224/445 581/1082/440
f 582/1085/443 584/1089/446 516/1086/444
f 583/1088/445 585/1225/449 584/1089/446
f 500/1090/391 585/1225/449 583/1088/445
f 586/1091/447 515/1097/451 516/1092/444
f 587/1094/448 586/1091/447 584/1093/446
f 500/981/391 498/979/389 587/1094/448
f 588/1096/450 513/1100/454 515/1097/451
f 589/1098/452 588/1096/450 586/1091/447
f 498/979/389 496/977/387 589/1098/452
f 590/1099/453 512/1103/457 513/1100/454
f 591/1101/455 590/1099/453 588/1096/450
f 496/977/387 494/975/385 591/1101/455
f 592/1102/456 510/1106/460 512/1103/457
f 593/1104/458 592/1102/456 590/1099/453
f 494/975/385 492/973/383 593/1104/458
f 594/1105/459 509/1109/462 510/1106/460
f 595/1107/461 594/1105/459 592/1102/456
f 492/973/383 490/325/98 595/1107/461
f 596/1108/100 508/1111/397 509/1109/462
f 596/1108/100 594/1105/459 595/1107/461
f 487/1110/463 486/971/397 596/1108/100
f 576/350/108 598/349/107 483/352/96
f 601/1028/413 539/1027/412 555/344/104
f 480/1113/97 601/1226/97 603/1114/97
f 546/339/3 501/1121/3 503/1119/393
f 541/334/3 493/366/3 495/365/3
f 604/372/1 538/373/1 540/1122/1
f 534/1124/406 536/374/1 604/372/1
f 606/378/1 507/328/1 527/379/1
f 597/1115/97 603/1114/97 478/1126/97
f 602/1117/113 607/1227/113 485/1129/113
f 614/388/1 615/391/1 618/390/1
f 624/397/3 626/402/3 627/399/3
f 637/1132/464 638/413/120 639/412/8
f 2/1/1 5/6/1 1/450/1
f 639/412/8 617/414/119 613/1136/8
f 655/1138/120 636/1133/126 640/1139/8
f 640/1139/8 643/419/8 625/1141/8
f 639/412/8 641/1137/8 640/1139/8
f 641/1137/8 613/1136/8 611/417/8
f 641/1137/8 642/416/8 643/419/8
f 644/421/10 631/423/10 645/1142/128
f 645/1142/128 647/1145/127 648/1144/466
f 650/429/124 648/1144/466 647/1145/127
f 649/1146/10 619/1228/10 620/427/118
f 651/424/121 652/426/123 648/1144/466
f 653/1147/467 646/1143/465 648/1144/466
f 654/1148/468 644/421/10 646/1143/465
f 657/1149/469 656/431/125 654/1148/468
f 657/1149/469 653/1147/467 652/426/123
f 637/1150/464 657/1149/469 658/425/122
f 636/432/126 656/431/125 657/1149/469
f 659/434/9 660/437/9 662/439/9
f 630/1134/3 655/1135/3 628/401/3
