# Blender 4.5.4 LTS
# www.blender.org
mtllib persona2.mtl
o Cube.064_Cube.000
v 1.596529 4.893011 -0.799999
v 1.596529 5.293012 -0.799999
v 1.596529 5.293012 -0.399999
v 1.596529 4.893011 -0.399999
v 1.596529 4.893012 -1.599999
v 1.596529 5.293011 -1.599999
v 1.596529 5.293012 -1.199999
v 1.596529 4.893011 -1.199999
v 1.596529 4.493011 -0.799999
v 1.596529 4.493011 -0.399999
v 1.596529 4.493011 -1.199999
v 1.596529 4.493011 -1.599999
v 1.596529 4.093011 -1.599999
v 1.596529 4.093012 -1.199999
v 1.596529 4.093012 -0.799999
v 1.596529 4.093012 -0.399999
v 1.596529 5.293012 0.000001
v 1.596529 4.893011 0.000001
v 1.596529 4.493011 0.000001
v 1.596529 4.093012 0.000001
v 1.596529 3.693011 -1.199999
v 1.596529 3.693011 -0.799999
v 1.596529 3.693011 -0.399999
v 1.596529 3.693012 -1.599999
v 1.596529 5.693011 -1.199999
v 1.596529 5.693011 -0.799999
v 1.596529 5.693012 -1.599999
v 1.596529 6.093011 -1.599999
v 1.596529 6.093011 -1.199999
v 1.596529 6.093011 -0.799999
v 1.596529 3.293012 -1.599999
v 1.596529 3.293011 -1.199999
v 1.596529 3.293011 -0.799999
v 1.596529 3.293011 -0.399999
v 1.596529 3.693011 0.000001
v 1.596529 2.893012 -1.599999
v 1.596529 2.893012 -1.199999
v 1.596529 2.893012 -0.800000
v 1.596529 2.893011 -0.400000
v 1.596529 3.293011 0.000000
v 1.596529 2.893011 0.000000
v 1.596529 5.693011 -0.399999
v 1.596529 5.693011 0.000001
v 1.596529 6.093011 -0.399999
v 1.596529 6.093011 0.000001
v 1.596529 5.293012 0.400001
v 1.596529 4.893011 0.400001
v 1.596529 5.693011 0.400001
v 1.596529 6.093011 0.400001
v 1.596529 3.693011 0.400001
v 1.596529 3.293011 0.400000
v 1.596529 3.693011 0.800001
v 1.596529 3.293011 0.800000
v 1.596529 2.893011 0.400000
v 1.596529 2.893011 0.800000
v 1.596529 3.293011 1.200000
v 1.596529 2.893011 1.200000
v 1.596529 3.693011 1.200001
v 1.596529 4.093012 0.400001
v 1.596529 4.093012 0.800001
v 1.596529 4.093012 1.200000
v 1.596529 4.493011 0.400001
v 1.596529 4.493011 0.800001
v 1.596529 4.493011 1.200001
v 1.596528 3.293011 1.600000
v 1.596529 2.893011 1.600000
v 1.596529 3.693011 1.600001
v 1.596529 4.093010 1.600000
v 1.596529 4.893011 0.800001
v 1.596529 5.293012 0.800001
v 1.596529 5.293012 1.200001
v 1.596529 4.893011 1.200001
v 1.596528 4.493010 1.600001
v 1.596528 4.893011 1.600001
v 1.596529 5.293010 1.600001
v 1.596529 5.693011 0.800001
v 1.596529 5.693011 1.200001
v 1.596529 5.693011 1.600001
v 1.596529 6.093011 0.800001
v 1.596529 6.093011 1.200001
v 1.596528 6.093011 1.600001
v -1.603471 4.893011 -0.799999
v -1.603471 4.893011 -0.399999
v -1.603471 5.293012 -0.399999
v -1.603471 5.293012 -0.799999
v -1.603471 4.893012 -1.599999
v -1.603471 4.893011 -1.199999
v -1.603471 5.293012 -1.199999
v -1.603471 5.293011 -1.599999
v -1.603471 4.493011 -0.799999
v -1.603471 4.493011 -0.399999
v -1.603471 4.493011 -1.199999
v -1.603471 4.493011 -1.599999
v -1.603471 4.093011 -1.599999
v -1.603471 4.093012 -1.199999
v -1.603471 4.093012 -0.799999
v -1.603471 4.093012 -0.399999
v -1.603471 4.893011 0.000001
v -1.603471 5.293012 0.000001
v -1.603471 4.493011 0.000001
v -1.603471 4.093012 0.000001
v -1.603471 3.693011 -1.199999
v -1.603471 3.693011 -0.799999
v -1.603471 3.693011 -0.399999
v -1.603471 3.693012 -1.599999
v -1.603471 5.693011 -0.799999
v -1.603471 5.693011 -1.199999
v -1.603471 5.693012 -1.599999
v -1.603471 6.093011 -1.199999
v -1.603471 6.093011 -1.599999
v -1.603471 6.093011 -0.799999
v -1.603471 3.293012 -1.599999
v -1.603471 3.293011 -1.199999
v -1.603471 3.293011 -0.799999
v -1.603471 3.293011 -0.399999
v -1.603471 3.693011 0.000001
v -1.603471 2.893012 -1.599999
v -1.603471 2.893012 -1.199999
v -1.603471 2.893012 -0.800000
v -1.603471 2.893011 -0.400000
v -1.603471 2.893011 0.000000
v -1.603471 3.293011 0.000000
v -1.603471 5.693011 0.000001
v -1.603471 5.693011 -0.399999
v -1.603471 6.093011 -0.399999
v -1.603471 6.093011 0.000001
v -1.603471 4.893011 0.400001
v -1.603471 5.293012 0.400001
v -1.603471 5.693011 0.400001
v -1.603471 6.093011 0.400001
v -1.603471 3.293011 0.400000
v -1.603471 3.693011 0.400001
v -1.603471 3.293011 0.800000
v -1.603471 3.693011 0.800001
v -1.603471 2.893011 0.400000
v -1.603471 2.893011 0.800000
v -1.603471 2.893011 1.200000
v -1.603471 3.293011 1.200000
v -1.603471 3.693011 1.200001
v -1.603471 4.093012 0.800001
v -1.603471 4.093012 0.400001
v -1.603471 4.093012 1.200000
v -1.603471 4.493011 0.800001
v -1.603471 4.493011 0.400001
v -1.603471 4.493011 1.200001
v -1.603471 2.893011 1.600000
v -1.603471 3.293011 1.600000
v -1.603471 3.693011 1.600001
v -1.603471 4.093010 1.600000
v -1.603471 4.893011 0.800001
v -1.603471 5.293012 0.800001
v -1.603471 4.893011 1.200001
v -1.603471 5.293012 1.200001
v -1.603471 4.493010 1.600001
v -1.603471 4.893011 1.600001
v -1.603471 5.293010 1.600001
v -1.603471 5.693011 0.800001
v -1.603471 5.693011 1.200001
v -1.603471 5.693011 1.600001
v -1.603471 6.093011 0.800001
v -1.603471 6.093011 1.200001
v -1.603471 6.093011 1.600001
v -0.803471 6.093011 0.800001
v -1.203471 6.093011 0.800001
v -1.203471 6.093011 1.200001
v -0.803471 6.093011 1.200001
v -1.203471 6.093011 -0.799999
v -1.203471 6.093011 -0.399999
v -1.203471 6.093011 -1.199999
v -1.203471 6.093011 -1.599999
v -0.803471 6.093011 -1.599999
v -0.803471 6.093011 -1.199999
v -0.803471 6.093011 -0.799999
v -0.403471 6.093011 -1.599999
v -0.403471 6.093011 -1.199999
v -1.203471 6.093011 0.000001
v -0.003471 6.093011 -0.799999
v -0.403471 6.093011 -0.799999
v -0.403471 6.093011 -0.399999
v -0.003471 6.093011 -0.399999
v -0.403471 6.093011 0.000001
v -0.003471 6.093011 0.000001
v -0.803471 6.093011 -0.399999
v -0.803471 6.093011 0.000001
v -0.803471 6.093011 0.400001
v -0.403471 6.093011 0.400001
v 0.396529 6.093011 0.000001
v -0.003471 6.093011 0.400001
v 0.396529 6.093011 0.400001
v -0.403471 6.093011 0.800001
v -0.003471 6.093011 0.800001
v -1.203471 6.093011 0.400001
v -0.003471 6.093011 -1.199999
v -0.003471 6.093011 -1.599999
v 0.396529 6.093011 -1.599999
v 0.396529 6.093011 -1.199999
v 0.396529 6.093011 -0.799999
v 0.396529 6.093011 -0.399999
v 0.796529 6.093011 -0.399999
v 0.796529 6.093011 0.000001
v 1.196528 6.093011 1.600001
v 1.196529 5.693011 1.600001
v 1.196529 6.093011 1.200001
v 1.196529 6.093011 0.800001
v 1.196529 6.093011 0.400001
v 1.196529 6.093011 0.000001
v 1.196529 6.093011 -0.399999
v 1.196529 6.093011 -1.599999
v 1.196529 6.093011 -1.199999
v 0.796529 6.093011 -1.599999
v 0.796529 6.093011 -1.199999
v 0.796529 6.093011 -0.799999
v 1.196529 6.093011 -0.799999
v 0.796529 6.093011 1.600001
v 0.796529 5.693011 1.600001
v 0.796529 6.093011 1.200001
v -0.403471 6.093011 1.200001
v -0.003471 6.093011 1.200001
v 0.396529 6.093011 0.800001
v 0.796529 6.093011 0.400001
v 0.796529 6.093011 0.800001
v 0.396529 6.093011 1.200001
v 0.396529 6.093011 1.600001
v 0.396529 5.693011 1.600001
v -0.003471 6.093011 1.600001
v -0.003471 5.693011 1.600001
v -0.403471 6.093011 1.600001
v -0.403471 5.693011 1.600001
v -0.803471 6.093011 1.600001
v -0.803471 5.693011 1.600001
v -1.203471 6.093011 1.600001
v -1.203471 5.693011 1.600001
v -0.403471 4.893011 1.600001
v -0.403471 5.293010 1.600001
v -0.803471 5.293010 1.600001
v -0.803471 4.893011 1.600001
v 1.196528 5.293010 1.600001
v 0.796529 5.293010 1.600001
v 0.396529 5.293010 1.600001
v -0.003471 5.293010 1.600001
v -1.203471 5.293010 1.600001
v -1.203471 4.893011 1.600001
v 1.196528 4.893011 1.600001
v -0.003471 4.893011 1.600001
v 0.396529 4.893011 1.600001
v 0.796529 4.893011 1.600001
v 1.196528 4.493010 1.600001
v 0.796529 4.493010 1.600001
v 0.396529 4.493010 1.600001
v -0.003471 4.493010 1.600001
v -0.403471 4.493010 1.600001
v -0.803471 4.493010 1.600001
v -1.203471 4.493010 1.600001
v -1.203471 4.093010 1.600000
v 1.196528 4.093010 1.600000
v 0.796529 4.093010 1.600000
v -0.803471 4.093010 1.600000
v -0.403471 4.093010 1.600000
v 0.396529 4.093010 1.600000
v -0.003471 4.093010 1.600000
v 1.196528 3.693011 1.600001
v 0.796529 3.693011 1.600001
v 0.396529 3.693011 1.600001
v -0.003471 3.693011 1.600001
v -0.403471 3.693011 1.600001
v -0.803471 3.693011 1.600001
v -1.203471 3.693011 1.600001
v 1.196528 3.293011 1.600000
v 0.796529 3.293011 1.600000
v 0.396529 3.293011 1.600000
v -0.003471 3.293011 1.600000
v -0.403471 3.293011 1.600000
v -0.803471 3.293011 1.600000
v -1.203471 3.293011 1.600000
v 1.196529 2.893011 1.600000
v 0.796529 2.893011 1.600000
v 0.396529 2.893011 1.600000
v -0.003471 2.893011 1.600000
v -0.403471 2.893011 1.600000
v -0.803471 2.893011 1.600000
v -1.203471 2.893011 1.600000
v 1.196529 2.893012 -1.599999
v 1.196529 3.293012 -1.599999
v 1.196529 4.493011 -1.599999
v 1.196529 4.893012 -1.599999
v 1.196529 4.093011 -1.599999
v 1.196529 3.693012 -1.599999
v 0.796529 3.693012 -1.599999
v 0.796529 4.093011 -1.599999
v 0.796529 3.293012 -1.599999
v -0.003471 4.493011 -1.599999
v -0.003471 4.893012 -1.599999
v 0.396529 4.893012 -1.599999
v 0.396529 4.493011 -1.599999
v -0.003471 5.293011 -1.599999
v 0.396529 5.293011 -1.599999
v 0.796529 4.893012 -1.599999
v 0.796529 4.493011 -1.599999
v 0.396529 4.093011 -1.599999
v 0.396529 3.693012 -1.599999
v -0.003471 3.693012 -1.599999
v -0.003471 4.093011 -1.599999
v -0.403471 4.093011 -1.599999
v -0.403471 4.493011 -1.599999
v 0.396529 3.293012 -1.599999
v 0.796529 5.293011 -1.599999
v 1.196529 5.293011 -1.599999
v -0.003471 5.693012 -1.599999
v 0.396529 5.693012 -1.599999
v 0.796529 5.693012 -1.599999
v 1.196529 5.693012 -1.599999
v -0.403471 5.693012 -1.599999
v -0.403471 5.293011 -1.599999
v -0.403471 4.893012 -1.599999
v -0.803471 4.493011 -1.599999
v -0.803471 4.893012 -1.599999
v -1.203471 5.693012 -1.599999
v -0.803471 5.293011 -1.599999
v -0.803471 5.693012 -1.599999
v -1.203471 5.293011 -1.599999
v -1.203471 4.893012 -1.599999
v -0.003471 3.293012 -1.599999
v -0.403471 3.293012 -1.599999
v -0.403471 3.693012 -1.599999
v -1.203471 3.693012 -1.599999
v -1.203471 3.293012 -1.599999
v -1.203471 4.093011 -1.599999
v -1.203471 4.493011 -1.599999
v -0.803471 4.093011 -1.599999
v -0.803471 3.693012 -1.599999
v -0.803471 3.293012 -1.599999
v 0.796529 2.893012 -1.599999
v 0.396529 2.893012 -1.599999
v -0.003471 2.893012 -1.599999
v -0.403471 2.893012 -1.599999
v -0.803471 2.893012 -1.599999
v -1.203471 2.893012 -1.599999
v -1.203471 2.893011 1.200000
v -0.003471 2.893012 -0.800000
v 0.396529 2.893012 -0.800000
v 0.396529 2.893011 -0.400000
v -0.003471 2.893011 -0.400000
v 0.796529 2.893012 -0.800000
v 0.796529 2.893011 -0.400000
v 0.796529 2.893011 0.000000
v 0.396529 2.893011 0.000000
v -0.003471 2.893011 0.000000
v 0.396529 2.893011 0.400000
v -0.003471 2.893011 0.400000
v 0.796529 2.893011 0.400000
v 0.796529 2.893011 0.800000
v 0.396529 2.893011 0.800000
v -0.003471 2.893011 0.800000
v -0.803471 2.893011 0.400000
v -0.403471 2.893011 0.400000
v -0.403471 2.893011 0.800000
v -0.803471 2.893011 0.800000
v -0.403471 2.893011 0.000000
v -0.803471 2.893011 0.000000
v -0.803471 2.893011 -0.400000
v -0.403471 2.893011 -0.400000
v -0.403471 2.893012 -0.800000
v -0.803471 2.893012 -0.800000
v 1.196529 2.893012 -0.800000
v 1.196529 2.893011 -0.400000
v 1.196529 2.893011 0.800000
v 1.196529 2.893011 1.200000
v 0.796529 2.893011 1.200000
v 0.396529 2.893011 1.200000
v -0.003471 2.893011 1.200000
v -0.403471 2.893011 1.200000
v -0.803471 2.893011 1.200000
v 1.196529 2.893011 0.400000
v 1.196529 2.893011 0.000000
v 0.796529 2.893012 -1.199999
v 1.196529 2.893012 -1.199999
v 0.396529 2.893012 -1.199999
v -0.003471 2.893012 -1.199999
v -0.403471 2.893012 -1.199999
v -0.803471 2.893012 -1.199999
v -1.203471 2.893011 0.800000
v -1.203471 2.893011 0.400000
v -1.203471 2.893011 0.000000
v -1.203471 2.893011 -0.400000
v -1.203471 2.893012 -0.800000
v -1.203471 2.893012 -1.199999
v 0.019097 -1.613668 -0.574988
v 0.019097 -1.244497 -0.420997
v 0.019097 -1.090506 -0.790167
v 0.019097 -1.459677 -0.944158
v 1.219097 -1.459676 -0.944158
v 1.219097 -1.090506 -0.790167
v 1.619097 -1.090506 -0.790167
v 1.619097 -1.459676 -0.944158
v 1.619097 -1.921649 0.163353
v 1.619097 -1.552478 0.317344
v 1.619097 -1.706469 0.686514
v 1.619097 -2.075640 0.532523
v 0.419097 -2.075640 0.532524
v 0.419097 -1.706469 0.686514
v 0.019097 -1.706469 0.686514
v 0.019097 -2.075640 0.532524
v 1.219098 -5.803832 -2.063286
v 1.619098 -5.803832 -2.063286
v 1.619098 -6.037762 -1.738823
v 1.219098 -6.037762 -1.738823
v 0.419097 -1.552479 0.317344
v 0.019097 -1.552479 0.317344
v 0.419098 -6.037762 -1.738823
v 0.419098 -5.713300 -1.504892
v 0.019098 -5.713300 -1.504892
v 0.019098 -6.037762 -1.738823
v 0.419098 -5.388837 -1.270960
v 0.019098 -5.388838 -1.270960
v 0.419098 -5.063982 -1.033285
v 0.019098 -5.063654 -1.030148
v 0.419098 -4.734571 -0.785908
v 0.019098 -4.733891 -0.783722
v 0.419098 -4.397312 -0.543330
v 0.019098 -4.395578 -0.540861
v 0.419098 -4.037625 -0.304443
v 0.019098 -4.034907 -0.302874
v 0.419098 -3.621310 -0.089193
v 0.019098 -3.623482 -0.089374
v 0.419098 -3.222623 0.080015
v 0.019098 -3.225187 0.080630
v 0.419098 -2.833670 0.233751
v 0.019098 -2.834884 0.234319
v 0.419097 -2.449938 0.381800
v 0.019097 -2.451400 0.382732
v 1.619098 -5.479369 -1.829354
v 1.619098 -5.713300 -1.504892
v 1.619098 -5.154906 -1.595423
v 1.619098 -5.388837 -1.270960
v 1.619098 -4.830489 -1.361187
v 1.619098 -5.064120 -1.034610
v 1.619098 -4.505972 -1.114932
v 1.619098 -4.734716 -0.786378
v 1.619098 -4.175376 -0.875408
v 1.619098 -4.397249 -0.543241
v 1.619098 -3.829008 -0.643068
v 1.619098 -4.036550 -0.303822
v 1.619097 -3.437549 -0.444769
v 1.619097 -3.620241 -0.089104
v 1.619097 -3.051564 -0.285252
v 1.619097 -3.220540 0.079515
v 1.619097 -2.672151 -0.134477
v 1.619097 -2.832445 0.233178
v 1.619097 -2.290819 0.009362
v 1.619097 -2.448027 0.380583
v 1.219098 -5.102037 -3.036674
v 1.219098 -4.777574 -2.802742
v 1.619098 -4.777574 -2.802742
v 1.619098 -5.102037 -3.036674
v 1.219098 -4.453112 -2.568811
v 1.619098 -4.453112 -2.568811
v 1.219098 -4.134603 -2.331555
v 1.619097 -4.135685 -2.330950
v 1.219098 -3.824315 -2.094326
v 1.619097 -3.825346 -2.093987
v 1.219098 -3.519264 -1.867237
v 1.619097 -3.520542 -1.867244
v 1.219097 -3.229969 -1.673370
v 1.619097 -3.228593 -1.672628
v 1.219097 -2.914641 -1.527005
v 1.619097 -2.912436 -1.523643
v 1.219097 -2.562045 -1.385773
v 1.619097 -2.561295 -1.382803
v 1.219097 -2.197687 -1.245572
v 1.619097 -2.197497 -1.241806
v 1.219097 -1.828847 -1.098149
v 1.619097 -1.828847 -1.098149
v 0.019098 -5.335968 -2.712211
v 0.019098 -5.011506 -2.478280
v 0.019098 -4.777574 -2.802742
v 0.019098 -5.102037 -3.036674
v 0.019098 -4.687044 -2.244348
v 0.019098 -4.453112 -2.568811
v 0.019098 -4.368629 -2.004396
v 0.019098 -4.140058 -2.328509
v 0.019098 -4.052194 -1.765597
v 0.019098 -3.828221 -2.093041
v 0.019098 -3.736463 -1.533905
v 0.019098 -3.523154 -1.867259
v 0.019098 -3.421376 -1.325243
v 0.019098 -3.228257 -1.672446
v 0.019098 -3.083881 -1.161597
v 0.019097 -2.910458 -1.520626
v 0.019097 -2.723400 -1.014129
v 0.019097 -2.560265 -1.378723
v 0.019097 -2.355128 -0.869468
v 0.019097 -2.197238 -1.236648
v 0.019097 -1.982838 -0.728979
v 0.019097 -1.828847 -1.098149
v 0.419097 -1.459677 -0.944158
v 0.419097 -1.828847 -1.098149
v 0.819097 -1.459677 -0.944158
v 0.819097 -1.828847 -1.098149
v 0.419097 -2.197463 -1.241128
v 0.819097 -2.197777 -1.247367
v 0.419097 -2.561330 -1.382941
v 0.819097 -2.562428 -1.387288
v 0.419097 -2.913071 -1.524610
v 0.819098 -2.915839 -1.528831
v 0.419098 -3.229772 -1.673263
v 0.819098 -3.230234 -1.673512
v 0.419098 -3.521551 -1.867250
v 0.819098 -3.517782 -1.867229
v 0.419098 -3.826497 -2.093608
v 0.819098 -3.823385 -2.094632
v 0.419098 -4.137671 -2.329842
v 0.819098 -4.133799 -2.332004
v 0.419098 -4.453112 -2.568811
v 0.819098 -4.453112 -2.568811
v 0.419098 -4.777574 -2.802742
v 0.819098 -4.777574 -2.802742
v 0.419098 -5.102037 -3.036674
v 0.819098 -5.102037 -3.036674
v 1.219097 -2.075640 0.532523
v 1.219097 -2.447732 0.380394
v 0.819097 -2.075640 0.532524
v 0.819097 -2.447273 0.380102
v 1.219097 -2.831984 0.232962
v 0.819098 -2.831596 0.232781
v 1.219098 -3.219438 0.079251
v 0.819098 -3.218617 0.079054
v 1.219098 -3.618730 -0.088978
v 0.819098 -3.617450 -0.088871
v 1.219098 -4.039142 -0.305318
v 0.819098 -4.040752 -0.306247
v 1.219098 -4.398541 -0.545082
v 0.819098 -4.399289 -0.546147
v 1.219098 -4.735123 -0.787688
v 0.819098 -4.735334 -0.788368
v 1.219098 -5.064281 -1.036148
v 0.819098 -5.064353 -1.036832
v 1.219098 -5.388837 -1.270960
v 0.819098 -5.388837 -1.270960
v 1.219098 -5.713300 -1.504892
v 0.819098 -5.713300 -1.504892
v 0.819098 -6.037762 -1.738823
v 1.219097 -1.552479 0.317344
v 1.219097 -1.706469 0.686514
v 0.819097 -1.552479 0.317344
v 0.819097 -1.706469 0.686514
v 0.019098 -5.803832 -2.063286
v 0.419098 -5.803832 -2.063286
v 0.819098 -5.803832 -2.063286
v 0.419097 -1.090506 -0.790167
v 0.819097 -1.090506 -0.790167
v 1.219098 -5.335968 -2.712211
v 0.819098 -5.335968 -2.712211
v 1.219098 -5.569900 -2.387748
v 0.819098 -5.569900 -2.387748
v 0.419098 -5.335968 -2.712211
v 0.419098 -5.569900 -2.387748
v 0.019098 -5.569900 -2.387748
v 0.419097 -1.244497 -0.420997
v 0.819097 -1.244497 -0.420997
v 0.419097 -1.398488 -0.051826
v 0.819097 -1.405923 -0.051128
v 1.219097 -1.244497 -0.420997
v 1.219097 -1.398488 -0.051826
v 1.619097 -1.244497 -0.420997
v 1.619097 -1.398488 -0.051826
v 0.019097 -2.092062 0.116525
v 0.019097 -2.293717 0.012240
v 0.019097 -1.767658 -0.205817
v 0.019097 -2.136829 -0.359808
v 0.019097 -2.673831 -0.133074
v 0.019097 -2.513408 -0.501870
v 0.019098 -3.062660 -0.295782
v 0.019098 -2.889639 -0.654149
v 0.019098 -3.440302 -0.444219
v 0.019098 -3.259475 -0.801846
v 0.019098 -3.827567 -0.642213
v 0.019098 -3.619825 -0.981281
v 0.019098 -4.174508 -0.872832
v 0.019098 -3.953160 -1.204064
v 0.019098 -4.505970 -1.111941
v 0.019098 -4.277868 -1.439754
v 0.019098 -4.831264 -1.356091
v 0.019098 -4.598637 -1.681717
v 0.019098 -5.154906 -1.595423
v 0.019098 -4.920975 -1.919885
v 0.019098 -5.479369 -1.829354
v 0.019098 -5.245437 -2.153817
v 1.619097 -1.613667 -0.574988
v 1.619097 -1.982837 -0.728979
v 1.619097 -1.767658 -0.205817
v 1.619097 -2.136828 -0.359808
v 1.619097 -2.353795 -0.875234
v 1.619097 -2.510458 -0.506619
v 1.619097 -2.722968 -1.018565
v 1.619097 -2.884924 -0.652867
v 1.619097 -3.084534 -1.164565
v 1.619097 -3.257953 -0.803849
v 1.619097 -3.421421 -1.325266
v 1.619098 -3.620059 -0.981486
v 1.619098 -3.734282 -1.534732
v 1.619098 -3.952255 -1.206341
v 1.619098 -4.049743 -1.767492
v 1.619098 -4.276480 -1.442679
v 1.619098 -4.364747 -2.008261
v 1.619098 -4.596511 -1.685954
v 1.619098 -4.687043 -2.244348
v 1.619098 -4.920974 -1.919885
v 1.619098 -5.011506 -2.478280
v 1.619098 -5.245437 -2.153817
v 1.619098 -5.335968 -2.712211
v 1.619098 -5.569900 -2.387748
v 0.019097 -1.408005 -0.050933
v -1.620102 -1.844083 -0.043723
v -1.620102 -1.533361 -0.295620
v -1.620102 -1.785258 -0.606341
v -1.620102 -2.095980 -0.354444
v -0.420102 -2.095981 -0.354444
v -0.420102 -1.785259 -0.606341
v -0.020102 -1.785259 -0.606341
v -0.020102 -2.095981 -0.354444
v -0.020102 -1.340291 0.577720
v -0.020102 -1.029569 0.325823
v -0.020101 -0.777672 0.636545
v -0.020102 -1.088394 0.888442
v -1.220102 -1.088492 0.888435
v -1.220101 -0.777671 0.636545
v -1.620101 -0.777671 0.636545
v -1.620102 -1.088393 0.888442
v -0.420105 -5.101429 2.969978
v -0.020105 -5.101429 2.969978
v -0.020105 -4.920011 3.326471
v -0.420105 -4.920011 3.326471
v -1.220102 -1.029568 0.325823
v -1.620101 -1.029568 0.325823
v -1.220105 -4.920010 3.326471
v -1.220105 -4.563517 3.145053
v -1.620105 -4.563516 3.145053
v -1.620105 -4.920010 3.326471
v -1.220104 -4.207024 2.963634
v -1.620104 -4.207023 2.963634
v -1.220104 -3.841122 2.786349
v -1.620104 -3.838609 2.787452
v -1.220104 -3.472049 2.605653
v -1.620104 -3.470003 2.606105
v -1.220104 -3.097245 2.415115
v -1.620103 -3.094806 2.414857
v -1.220103 -2.711504 2.192930
v -1.620103 -2.711507 2.192932
v -1.220103 -2.351527 1.930871
v -1.620103 -2.352785 1.933035
v -1.220103 -2.025043 1.665941
v -1.620102 -2.025479 1.668059
v -1.220102 -1.709894 1.402283
v -1.620102 -1.709910 1.405146
v -1.220102 -1.399115 1.140339
v -1.620102 -1.399115 1.140339
v -0.020105 -4.744936 2.788560
v -0.020105 -4.563518 3.145053
v -0.020105 -4.388443 2.607141
v -0.020104 -4.207025 2.963634
v -0.020104 -4.025185 2.431216
v -0.020104 -3.839017 2.787274
v -0.020104 -3.660342 2.253433
v -0.020104 -3.470283 2.606043
v -0.020104 -3.294185 2.068567
v -0.020103 -3.095099 2.414888
v -0.020103 -2.928241 1.859373
v -0.020103 -2.711617 2.193002
v -0.020103 -2.588147 1.610318
v -0.020103 -2.352782 1.933029
v -0.020103 -2.270263 1.351094
v -0.020103 -2.025486 1.668091
v -0.020102 -1.959432 1.090079
v -0.020102 -1.709911 1.405000
v -0.020102 -1.651013 0.829617
v -0.020102 -1.399116 1.140339
v -0.420106 -5.645684 1.900500
v -0.420105 -5.289191 1.719081
v -0.020105 -5.289191 1.719081
v -0.020106 -5.645684 1.900500
v -0.420105 -4.932698 1.537663
v -0.020105 -4.932698 1.537663
v -0.420105 -4.576393 1.366597
v -0.020105 -4.576440 1.369145
v -0.420104 -4.224620 1.197206
v -0.020104 -4.225039 1.199116
v -0.420104 -3.884428 1.029132
v -0.020104 -3.885606 1.031114
v -0.420104 -3.577941 0.858374
v -0.020104 -3.577888 0.858340
v -0.420104 -3.296953 0.648128
v -0.020104 -3.294567 0.647842
v -0.420103 -3.004904 0.405997
v -0.020103 -3.002851 0.406416
v -0.420103 -2.718468 0.156176
v -0.020103 -2.704185 0.154944
v -0.420103 -2.406703 -0.102547
v -0.020103 -2.406703 -0.102547
v -1.620105 -5.464264 2.256993
v -1.620105 -5.107771 2.075574
v -1.620105 -5.289190 1.719081
v -1.620105 -5.645683 1.900500
v -1.620105 -4.751277 1.894156
v -1.620105 -4.932697 1.537663
v -1.620104 -4.392499 1.721848
v -1.620105 -4.576447 1.369612
v -1.620104 -4.036441 1.549505
v -1.620104 -4.225104 1.199417
v -1.620104 -3.687649 1.375788
v -1.620104 -3.885776 1.031403
v -1.620104 -3.361467 1.192102
v -1.620104 -3.578055 0.858449
v -1.620103 -3.060841 0.968995
v -1.620103 -3.294687 0.647857
v -1.620103 -2.760206 0.721135
v -1.620103 -3.003093 0.406366
v -1.620103 -2.457750 0.466159
v -1.620103 -2.704406 0.154850
v -1.620102 -2.154805 0.208174
v -1.620103 -2.406702 -0.102547
v -1.220103 -2.095980 -0.354444
v -1.220103 -2.406702 -0.102547
v -0.820103 -2.095981 -0.354444
v -0.820103 -2.406702 -0.102547
v -1.220103 -2.706714 0.153875
v -0.820103 -2.709232 0.152811
v -1.220103 -3.004971 0.405983
v -0.820103 -3.007010 0.405566
v -1.220104 -3.296956 0.648128
v -0.820104 -3.299497 0.648432
v -1.220104 -3.578029 0.858432
v -0.820104 -3.578002 0.858414
v -1.220104 -3.884549 1.029336
v -0.820104 -3.883176 1.027023
v -1.220104 -4.224664 1.197410
v -0.820104 -4.224188 1.195237
v -1.220105 -4.576398 1.366904
v -0.820105 -4.576345 1.363998
v -1.220105 -4.932697 1.537663
v -0.820105 -4.932697 1.537663
v -1.220105 -5.289190 1.719081
v -0.820105 -5.289191 1.719081
v -1.220105 -5.645683 1.900500
v -0.820106 -5.645683 1.900500
v -0.420102 -1.088394 0.888442
v -0.420102 -1.399116 1.140339
v -0.820102 -1.088393 0.888442
v -0.820102 -1.399115 1.140339
v -0.420102 -1.709894 1.402093
v -0.820102 -1.709877 1.399233
v -0.420103 -2.025034 1.665892
v -0.820103 -2.024582 1.663695
v -0.420103 -2.351490 1.930806
v -0.820103 -2.350134 1.928473
v -0.420103 -2.711559 2.192964
v -0.820103 -2.711515 2.192936
v -0.420103 -3.097457 2.415138
v -0.820103 -3.099977 2.415405
v -0.420104 -3.472241 2.605611
v -0.820104 -3.474248 2.605168
v -0.420104 -3.841389 2.786232
v -0.820104 -3.843784 2.785180
v -0.420104 -4.207024 2.963634
v -0.820104 -4.207024 2.963634
v -0.420105 -4.563517 3.145053
v -0.820105 -4.563517 3.145053
v -0.820105 -4.920011 3.326471
v -0.420102 -1.029569 0.325823
v -0.420101 -0.777672 0.636545
v -0.820102 -1.029568 0.325823
v -0.820101 -0.777672 0.636545
v -1.620105 -5.101428 2.969978
v -1.220105 -5.101429 2.969978
v -0.820105 -5.101429 2.969978
v -1.220102 -1.785258 -0.606341
v -0.820102 -1.785259 -0.606341
v -0.420105 -5.464265 2.256993
v -0.820105 -5.464265 2.256993
v -0.420105 -5.282848 2.613486
v -0.820105 -5.282847 2.613486
v -1.220105 -5.464265 2.256993
v -1.220105 -5.282847 2.613486
v -1.620105 -5.282847 2.613486
v -1.220102 -1.534341 -0.295602
v -0.820102 -1.533362 -0.295620
v -1.220102 -1.281465 0.015102
v -0.820102 -1.281465 0.015102
v -0.420102 -1.533362 -0.295620
v -0.420102 -1.281466 0.015102
v -0.020102 -1.537501 -0.294033
v -0.020102 -1.328906 0.014031
v -1.620102 -1.340289 0.577720
v -1.620102 -1.651011 0.829617
v -1.620102 -1.592186 0.266999
v -1.620102 -1.902908 0.518896
v -1.620102 -1.959371 1.090300
v -1.620103 -2.209931 0.776370
v -1.620103 -2.270261 1.351095
v -1.620103 -2.516155 1.034921
v -1.620103 -2.588153 1.610355
v -1.620103 -2.825253 1.288792
v -1.620103 -2.928179 1.859334
v -1.620103 -3.144840 1.525729
v -1.620104 -3.293944 2.068622
v -1.620104 -3.491359 1.721198
v -1.620104 -3.660090 2.253584
v -1.620104 -3.849038 1.900265
v -1.620104 -4.024801 2.431527
v -1.620104 -4.209849 2.074762
v -1.620104 -4.388442 2.607141
v -1.620105 -4.569860 2.250649
v -1.620105 -4.744936 2.788560
v -1.620105 -4.926353 2.432067
v -0.020102 -1.995098 -0.033898
v -0.020103 -2.154806 0.208174
v -0.020102 -1.592188 0.266999
v -0.020102 -1.902909 0.518896
v -0.020103 -2.457774 0.466141
v -0.020103 -2.210093 0.776129
v -0.020103 -2.760112 0.721190
v -0.020103 -2.516172 1.034897
v -0.020103 -3.060824 0.968999
v -0.020103 -2.825287 1.288744
v -0.020104 -3.361384 1.192047
v -0.020103 -3.144840 1.525728
v -0.020104 -3.687592 1.375528
v -0.020104 -3.491473 1.721014
v -0.020104 -4.036473 1.549201
v -0.020104 -3.849202 1.900007
v -0.020105 -4.392624 1.721355
v -0.020104 -4.210134 2.074316
v -0.020105 -4.751279 1.894156
v -0.020105 -4.569862 2.250649
v -0.020105 -5.107773 2.075574
v -0.020105 -4.926354 2.432067
v -0.020105 -5.464266 2.256993
v -0.020105 -5.282848 2.613486
v -1.620102 -1.281465 0.015102
v -3.232859 2.827752 -0.361645
v -3.232859 3.083176 -0.053817
v -3.232859 3.391005 -0.309243
v -3.232859 3.135580 -0.617071
v -2.032859 3.135580 -0.617070
v -2.032859 3.391005 -0.309243
v -1.632859 3.391005 -0.309243
v -1.632859 3.135580 -0.617070
v -1.632859 2.212096 0.149205
v -1.632859 2.467521 0.457033
v -1.632859 2.159693 0.712458
v -1.632859 1.904268 0.404631
v -2.832859 1.904268 0.404631
v -2.832859 2.159693 0.712458
v -3.232859 2.159693 0.712458
v -3.232859 1.904268 0.404631
v -2.032859 -1.220143 -1.455761
v -1.632859 -1.220143 -1.455761
v -1.632859 -1.251325 -1.056978
v -2.032859 -1.251325 -1.056978
v -2.832859 2.467521 0.457033
v -3.232859 2.467521 0.457033
v -2.832859 -1.251325 -1.056978
v -2.832859 -0.852542 -1.025796
v -3.232858 -0.852542 -1.025796
v -3.232858 -1.251325 -1.056978
v -2.832859 -0.453759 -0.994613
v -3.232858 -0.453759 -0.994613
v -2.832859 -0.056294 -0.980558
v -3.232858 -0.057509 -0.996366
v -2.832859 0.325926 -0.996526
v -3.232858 0.322505 -1.008827
v -2.832859 0.672161 -1.003853
v -3.232858 0.661977 -1.018715
v -2.832858 0.901198 -0.993478
v -3.232858 0.888328 -1.000101
v -2.832859 1.032079 -0.829414
v -3.232858 1.033773 -0.829445
v -2.832859 1.215199 -0.546679
v -3.232859 1.219023 -0.548057
v -2.832859 1.424186 -0.229445
v -3.232859 1.429652 -0.232717
v -2.832859 1.648843 0.096803
v -3.232859 1.648843 0.096803
v -1.632859 -0.821361 -1.424579
v -1.632859 -0.852543 -1.025796
v -1.632859 -0.422577 -1.393396
v -1.632859 -0.453759 -0.994614
v -1.632859 -0.017189 -1.394856
v -1.632859 -0.057878 -1.001155
v -1.632859 0.379716 -1.395940
v -1.632859 0.321738 -1.011583
v -1.632859 0.752990 -1.387606
v -1.632859 0.660584 -1.020748
v -1.632859 1.052477 -1.329955
v -1.632859 0.888407 -1.000060
v -1.632859 1.271430 -1.115159
v -1.632859 1.036256 -0.829490
v -1.632859 1.494217 -0.814158
v -1.632859 1.221635 -0.548998
v -1.632859 1.721964 -0.488441
v -1.632859 1.433532 -0.235039
v -1.632859 1.956671 -0.158622
v -1.632859 1.648843 0.096803
v -2.032859 -1.126596 -2.652109
v -2.032859 -0.727813 -2.620927
v -1.632859 -0.727813 -2.620927
v -1.632859 -1.126596 -2.652109
v -2.032859 -0.316315 -2.598446
v -1.632859 -0.313452 -2.600405
v -2.032859 0.136390 -2.592527
v -1.632859 0.138892 -2.593803
v -2.032859 0.593022 -2.562002
v -1.632859 0.596713 -2.563029
v -2.032859 1.095051 -2.486242
v -1.632859 1.097042 -2.486155
v -2.032859 1.668317 -2.255331
v -1.632859 1.653294 -2.263163
v -2.032858 2.047205 -1.935318
v -1.632859 2.038918 -1.946123
v -2.032859 2.348478 -1.599298
v -1.632859 2.345434 -1.607883
v -2.032859 2.622743 -1.246663
v -1.632859 2.621156 -1.257803
v -2.032859 2.880154 -0.924898
v -1.632859 2.880154 -0.924898
v -3.232859 -1.157778 -2.253325
v -3.232859 -0.758995 -2.222143
v -3.232859 -0.727813 -2.620927
v -3.232859 -1.126595 -2.652108
v -3.232859 -0.360212 -2.190962
v -3.232859 -0.316635 -2.598226
v -3.232858 0.079387 -2.196146
v -3.232859 0.136651 -2.592660
v -3.232858 0.511047 -2.176041
v -3.232858 0.594028 -2.562281
v -3.232858 0.963052 -2.128157
v -3.232858 1.095092 -2.486240
v -3.232858 1.435513 -1.961109
v -3.232859 1.655007 -2.262270
v -3.232859 1.777187 -1.666996
v -3.232859 2.040528 -1.944024
v -3.232859 2.059315 -1.338700
v -3.232859 2.346268 -1.605531
v -3.232859 2.318716 -0.993095
v -3.232859 2.621721 -1.253833
v -3.232859 2.572326 -0.669473
v -3.232859 2.880154 -0.924898
v -2.832859 3.135580 -0.617071
v -2.832859 2.880154 -0.924898
v -2.432859 3.135580 -0.617070
v -2.432859 2.880154 -0.924898
v -2.832859 2.623104 -1.244129
v -2.432858 2.624102 -1.237125
v -2.832859 2.349034 -1.597728
v -2.432858 2.350944 -1.592341
v -2.832859 2.048393 -1.933770
v -2.432858 2.053597 -1.926983
v -2.832859 1.669872 -2.254521
v -2.432858 1.679061 -2.249731
v -2.832859 1.093376 -2.486316
v -2.432859 1.086845 -2.486601
v -2.832859 0.591036 -2.561449
v -2.432859 0.585053 -2.559785
v -2.832859 0.134854 -2.591745
v -2.432859 0.131324 -2.589945
v -2.832859 -0.318403 -2.597016
v -2.432859 -0.322148 -2.594453
v -2.832859 -0.727813 -2.620927
v -2.432859 -0.727813 -2.620927
v -2.832859 -1.126596 -2.652109
v -2.432859 -1.126596 -2.652109
v -2.032859 1.904268 0.404631
v -2.032859 1.648843 0.096803
v -2.432858 1.904268 0.404631
v -2.432858 1.648843 0.096803
v -2.032859 1.426929 -0.231087
v -2.432858 1.417940 -0.225705
v -2.032859 1.217212 -0.547404
v -2.432858 1.211180 -0.545230
v -2.032859 1.034324 -0.829455
v -2.432858 1.035207 -0.829471
v -2.032859 0.901520 -0.993313
v -2.432858 0.956399 -0.965071
v -2.032859 0.671073 -1.005439
v -2.432858 0.684973 -0.985153
v -2.032859 0.325385 -0.998473
v -2.432858 0.328951 -0.985653
v -2.032859 -0.056540 -0.983758
v -2.432858 -0.055349 -0.968269
v -2.032859 -0.453759 -0.994614
v -2.432859 -0.453759 -0.994613
v -2.032859 -0.852542 -1.025796
v -2.432858 -0.852542 -1.025796
v -2.432858 -1.251325 -1.056978
v -2.032859 2.467521 0.457033
v -2.032859 2.159693 0.712458
v -2.432859 2.467521 0.457033
v -2.432859 2.159693 0.712458
v -3.232858 -1.220143 -1.455761
v -2.832859 -1.220143 -1.455761
v -2.432859 -1.220143 -1.455761
v -2.832859 3.391005 -0.309243
v -2.432859 3.391005 -0.309243
v -2.032859 -1.157779 -2.253326
v -2.432859 -1.157779 -2.253326
v -2.032859 -1.188961 -1.854543
v -2.432859 -1.188961 -1.854543
v -2.832859 -1.157778 -2.253326
v -2.832859 -1.188961 -1.854543
v -3.232859 -1.188961 -1.854543
v -2.832859 3.083177 -0.053817
v -2.432859 3.083177 -0.053817
v -2.832859 2.775348 0.201608
v -2.432859 2.775348 0.201608
v -2.032859 3.083177 -0.053817
v -2.032859 2.775349 0.201608
v -1.632859 3.083177 -0.053817
v -1.632859 2.775349 0.201608
v -3.232859 2.212096 0.149205
v -3.232859 1.956671 -0.158622
v -3.232859 2.519924 -0.106220
v -3.232859 2.264498 -0.414048
v -3.232859 1.718604 -0.484875
v -3.232859 2.014284 -0.733231
v -3.232859 1.492088 -0.812403
v -3.232859 1.772174 -1.072746
v -3.232858 1.269566 -1.114398
v -3.232859 1.517280 -1.392116
v -3.232858 1.052537 -1.329925
v -3.232858 1.224423 -1.655750
v -3.232858 0.753507 -1.385422
v -3.232858 0.845419 -1.755098
v -3.232858 0.379492 -1.392860
v -3.232858 0.437087 -1.780225
v -3.232858 -0.018285 -1.389435
v -3.232858 0.022738 -1.787428
v -3.232858 -0.422577 -1.393396
v -3.232858 -0.391395 -1.792179
v -3.232858 -0.821360 -1.424578
v -3.232859 -0.790178 -1.823361
v -1.632859 2.827752 -0.361645
v -1.632859 2.572326 -0.669473
v -1.632859 2.519924 -0.106220
v -1.632859 2.264498 -0.414048
v -1.632859 2.319239 -0.997654
v -1.632859 2.016405 -0.737851
v -1.632859 2.059209 -1.341329
v -1.632859 1.773286 -1.075328
v -1.632859 1.776359 -1.669120
v -1.632859 1.517880 -1.393836
v -1.632859 1.434450 -1.961666
v -1.632859 1.224440 -1.655741
v -1.632859 0.964960 -2.128619
v -1.632859 0.846638 -1.756801
v -1.632859 0.513549 -2.177652
v -1.632859 0.438810 -1.783035
v -1.632859 0.081475 -2.198008
v -1.632859 0.025741 -1.792601
v -1.632859 -0.357500 -2.193833
v -1.632859 -0.391395 -1.792179
v -1.632859 -0.758996 -2.222144
v -1.632859 -0.790178 -1.823361
v -1.632859 -1.157779 -2.253326
v -1.632859 -1.188961 -1.854543
v -3.232859 2.775348 0.201608
v 1.632858 2.350513 -0.307131
v 1.632858 2.723371 -0.451966
v 1.632858 2.578536 -0.824824
v 1.632859 2.205678 -0.679989
v 2.832859 2.205679 -0.679989
v 2.832859 2.578536 -0.824823
v 3.232859 2.578536 -0.824823
v 3.232859 2.205679 -0.679989
v 3.232859 2.640183 0.438585
v 3.232858 3.013041 0.293750
v 3.232858 3.157876 0.666608
v 3.232859 2.785018 0.811443
v 2.032858 2.785017 0.811443
v 2.032858 3.157875 0.666608
v 1.632858 3.157875 0.666608
v 1.632858 2.785017 0.811442
v 2.832858 0.929844 3.199565
v 3.232858 0.929844 3.199565
v 3.232858 1.328989 3.225709
v 2.832858 1.328989 3.225709
v 2.032858 3.013041 0.293750
v 1.632858 3.013040 0.293750
v 2.032858 1.328988 3.225709
v 2.032858 1.355132 2.826564
v 1.632859 1.355132 2.826564
v 1.632859 1.328988 3.225709
v 2.032859 1.381276 2.427419
v 1.632859 1.381276 2.427419
v 2.032859 1.388171 2.027577
v 1.632859 1.376857 2.027167
v 2.032859 1.349132 1.642289
v 1.632859 1.340748 1.643596
v 2.032859 1.326708 1.295691
v 1.632859 1.316398 1.300783
v 2.032859 1.306859 1.054066
v 1.632859 1.299449 1.063307
v 2.032859 1.362399 1.088608
v 1.632859 1.365347 1.075663
v 2.032859 1.647948 1.071021
v 1.632859 1.646445 1.056808
v 2.032859 2.008083 1.004653
v 1.632859 2.004754 0.994366
v 2.032858 2.403681 0.938510
v 1.632858 2.397379 0.925304
v 3.232859 0.955988 2.800421
v 3.232858 1.355133 2.826564
v 3.232859 0.982132 2.401276
v 3.232859 1.381276 2.427420
v 3.232859 1.008276 2.002131
v 3.232859 1.398899 2.027966
v 3.232859 0.980386 1.594886
v 3.232859 1.354736 1.641416
v 3.232859 0.977526 1.216945
v 3.232859 1.330500 1.293818
v 3.232859 0.994140 0.911336
v 3.232859 1.307027 1.053858
v 3.232860 1.138100 0.836223
v 3.232860 1.362373 1.088725
v 3.232859 1.473723 0.764619
v 3.232859 1.648456 1.075827
v 3.232859 1.855860 0.668913
v 3.232859 2.010114 1.010925
v 3.232859 2.267326 0.583420
v 3.232859 2.408959 0.949568
v 2.832859 -0.267590 3.121134
v 2.832859 -0.241446 2.721989
v 3.232859 -0.241446 2.721989
v 3.232859 -0.267590 3.121134
v 2.832859 -0.215302 2.322844
v 3.232859 -0.215302 2.322844
v 2.832859 -0.189158 1.923700
v 3.232859 -0.189158 1.923700
v 2.832859 -0.175060 1.465118
v 3.232859 -0.176294 1.459028
v 2.832860 -0.124191 1.012763
v 3.232860 -0.123077 1.002876
v 2.832860 0.020782 0.527866
v 3.232860 0.027760 0.517340
v 2.832860 0.480396 0.024577
v 3.232860 0.468404 0.030998
v 2.832860 0.947111 -0.224287
v 3.232860 0.935520 -0.222531
v 2.832859 1.383068 -0.394486
v 3.232859 1.375994 -0.394869
v 2.832859 1.832821 -0.535154
v 3.232859 1.832821 -0.535154
v 1.632859 0.131554 3.147277
v 1.632859 0.157698 2.748132
v 1.632859 -0.241447 2.721988
v 1.632859 -0.267590 3.121133
v 1.632859 0.183842 2.348988
v 1.632859 -0.215302 2.322844
v 1.632859 0.203431 1.941296
v 1.632859 -0.195249 1.908732
v 1.632860 0.204537 1.496899
v 1.632860 -0.179184 1.444769
v 1.632860 0.241279 1.068411
v 1.632860 -0.121256 0.986692
v 1.632860 0.350031 0.647948
v 1.632860 0.034854 0.506636
v 1.632859 0.689040 0.297520
v 1.632859 0.456018 0.037630
v 1.632859 1.105511 0.102796
v 1.632859 0.915907 -0.219562
v 1.632859 1.524911 -0.045053
v 1.632859 1.358218 -0.395832
v 1.632859 1.962976 -0.168613
v 1.632859 1.809825 -0.539345
v 2.032859 2.205678 -0.679989
v 2.032859 1.826581 -0.536291
v 2.432858 2.205678 -0.679989
v 2.432859 1.832820 -0.535154
v 2.032859 1.370807 -0.395150
v 2.432859 1.388032 -0.394217
v 2.032859 0.932237 -0.222034
v 2.432859 0.954166 -0.225355
v 2.032860 0.469145 0.030601
v 2.432859 0.488703 0.020128
v 2.032860 0.027231 0.518136
v 2.432860 0.015987 0.535100
v 2.032860 -0.122804 1.000443
v 2.432859 -0.124864 1.018746
v 2.032859 -0.177073 1.455187
v 2.432859 -0.173822 1.471229
v 2.032859 -0.189699 1.922371
v 2.432859 -0.189158 1.923699
v 2.032859 -0.215302 2.322844
v 2.432859 -0.215302 2.322844
v 2.032859 -0.241446 2.721988
v 2.432859 -0.241446 2.721988
v 2.032859 -0.267590 3.121133
v 2.432859 -0.267590 3.121133
v 2.832859 2.785018 0.811443
v 2.832859 2.411219 0.954304
v 2.432858 2.785017 0.811443
v 2.432858 2.412127 0.956206
v 2.832859 2.011724 1.015898
v 2.432858 2.012590 1.018577
v 2.832859 1.649429 1.085030
v 2.432859 1.650034 1.090748
v 2.832860 1.359822 1.099927
v 2.432859 1.358097 1.107500
v 2.832859 1.313430 1.045871
v 2.432859 1.317804 1.040416
v 2.832859 1.337068 1.290573
v 2.432859 1.341196 1.288533
v 2.832859 1.358596 1.640815
v 2.432859 1.360701 1.640486
v 2.832859 1.402464 2.028095
v 2.432858 1.403861 2.028146
v 2.832859 1.381276 2.427420
v 2.432858 1.381276 2.427419
v 2.832858 1.355133 2.826564
v 2.432858 1.355132 2.826564
v 2.432858 1.328988 3.225709
v 2.832858 3.013041 0.293750
v 2.832858 3.157876 0.666608
v 2.432858 3.013041 0.293750
v 2.432858 3.157875 0.666608
v 1.632859 0.929844 3.199565
v 2.032858 0.929844 3.199565
v 2.432858 0.929844 3.199565
v 2.032858 2.578536 -0.824823
v 2.432858 2.578536 -0.824823
v 2.832859 0.131555 3.147278
v 2.432858 0.131554 3.147278
v 2.832859 0.530700 3.173422
v 2.432858 0.530699 3.173421
v 2.032859 0.131554 3.147277
v 2.032859 0.530699 3.173421
v 1.632859 0.530699 3.173421
v 2.032858 2.723371 -0.451966
v 2.432858 2.723371 -0.451966
v 2.032858 2.868206 -0.079108
v 2.432858 2.868206 -0.079108
v 2.832859 2.723371 -0.451966
v 2.832859 2.868206 -0.079108
v 3.232859 2.723372 -0.451966
v 3.232859 2.868206 -0.079108
v 1.632858 2.640183 0.438585
v 1.632858 2.253590 0.565865
v 1.632858 2.495348 0.065727
v 1.632859 2.114712 0.204549
v 1.632859 1.845176 0.652494
v 1.632859 1.689732 0.308246
v 1.632859 1.465523 0.746044
v 1.632859 1.291003 0.430210
v 1.632859 1.137369 0.823773
v 1.632859 0.916225 0.564793
v 1.632859 0.987891 0.918535
v 1.632860 0.670485 0.781982
v 1.632859 0.963578 1.219145
v 1.632860 0.607095 1.144964
v 1.632859 0.965846 1.592705
v 1.632859 0.589612 1.546564
v 1.632859 0.990127 1.996692
v 1.632859 0.603044 1.971815
v 1.632859 0.982132 2.401275
v 1.632859 0.582987 2.375132
v 1.632859 0.955988 2.800420
v 1.632859 0.556843 2.774276
v 3.232859 2.350513 -0.307131
v 3.232859 1.977656 -0.162296
v 3.232859 2.495349 0.065727
v 3.232859 2.122491 0.210562
v 3.232859 1.544531 -0.038276
v 3.232859 1.712456 0.326133
v 3.232860 1.125897 0.106759
v 3.232860 1.308223 0.444267
v 3.232860 0.701354 0.295687
v 3.232860 0.924744 0.572591
v 3.232860 0.345523 0.655592
v 3.232859 0.672142 0.781650
v 3.232859 0.244708 1.081988
v 3.232859 0.617975 1.151520
v 3.232859 0.212812 1.510990
v 3.232859 0.606845 1.557991
v 3.232859 0.209987 1.949844
v 3.232859 0.609131 1.975987
v 3.232859 0.183843 2.348989
v 3.232859 0.582987 2.375132
v 3.232859 0.157699 2.748133
v 3.232859 0.556843 2.774277
v 3.232859 0.131555 3.147278
v 3.232859 0.530700 3.173422
v 1.632858 2.868206 -0.079108
v 1.596529 -1.150425 -0.400000
v 1.596529 -0.750425 -0.400000
v 1.596529 -0.750425 -0.000000
v 1.596529 -1.150425 -0.000000
v 1.596529 2.449575 -0.800000
v 1.596529 2.849575 -0.800000
v 1.596529 2.849575 -0.400000
v 1.596529 2.449575 -0.400000
v 1.596529 2.849575 0.000000
v 1.596529 2.449575 0.000000
v 1.596529 2.849575 0.400000
v 1.596529 2.449575 0.400000
v 1.596529 2.849575 0.800000
v 1.596529 2.449575 0.800000
v 1.596529 2.049575 0.400000
v 1.596529 2.049575 0.800000
v 1.596529 2.049575 0.000000
v 1.596529 2.049575 -0.400000
v 1.596529 2.049574 -0.800000
v 1.596529 1.649575 0.400000
v 1.596529 1.649575 0.800000
v 1.596529 1.649575 0.000000
v 1.596529 1.649575 -0.400000
v 1.596529 1.649575 -0.800000
v 1.596529 1.249575 0.000000
v 1.596529 1.249575 0.400000
v 1.596529 1.249575 -0.400000
v 1.596529 1.249575 0.800000
v 1.596529 0.849575 0.400000
v 1.596529 0.849575 0.800000
v 1.596529 1.249575 -0.800000
v 1.596529 0.849575 -0.800000
v 1.596529 0.849575 -0.400000
v 1.596529 0.849575 0.000000
v 1.596529 0.049575 -0.000000
v 1.596529 0.449575 -0.000000
v 1.596529 0.449575 0.400000
v 1.596529 0.049575 0.400000
v 1.596529 0.449575 0.800000
v 1.596529 0.049575 0.800000
v 1.596529 0.049575 -0.400000
v 1.596529 0.449575 -0.400000
v 1.596529 0.449575 -0.800000
v 1.596529 0.049575 -0.800000
v 1.596529 -0.350425 -0.800000
v 1.596529 -0.350425 -0.400000
v 1.596529 -0.350425 -0.000000
v 1.596529 -0.350425 0.400000
v 1.596529 -0.750425 0.400000
v 1.596529 -1.150425 0.400000
v 1.596529 -0.350425 0.800000
v 1.596529 -0.750425 0.800000
v 1.596529 -1.150425 0.800000
v 1.596529 -1.550425 0.400000
v 1.596529 -1.550425 0.800000
v 1.596529 -0.750425 -0.800000
v 1.596529 -1.150425 -0.800000
v 1.596529 -1.550425 -0.800000
v 1.596529 -1.550425 -0.400000
v 1.596529 -1.950425 -0.800000
v 1.596529 -1.950425 -0.400000
v 1.596529 -1.550425 -0.000000
v 1.596529 -1.950425 -0.000000
v 1.596529 -1.950425 0.400000
v 1.596529 -1.950425 0.800000
v -1.603471 -1.150425 -0.400000
v -1.603471 -1.150425 -0.000000
v -1.603471 -0.750425 -0.000000
v -1.603471 -0.750425 -0.400000
v -1.603471 2.449575 -0.800000
v -1.603471 2.449575 -0.400000
v -1.603471 2.849575 -0.400000
v -1.603471 2.849575 -0.800000
v -1.603471 2.449575 0.000000
v -1.603471 2.849575 0.000000
v -1.603471 2.449575 0.400000
v -1.603471 2.849575 0.400000
v -1.603471 2.449575 0.800000
v -1.603471 2.849575 0.800000
v -1.603471 2.049575 0.400000
v -1.603471 2.049575 0.800000
v -1.603471 2.049575 0.000000
v -1.603471 2.049575 -0.400000
v -1.603471 2.049574 -0.800000
v -1.603471 1.649575 0.400000
v -1.603471 1.649575 0.800000
v -1.603471 1.649575 0.000000
v -1.603471 1.649575 -0.400000
v -1.603471 1.649575 -0.800000
v -1.603471 1.249575 0.000000
v -1.603471 1.249575 0.400000
v -1.603471 1.249575 -0.400000
v -1.603471 1.249575 0.800000
v -1.603471 0.849575 0.400000
v -1.603471 0.849575 0.800000
v -1.603471 1.249575 -0.800000
v -1.603471 0.849575 -0.800000
v -1.603471 0.849575 -0.400000
v -1.603471 0.849575 0.000000
v -1.603471 0.449575 -0.400000
v -1.603471 0.449575 -0.000000
v -1.603471 0.449575 0.400000
v -1.603471 0.049575 -0.000000
v -1.603471 0.049575 0.400000
v -1.603471 0.449575 0.800000
v -1.603471 0.049575 0.800000
v -1.603471 0.049575 -0.400000
v -1.603471 0.449575 -0.800000
v -1.603471 0.049575 -0.800000
v -1.603471 -0.350425 -0.800000
v -1.603471 -0.350425 -0.400000
v -1.603471 -0.350425 -0.000000
v -1.603471 -0.750425 0.400000
v -1.603471 -0.350425 0.400000
v -1.603471 -1.150425 0.400000
v -1.603471 -1.550425 0.400000
v -1.603471 -1.550425 0.800000
v -1.603471 -1.150425 0.800000
v -1.603471 -0.750425 -0.800000
v -1.603471 -1.150425 -0.800000
v -1.603471 -1.550425 -0.800000
v -1.603471 -1.550425 -0.400000
v -1.603471 -1.950425 -0.800000
v -1.603471 -1.950425 -0.400000
v -1.603471 -1.950425 -0.000000
v -1.603471 -1.550425 -0.000000
v -1.603471 -1.950425 0.400000
v -1.603471 -1.950425 0.800000
v 1.196529 2.849575 0.400000
v 1.196529 2.849575 0.800000
v -0.803471 2.849575 -0.400000
v -1.203471 2.849575 -0.400000
v -1.203471 2.849575 0.000000
v -0.803471 2.849575 0.000000
v -0.403471 2.849575 -0.400000
v -0.403471 2.849575 0.000000
v -0.003471 2.849575 -0.400000
v -0.003471 2.849575 0.000000
v 0.396529 2.849575 -0.400000
v 0.396529 2.849575 0.000000
v 0.796529 2.849575 -0.400000
v 0.796529 2.849575 0.000000
v 1.196529 2.849575 -0.400000
v 1.196529 2.849575 0.000000
v 0.796529 2.849575 0.400000
v 0.396529 2.849575 0.400000
v -0.003471 2.849575 0.400000
v -0.403471 2.849575 0.400000
v -0.803471 2.849575 0.400000
v -1.203471 2.849575 0.400000
v -0.803471 2.849575 -0.800000
v -1.203471 2.849575 -0.800000
v -0.403471 2.849575 -0.800000
v -0.003471 2.849575 -0.800000
v 0.396529 2.849575 -0.800000
v 0.796529 2.849575 -0.800000
v 1.196529 2.849575 -0.800000
v 0.796529 2.849575 0.800000
v 0.396529 2.849575 0.800000
v -0.003471 2.849575 0.800000
v -0.403471 2.849575 0.800000
v -0.803471 2.849575 0.800000
v -1.203471 2.849575 0.800000
v 1.196529 1.649575 0.800000
v 1.196529 1.249575 0.800000
v -0.003471 -1.550425 0.800000
v -0.003471 -1.150425 0.800000
v -0.403471 -1.150425 0.800000
v -0.403471 -1.550425 0.800000
v -0.803471 -1.150425 0.800000
v -0.803471 -1.550425 0.800000
v -1.203471 -1.150425 0.800000
v -1.203471 -1.550425 0.800000
v -1.203471 -1.950425 0.800000
v -0.803471 -1.950425 0.800000
v -0.403471 -1.950425 0.800000
v -0.003471 -1.950425 0.800000
v 0.796529 -1.950425 0.800000
v 0.796529 -1.550425 0.800000
v 0.396529 -1.550425 0.800000
v 0.396529 -1.950425 0.800000
v 0.396529 -1.150425 0.800000
v 0.796529 -1.150425 0.800000
v 1.196529 -1.950425 0.800000
v 1.196529 -1.550425 0.800000
v 1.196529 -1.150425 0.800000
v 1.196529 -0.750425 0.800000
v 1.196529 0.049575 0.800000
v 1.196529 -0.350425 0.800000
v 1.196529 0.449575 0.800000
v -1.203471 -0.750425 0.800000
v -1.203471 -0.350425 0.800000
v -1.603471 -0.350425 0.800000
v -1.603471 -0.750425 0.800000
v -0.803471 -0.750425 0.800000
v -0.803471 -0.350425 0.800000
v -0.803471 0.049575 0.800000
v -0.803471 0.449575 0.800000
v -1.203471 0.449575 0.800000
v -1.203471 0.049575 0.800000
v -0.403471 -0.350425 0.800000
v -0.403471 0.049575 0.800000
v -0.403471 -0.750425 0.800000
v -0.403471 0.449575 0.800000
v -0.403471 0.849575 0.800000
v -0.803471 0.849575 0.800000
v -1.203471 0.849575 0.800000
v -0.803471 1.249575 0.800000
v -1.203471 1.249575 0.800000
v -0.003471 -0.750425 0.800000
v 0.396529 -0.750425 0.800000
v 0.796529 -0.750425 0.800000
v 0.796529 -0.350425 0.800000
v 0.396529 -0.350425 0.800000
v 0.796529 0.049575 0.800000
v 0.396529 0.049575 0.800000
v 0.796529 0.449575 0.800000
v 0.396529 0.449575 0.800000
v -0.003471 -0.350425 0.800000
v -0.003471 0.049575 0.800000
v -0.003471 0.449575 0.800000
v 1.196529 0.849575 0.800000
v 0.796529 0.849575 0.800000
v 0.796529 1.249575 0.800000
v 0.396529 0.849575 0.800000
v 0.396529 1.249575 0.800000
v 0.796529 1.649575 0.800000
v 0.396529 1.649575 0.800000
v 1.196529 2.049575 0.800000
v 0.796529 2.049575 0.800000
v 1.196529 2.449575 0.800000
v 0.796529 2.449575 0.800000
v -0.003471 0.849575 0.800000
v -0.003471 1.249575 0.800000
v -0.403471 1.249575 0.800000
v -0.403471 1.649575 0.800000
v -0.803471 1.649575 0.800000
v -1.203471 1.649575 0.800000
v -0.803471 2.049575 0.800000
v -1.203471 2.049575 0.800000
v -0.003471 1.649575 0.800000
v 0.396529 2.049575 0.800000
v -0.003471 2.049575 0.800000
v -0.403471 2.049575 0.800000
v -0.803471 2.449575 0.800000
v -1.203471 2.449575 0.800000
v 0.396529 2.449575 0.800000
v -0.403471 2.449575 0.800000
v -0.003471 2.449575 0.800000
v 1.196529 -1.950425 0.400000
v -1.203471 -1.950425 -0.800000
v -1.203471 -1.950425 -0.400000
v -0.803471 -1.950425 -0.800000
v -0.803471 -1.950425 -0.400000
v -0.403471 -1.950425 -0.800000
v -0.403471 -1.950425 -0.400000
v -0.003471 -1.950425 -0.800000
v -0.003471 -1.939180 -0.399727
v 0.396529 -1.950425 -0.800000
v 0.396529 -1.950425 -0.400000
v 0.796529 -1.950425 -0.800000
v 0.796529 -1.950425 -0.400000
v 1.196529 -1.950425 -0.800000
v 1.196529 -1.950425 -0.400000
v 1.196529 -1.950425 -0.000000
v 0.796529 -1.950425 -0.000000
v 0.396529 -1.950425 -0.000000
v -0.003471 -1.950425 -0.000000
v -0.403471 -1.950425 -0.000000
v -0.803471 -1.950425 -0.000000
v -1.203471 -1.950425 -0.000000
v -1.203471 -1.950425 0.400000
v -0.803471 -1.950425 0.400000
v -0.403471 -1.923223 0.400560
v -0.003471 -1.950425 0.400000
v 0.396529 -1.950425 0.400000
v 0.796529 -1.950425 0.400000
v 1.196529 2.449575 -0.800000
v -0.003471 1.649575 -0.800000
v -0.003471 2.049574 -0.800000
v 0.396529 2.049574 -0.800000
v 0.396529 1.649575 -0.800000
v -0.003471 2.449575 -0.800000
v 0.396529 2.449575 -0.800000
v 0.796529 2.049574 -0.800000
v 0.796529 2.449575 -0.800000
v 1.196529 2.049574 -0.800000
v 0.796529 1.649575 -0.800000
v 1.196529 1.649575 -0.800000
v -0.403471 2.449575 -0.800000
v -0.403471 2.049574 -0.800000
v -0.803471 2.449575 -0.800000
v -0.803471 2.049574 -0.800000
v 0.796529 1.249575 -0.800000
v 1.196529 1.249575 -0.800000
v 1.196529 0.849575 -0.800000
v 1.196529 0.449575 -0.800000
v 1.196529 0.049575 -0.800000
v 1.196529 -0.350425 -0.800000
v 0.796529 -0.350425 -0.800000
v 0.796529 0.049575 -0.800000
v -0.003471 1.249575 -0.800000
v 0.396529 1.249575 -0.800000
v -0.003471 0.849575 -0.800000
v 0.396529 0.849575 -0.800000
v -0.003471 0.449575 -0.800000
v 0.396529 0.449575 -0.800000
v -0.403471 1.649575 -0.800000
v -0.803471 1.649575 -0.800000
v -1.203471 1.649575 -0.800000
v -1.203471 2.049574 -0.800000
v -1.203471 1.249575 -0.800000
v -0.803471 1.249575 -0.800000
v -1.203471 0.849575 -0.800000
v -0.803471 0.849575 -0.800000
v -1.203471 0.449575 -0.800000
v -1.203471 0.049575 -0.800000
v -1.203471 -0.350425 -0.800000
v -1.203471 2.449575 -0.800000
v 0.796529 0.849575 -0.800000
v 0.796529 0.449575 -0.800000
v 0.396529 0.049575 -0.800000
v 0.396529 -0.350425 -0.800000
v -0.803471 0.449575 -0.800000
v -0.803471 0.049575 -0.800000
v -0.803471 -0.350425 -0.800000
v -0.403471 0.049575 -0.800000
v -0.403471 -0.350425 -0.800000
v -0.403471 0.449575 -0.800000
v -0.403471 0.849575 -0.800000
v -0.403471 1.249575 -0.800000
v -0.003471 0.049575 -0.800000
v -0.003471 -0.350425 -0.800000
v 1.196529 -0.750425 -0.800000
v 0.796529 -0.750425 -0.800000
v 0.396529 -0.750425 -0.800000
v -1.203471 -0.750425 -0.800000
v -1.203471 -1.150425 -0.800000
v -0.803471 -0.750425 -0.800000
v -0.803471 -1.150425 -0.800000
v -0.403471 -0.750425 -0.800000
v -0.003471 -0.750425 -0.800000
v -0.003471 -1.150425 -0.800000
v 0.396529 -1.150425 -0.800000
v -0.003471 -1.550425 -0.800000
v 0.396529 -1.550425 -0.800000
v 1.196529 -1.550425 -0.800000
v 1.196529 -1.150425 -0.800000
v 0.796529 -1.550425 -0.800000
v 0.796529 -1.150425 -0.800000
v -0.403471 -1.150425 -0.800000
v -0.403471 -1.550425 -0.800000
v -0.803471 -1.550425 -0.800000
v -1.203471 -1.550425 -0.800000
vn 1.0000 -0.0000 -0.0000
vn -1.0000 -0.0000 -0.0000
vn -0.0000 1.0000 -0.0000
vn -0.0000 -0.0000 1.0000
vn -0.0000 -0.0000 -1.0000
vn -0.0000 -1.0000 -0.0000
vn -0.0000 0.3850 -0.9229
vn -0.0000 -0.3850 0.9229
vn 0.0009 -0.3785 0.9256
vn 0.0008 -0.3800 0.9250
vn -0.0000 -0.8112 -0.5848
vn -0.0000 0.9270 0.3751
vn -0.0000 0.9229 0.3850
vn -0.0006 0.9247 0.3806
vn -0.0000 -0.5848 0.8112
vn 0.0014 -0.5888 0.8083
vn 0.0051 -0.5963 0.8027
vn 0.0008 -0.5870 0.8096
vn 0.0038 -0.5921 0.8059
vn 0.0052 -0.5973 0.8020
vn 0.0025 -0.5689 0.8224
vn 0.0032 -0.5911 0.8066
vn 0.0007 -0.5063 0.8623
vn 0.0018 -0.5676 0.8233
vn 0.0027 -0.4258 0.9048
vn 0.0003 -0.5058 0.8627
vn 0.0033 -0.3791 0.9254
vn 0.0019 -0.4270 0.9043
vn 0.0044 -0.3787 0.9255
vn 0.0028 -0.3640 0.9314
vn 0.0036 -0.3641 0.9314
vn 0.0032 -0.3654 0.9309
vn 0.0042 -0.3661 0.9306
vn -0.0000 0.5848 -0.8112
vn 0.0004 0.5914 -0.8064
vn 0.0021 0.6027 -0.7980
vn -0.0000 0.5923 -0.8057
vn 0.0021 0.6021 -0.7984
vn 0.0024 0.6020 -0.7985
vn 0.0021 0.6022 -0.7983
vn 0.0013 0.5765 -0.8171
vn 0.0009 0.4901 -0.8717
vn 0.0020 0.5771 -0.8167
vn 0.0036 0.3972 -0.9177
vn 0.0013 0.4905 -0.8714
vn 0.0048 0.3654 -0.9308
vn 0.0056 0.3992 -0.9169
vn 0.0055 0.3659 -0.9306
vn 0.0068 0.3662 -0.9305
vn 0.0011 0.3771 -0.9262
vn 0.0064 0.3642 -0.9313
vn -0.0000 0.3741 -0.9274
vn -0.0013 0.3721 -0.9282
vn -0.0000 0.3685 -0.9296
vn -0.0013 0.3779 -0.9259
vn -0.0076 0.3606 -0.9327
vn -0.0103 0.3642 -0.9313
vn -0.0045 0.3673 -0.9301
vn -0.0092 0.3696 -0.9291
vn -0.0094 0.3680 -0.9298
vn -0.0027 0.3653 -0.9309
vn -0.0070 0.4028 -0.9152
vn -0.0061 0.3999 -0.9165
vn -0.0015 0.3963 -0.9181
vn -0.0015 0.4908 -0.8713
vn -0.0019 0.4902 -0.8716
vn -0.0000 0.4900 -0.8717
vn -0.0019 0.5741 -0.8188
vn -0.0040 0.5752 -0.8180
vn -0.0012 0.5771 -0.8166
vn -0.0055 0.6006 -0.7996
vn -0.0044 0.5993 -0.8005
vn -0.0022 0.6021 -0.7984
vn -0.0066 0.6030 -0.7977
vn -0.0047 0.6045 -0.7966
vn -0.0036 0.6012 -0.7991
vn -0.0008 0.5950 -0.8037
vn -0.0000 0.5969 -0.8023
vn -0.0010 0.5915 -0.8063
vn -0.0002 -0.3815 0.9243
vn -0.0008 -0.3682 0.9297
vn -0.0008 -0.3680 0.9298
vn -0.0001 -0.3818 0.9242
vn 0.0020 -0.3679 0.9299
vn -0.0009 -0.3635 0.9316
vn -0.0011 -0.3633 0.9317
vn 0.0019 -0.3638 0.9315
vn -0.0013 -0.3784 0.9256
vn -0.0015 -0.3783 0.9257
vn 0.0022 -0.3783 0.9257
vn -0.0012 -0.4234 0.9059
vn -0.0013 -0.4239 0.9057
vn 0.0012 -0.4234 0.9059
vn -0.0002 -0.5060 0.8625
vn -0.0004 -0.5068 0.8621
vn 0.0002 -0.5070 0.8620
vn -0.0013 -0.5693 0.8221
vn -0.0014 -0.5701 0.8216
vn 0.0011 -0.5704 0.8213
vn -0.0020 -0.5933 0.8050
vn -0.0016 -0.5936 0.8048
vn 0.0017 -0.5934 0.8049
vn -0.0026 -0.5954 0.8035
vn -0.0017 -0.5947 0.8040
vn 0.0020 -0.5947 0.8040
vn -0.0007 -0.5861 0.8103
vn -0.0002 -0.5854 0.8108
vn -0.0000 -0.5850 0.8110
vn -0.0021 0.9237 0.3831
vn -0.0000 0.9261 0.3773
vn -0.0000 -0.3822 0.9241
vn -0.0000 0.9213 0.3887
vn -0.0017 0.9211 0.3893
vn -0.0000 0.9214 0.3886
vn -0.0062 0.9221 0.3869
vn -0.0052 0.9209 0.3898
vn -0.0157 0.9209 0.3895
vn -0.0000 -0.6297 -0.7768
vn -0.0000 0.6297 0.7769
vn 0.0001 0.6297 0.7768
vn -0.0000 0.6297 0.7768
vn -0.0000 -0.8912 0.4535
vn -0.0000 0.7768 -0.6297
vn -0.0000 0.4535 0.8912
vn 0.0007 0.4454 0.8953
vn 0.0045 0.4371 0.8994
vn 0.0013 0.4437 0.8962
vn 0.0035 0.4466 0.8948
vn 0.0047 0.4360 0.8999
vn 0.0023 0.4761 0.8794
vn 0.0030 0.4476 0.8942
vn 0.0006 0.5446 0.8387
vn 0.0018 0.4773 0.8787
vn 0.0018 0.6086 0.7935
vn -0.0000 0.5446 0.8387
vn 0.0023 0.6097 0.7926
vn 0.0031 0.6349 0.7726
vn 0.0036 0.6358 0.7718
vn 0.0049 0.6447 0.7644
vn 0.0047 0.6438 0.7652
vn 0.0014 0.6382 0.7699
vn 0.0007 0.6366 0.7712
vn -0.0000 -0.4535 -0.8912
vn 0.0007 -0.4426 -0.8967
vn 0.0043 -0.4329 -0.9014
vn -0.0000 -0.4406 -0.8977
vn 0.0048 -0.4342 -0.9008
vn 0.0043 -0.4391 -0.8984
vn 0.0040 -0.4383 -0.8988
vn 0.0032 -0.4665 -0.8845
vn 0.0028 -0.4652 -0.8852
vn 0.0016 -0.5441 -0.8390
vn 0.0029 -0.6186 -0.7857
vn 0.0009 -0.5441 -0.8390
vn 0.0041 -0.6477 -0.7619
vn 0.0033 -0.6174 -0.7866
vn 0.0056 -0.6452 -0.7640
vn 0.0084 -0.6441 -0.7649
vn 0.0015 -0.6370 -0.7709
vn 0.0154 -0.6452 -0.7638
vn -0.0000 -0.6422 -0.7666
vn -0.0007 -0.6403 -0.7681
vn -0.0000 -0.6420 -0.7667
vn -0.0008 -0.6380 -0.7700
vn -0.0042 -0.6480 -0.7616
vn -0.0048 -0.6469 -0.7626
vn -0.0060 -0.6450 -0.7641
vn -0.0042 -0.6413 -0.7672
vn -0.0041 -0.6421 -0.7666
vn -0.0016 -0.6441 -0.7650
vn -0.0031 -0.6176 -0.7865
vn -0.0028 -0.6187 -0.7856
vn -0.0000 -0.6199 -0.7847
vn -0.0016 -0.5443 -0.8389
vn -0.0009 -0.5442 -0.8389
vn -0.0000 -0.5442 -0.8390
vn -0.0030 -0.4654 -0.8851
vn -0.0033 -0.4668 -0.8844
vn -0.0001 -0.4639 -0.8859
vn -0.0044 -0.4384 -0.8988
vn -0.0045 -0.4394 -0.8983
vn -0.0002 -0.4374 -0.8992
vn -0.0052 -0.4341 -0.9008
vn -0.0045 -0.4327 -0.9015
vn -0.0003 -0.4356 -0.9002
vn -0.0008 -0.4422 -0.8969
vn -0.0000 -0.4401 -0.8979
vn -0.0001 -0.4445 -0.8958
vn -0.0007 0.6365 0.7713
vn -0.0014 0.6380 0.7700
vn -0.0000 0.6349 0.7726
vn -0.0046 0.6437 0.7652
vn -0.0050 0.6447 0.7644
vn 0.0001 0.6428 0.7660
vn -0.0036 0.6359 0.7717
vn -0.0032 0.6350 0.7725
vn 0.0001 0.6368 0.7710
vn -0.0023 0.6097 0.7926
vn -0.0018 0.6086 0.7935
vn -0.0000 0.6108 0.7918
vn -0.0006 0.5445 0.8387
vn -0.0000 0.5445 0.8388
vn -0.0017 0.4771 0.8788
vn -0.0022 0.4760 0.8794
vn 0.0001 0.4749 0.8800
vn -0.0029 0.4473 0.8944
vn -0.0033 0.4464 0.8948
vn 0.0002 0.4455 0.8953
vn -0.0045 0.4362 0.8998
vn -0.0041 0.4373 0.8993
vn 0.0002 0.4383 0.8988
vn -0.0012 0.4440 0.8960
vn -0.0006 0.4456 0.8952
vn -0.0000 0.4473 0.8944
vn 0.0210 0.7633 -0.6457
vn -0.0001 0.6297 0.7768
vn -0.0005 0.7771 -0.6294
vn -0.0000 0.7765 -0.6301
vn -0.0007 0.7767 -0.6299
vn 0.0158 0.7831 -0.6217
vn 0.0026 0.7785 -0.6277
vn 0.0329 0.7691 -0.6383
vn 0.0080 0.8047 -0.5937
vn -0.0000 0.7834 -0.6215
vn 0.0663 0.7642 -0.6415
vn 0.0010 0.7774 -0.6290
vn -0.0000 0.7780 -0.6282
vn 0.0014 0.7765 -0.6301
vn -0.0000 0.7696 -0.6386
vn -0.0000 -0.7696 0.6386
vn -0.0000 -0.9970 -0.0780
vn -0.0000 0.6386 0.7696
vn -0.0000 -0.0780 0.9970
vn -0.0050 -0.0517 0.9986
vn -0.0296 0.0087 0.9995
vn -0.0000 -0.0368 0.9993
vn -0.0301 -0.0017 0.9995
vn -0.0332 0.0331 0.9989
vn -0.0306 0.0327 0.9990
vn -0.0345 -0.0273 0.9990
vn -0.0351 -0.0177 0.9992
vn -0.0084 -0.4427 0.8966
vn -0.0028 -0.4404 0.8978
vn 0.0007 -0.8037 0.5950
vn -0.0079 -0.8385 0.5448
vn 0.0125 -0.8165 0.5773
vn -0.0140 -0.8276 0.5611
vn -0.0114 -0.8342 0.5513
vn -0.0020 -0.7986 0.6019
vn -0.0119 -0.8298 0.5579
vn -0.0000 -0.8022 0.5970
vn -0.0000 0.0780 -0.9970
vn -0.0013 0.0650 -0.9979
vn -0.0067 0.0327 -0.9994
vn -0.0013 0.0676 -0.9977
vn -0.0053 0.0401 -0.9992
vn -0.0047 0.0315 -0.9995
vn -0.0050 0.1075 -0.9942
vn -0.0033 0.0408 -0.9992
vn -0.0034 0.2639 -0.9646
vn -0.0028 0.1090 -0.9940
vn 0.0026 0.5065 -0.8622
vn -0.0011 0.2640 -0.9645
vn -0.0000 0.5145 -0.8575
vn -0.0016 0.6915 -0.7223
vn -0.0037 0.6972 -0.7169
vn -0.0066 0.7644 -0.6447
vn -0.0074 0.7673 -0.6413
vn -0.0124 0.7884 -0.6151
vn -0.0106 0.7866 -0.6173
vn -0.0034 0.7773 -0.6291
vn -0.0015 0.7743 -0.6328
vn 0.0011 0.7735 -0.6338
vn 0.0030 0.7761 -0.6306
vn -0.0000 0.7714 -0.6363
vn 0.0085 0.7859 -0.6183
vn 0.0109 0.7876 -0.6161
vn -0.0012 0.7846 -0.6199
vn 0.0063 0.7682 -0.6402
vn 0.0060 0.7657 -0.6432
vn -0.0009 0.7700 -0.6380
vn 0.0034 0.6981 -0.7160
vn 0.0013 0.6928 -0.7211
vn -0.0005 0.7017 -0.7125
vn -0.0000 0.5152 -0.8571
vn -0.0027 0.5071 -0.8619
vn -0.0001 0.5194 -0.8545
vn 0.0028 0.2627 -0.9649
vn 0.0009 0.2627 -0.9649
vn -0.0006 0.2602 -0.9656
vn 0.0023 0.1078 -0.9942
vn 0.0038 0.1068 -0.9943
vn -0.0010 0.1050 -0.9945
vn 0.0025 0.0394 -0.9992
vn 0.0037 0.0391 -0.9992
vn -0.0012 0.0386 -0.9993
vn 0.0030 0.0335 -0.9994
vn 0.0043 0.0343 -0.9994
vn -0.0014 0.0355 -0.9994
vn 0.0008 0.0674 -0.9977
vn 0.0009 0.0690 -0.9976
vn -0.0000 0.0715 -0.9974
vn 0.0024 -0.8013 0.5983
vn -0.0000 -0.8056 0.5924
vn 0.0010 -0.7952 0.6063
vn 0.0144 -0.8312 0.5558
vn 0.0184 -0.8283 0.5600
vn 0.0036 -0.8252 0.5648
vn 0.0134 -0.8326 0.5537
vn 0.0139 -0.8364 0.5480
vn 0.0002 -0.8437 0.5368
vn -0.0001 -0.8009 0.5987
vn -0.0081 -0.8157 0.5784
vn -0.0000 -0.8563 0.5165
vn 0.0038 -0.4399 0.8980
vn 0.0087 -0.4425 0.8967
vn 0.0011 -0.5484 0.8362
vn 0.0374 -0.0218 0.9991
vn 0.0357 -0.0323 0.9988
vn 0.0012 -0.0342 0.9994
vn 0.0343 0.0309 0.9989
vn 0.0357 0.0299 0.9989
vn 0.0023 0.0268 0.9996
vn 0.0349 -0.0006 0.9994
vn 0.0325 0.0110 0.9994
vn 0.0036 -0.0115 0.9999
vn 0.0055 -0.0472 0.9989
vn -0.0000 -0.0308 0.9995
vn 0.0010 -0.0634 0.9980
vn -0.0000 -0.3621 -0.9321
vn -0.0000 0.3621 0.9321
vn -0.0090 0.3308 0.9437
vn -0.0061 0.3449 0.9386
vn -0.0000 -0.0654 0.9979
vn -0.0000 0.9321 -0.3621
vn -0.0000 0.9979 0.0654
vn -0.0071 0.9994 0.0342
vn -0.0240 0.9988 -0.0417
vn -0.0000 0.9991 0.0413
vn -0.0268 0.9962 -0.0825
vn -0.0264 0.9982 -0.0542
vn -0.0251 0.9973 -0.0696
vn -0.0212 0.9964 -0.0823
vn -0.0298 0.9970 -0.0712
vn 0.0009 0.6779 0.7351
vn -0.0208 0.5333 0.8457
vn -0.0071 -0.0785 0.9969
vn -0.0409 0.1209 0.9918
vn -0.0202 -0.2590 0.9657
vn -0.0291 0.1746 0.9842
vn -0.0357 0.1194 0.9922
vn -0.0343 0.1757 0.9838
vn -0.0336 0.2254 0.9737
vn -0.0360 0.2353 0.9713
vn -0.0000 -0.9979 -0.0654
vn -0.0004 -0.9988 -0.0485
vn -0.0032 -0.9975 -0.0703
vn -0.0008 -0.9989 -0.0474
vn -0.0013 -0.9800 -0.1992
vn -0.0031 -0.9975 -0.0711
vn -0.0002 -0.8700 -0.4930
vn 0.0006 -0.9786 -0.2055
vn -0.0048 -0.6196 -0.7849
vn 0.0020 -0.8663 -0.4995
vn -0.0055 -0.6134 -0.7897
vn -0.0062 -0.4205 -0.9073
vn -0.0060 -0.4171 -0.9088
vn -0.0065 -0.3294 -0.9442
vn -0.0049 -0.3304 -0.9438
vn -0.0014 -0.3294 -0.9442
vn -0.0005 -0.3310 -0.9436
vn 0.0053 -0.3534 -0.9355
vn 0.0124 -0.3237 -0.9461
vn 0.0185 -0.3164 -0.9484
vn 0.0010 -0.3592 -0.9333
vn 0.0029 -0.3314 -0.9435
vn 0.0146 -0.3322 -0.9431
vn 0.0113 -0.3365 -0.9416
vn 0.0054 -0.3307 -0.9437
vn 0.0121 -0.4225 -0.9063
vn 0.0090 -0.4287 -0.9034
vn 0.0057 -0.4149 -0.9099
vn 0.0087 -0.6197 -0.7848
vn 0.0055 -0.6263 -0.7796
vn 0.0040 -0.6094 -0.7928
vn -0.0002 -0.8672 -0.4980
vn -0.0020 -0.8640 -0.5035
vn 0.0010 -0.8727 -0.4883
vn 0.0001 -0.9762 -0.2167
vn 0.0023 -0.9783 -0.2073
vn 0.0022 -0.9809 -0.1947
vn 0.0055 -0.9969 -0.0789
vn 0.0086 -0.9973 -0.0726
vn 0.0028 -0.9976 -0.0687
vn 0.0132 -0.9991 -0.0392
vn 0.0073 -0.9990 -0.0445
vn 0.0006 -0.9988 -0.0494
vn 0.0039 -0.9981 -0.0607
vn 0.0002 -0.9979 -0.0648
vn 0.0033 0.3565 0.9343
vn 0.0076 0.2548 0.9670
vn 0.0130 0.2496 0.9683
vn 0.0007 0.3602 0.9329
vn -0.0159 0.2533 0.9672
vn 0.0112 0.1686 0.9856
vn 0.0129 0.1644 0.9863
vn -0.0153 0.1749 0.9845
vn 0.0205 0.1137 0.9933
vn 0.0185 0.1200 0.9926
vn -0.0147 0.1247 0.9921
vn 0.0025 -0.2706 0.9627
vn 0.0148 -0.3981 0.9172
vn -0.0139 -0.4648 0.8853
vn 0.0242 0.3967 0.9176
vn -0.0088 0.5369 0.8436
vn -0.0355 0.3125 0.9493
vn 0.0132 0.9969 -0.0782
vn 0.0151 0.9966 -0.0815
vn -0.0119 0.9972 -0.0739
vn 0.0084 0.9961 -0.0880
vn 0.0097 0.9958 -0.0916
vn -0.0138 0.9964 -0.0838
vn 0.0069 0.9995 -0.0324
vn 0.0060 0.9996 -0.0292
vn -0.0178 0.9995 -0.0271
vn 0.0011 0.9983 0.0581
vn -0.0000 0.9985 0.0547
vn -0.0045 0.9984 0.0556
vn -0.0000 0.3620 0.9322
vn -0.0000 -0.9999 0.0140
vn 0.0105 -0.9999 0.0035
vn -0.0105 -0.9999 0.0035
vn -0.0000 -1.0000 0.0070
vn -0.0035 -1.0000 -0.0035
vn -0.0000 -0.9999 -0.0141
vn 0.0035 -0.9999 0.0134
vn 0.0170 -0.9999 -0.0000
vn -0.0170 -0.9999 -0.0000
vn -0.0000 -1.0000 -0.0002
vn -0.0000 -0.9994 -0.0340
vt 0.312907 0.390000
vt 0.292719 0.370000
vt 0.312907 0.370000
vt 0.353282 0.370000
vt 0.333094 0.390000
vt 0.333094 0.370000
vt 0.292719 0.350000
vt 0.312907 0.350000
vt 0.333094 0.350000
vt 0.353282 0.350000
vt 0.333094 0.330000
vt 0.353282 0.330000
vt 0.312907 0.330000
vt 0.292719 0.330000
vt 0.292719 0.390000
vt 0.272532 0.370000
vt 0.272532 0.350000
vt 0.272532 0.330000
vt 0.312907 0.310000
vt 0.333094 0.310000
vt 0.292719 0.310000
vt 0.353282 0.310000
vt 0.333094 0.410000
vt 0.353282 0.390000
vt 0.353282 0.410000
vt 0.333094 0.430000
vt 0.312907 0.410000
vt 0.353282 0.290000
vt 0.333094 0.290000
vt 0.312907 0.290000
vt 0.292719 0.290000
vt 0.272532 0.310000
vt 0.353282 0.270000
vt 0.333094 0.270000
vt 0.312907 0.270000
vt 0.292719 0.270000
vt 0.272532 0.270000
vt 0.272532 0.290000
vt 0.292719 0.410000
vt 0.272532 0.390000
vt 0.312907 0.430000
vt 0.292719 0.430000
vt 0.272532 0.410000
vt 0.252344 0.370000
vt 0.252344 0.390000
vt 0.272532 0.430000
vt 0.252344 0.410000
vt 0.252344 0.290000
vt 0.232157 0.310000
vt 0.232157 0.290000
vt 0.252344 0.270000
vt 0.232157 0.270000
vt 0.211969 0.270000
vt 0.211969 0.290000
vt 0.252344 0.330000
vt 0.252344 0.310000
vt 0.232157 0.330000
vt 0.211969 0.310000
vt 0.252344 0.350000
vt 0.232157 0.350000
vt 0.211969 0.330000
vt 0.191782 0.290000
vt 0.191782 0.270000
vt 0.191782 0.310000
vt 0.191782 0.330000
vt 0.232157 0.370000
vt 0.232157 0.390000
vt 0.211969 0.370000
vt 0.211969 0.350000
vt 0.191782 0.350000
vt 0.191782 0.370000
vt 0.191782 0.390000
vt 0.232157 0.410000
vt 0.211969 0.390000
vt 0.191782 0.410000
vt 0.252344 0.430000
vt 0.232157 0.430000
vt 0.211969 0.410000
vt 0.191782 0.430000
vt 0.434032 0.330000
vt 0.413844 0.310000
vt 0.434032 0.310000
vt 0.434032 0.270000
vt 0.413844 0.290000
vt 0.413844 0.270000
vt 0.434032 0.290000
vt 0.454219 0.330000
vt 0.454219 0.310000
vt 0.454219 0.290000
vt 0.454219 0.270000
vt 0.474407 0.290000
vt 0.474407 0.270000
vt 0.474407 0.310000
vt 0.474407 0.330000
vt 0.434032 0.350000
vt 0.413844 0.330000
vt 0.454219 0.350000
vt 0.474407 0.350000
vt 0.494594 0.310000
vt 0.494594 0.290000
vt 0.494594 0.330000
vt 0.494594 0.270000
vt 0.393657 0.290000
vt 0.393657 0.270000
vt 0.373469 0.290000
vt 0.373469 0.270000
vt 0.393657 0.310000
vt 0.514782 0.270000
vt 0.514782 0.310000
vt 0.514782 0.290000
vt 0.494594 0.350000
vt 0.534969 0.270000
vt 0.534969 0.310000
vt 0.534969 0.290000
vt 0.514782 0.330000
vt 0.534969 0.350000
vt 0.534969 0.330000
vt 0.514782 0.350000
vt 0.413844 0.350000
vt 0.393657 0.330000
vt 0.373469 0.310000
vt 0.393657 0.350000
vt 0.373469 0.330000
vt 0.434032 0.370000
vt 0.413844 0.370000
vt 0.393657 0.370000
vt 0.373469 0.350000
vt 0.514782 0.370000
vt 0.494594 0.390000
vt 0.494594 0.370000
vt 0.534969 0.370000
vt 0.514782 0.390000
vt 0.534969 0.410000
vt 0.534969 0.390000
vt 0.514782 0.410000
vt 0.474407 0.370000
vt 0.494594 0.410000
vt 0.474407 0.390000
vt 0.454219 0.370000
vt 0.474407 0.410000
vt 0.454219 0.390000
vt 0.514782 0.430000
vt 0.494594 0.430000
vt 0.474407 0.430000
vt 0.434032 0.390000
vt 0.434032 0.410000
vt 0.413844 0.390000
vt 0.454219 0.410000
vt 0.454219 0.430000
vt 0.434032 0.430000
vt 0.413844 0.430000
vt 0.413844 0.410000
vt 0.393657 0.390000
vt 0.393657 0.430000
vt 0.393657 0.410000
vt 0.373469 0.370000
vt 0.373469 0.390000
vt 0.373469 0.430000
vt 0.373469 0.410000
vt 0.050469 0.590000
vt 0.030281 0.570000
vt 0.050469 0.570000
vt 0.131219 0.610000
vt 0.111031 0.590000
vt 0.131219 0.590000
vt 0.151406 0.610000
vt 0.151406 0.590000
vt 0.171594 0.610000
vt 0.171594 0.590000
vt 0.151406 0.570000
vt 0.171594 0.570000
vt 0.131219 0.570000
vt 0.151406 0.550000
vt 0.171594 0.550000
vt 0.111031 0.610000
vt 0.090844 0.590000
vt 0.131219 0.550000
vt 0.111031 0.530000
vt 0.131219 0.530000
vt 0.111031 0.550000
vt 0.090844 0.530000
vt 0.111031 0.570000
vt 0.090844 0.550000
vt 0.090844 0.570000
vt 0.070656 0.550000
vt 0.070656 0.510000
vt 0.090844 0.510000
vt 0.070656 0.530000
vt 0.070656 0.570000
vt 0.050469 0.550000
vt 0.050469 0.530000
vt 0.070656 0.590000
vt 0.090844 0.610000
vt 0.070656 0.610000
vt 0.050469 0.610000
vt 0.030281 0.590000
vt 0.151406 0.530000
vt 0.171594 0.530000
vt 0.151406 0.510000
vt 0.171594 0.510000
vt 0.131219 0.510000
vt 0.111031 0.510000
vt 0.090844 0.490000
vt 0.111031 0.490000
vt 0.534969 0.170000
vt 0.514782 0.150000
vt 0.534969 0.150000
vt 0.030281 0.470000
vt 0.010094 0.450000
vt 0.030281 0.450000
vt 0.050469 0.470000
vt 0.050469 0.450000
vt 0.070656 0.470000
vt 0.070656 0.450000
vt 0.090844 0.470000
vt 0.090844 0.450000
vt 0.111031 0.470000
vt 0.111031 0.450000
vt 0.171594 0.470000
vt 0.151406 0.450000
vt 0.171594 0.450000
vt 0.151406 0.490000
vt 0.171594 0.490000
vt 0.131219 0.490000
vt 0.151406 0.470000
vt 0.131219 0.450000
vt 0.131219 0.470000
vt 0.514782 0.170000
vt 0.494594 0.150000
vt 0.030281 0.490000
vt 0.010094 0.470000
vt 0.030281 0.530000
vt 0.030281 0.550000
vt 0.050469 0.510000
vt 0.050469 0.490000
vt 0.070656 0.490000
vt 0.030281 0.510000
vt 0.494594 0.170000
vt 0.474407 0.150000
vt 0.010094 0.490000
vt 0.474407 0.170000
vt 0.454219 0.150000
vt 0.010094 0.510000
vt 0.454219 0.170000
vt 0.434032 0.150000
vt 0.010094 0.530000
vt 0.434032 0.170000
vt 0.413844 0.150000
vt 0.010094 0.550000
vt 0.413844 0.170000
vt 0.393657 0.150000
vt 0.010094 0.570000
vt 0.393657 0.170000
vt 0.373469 0.150000
vt 0.030281 0.610000
vt 0.010094 0.590000
vt 0.434032 0.130000
vt 0.413844 0.110000
vt 0.434032 0.110000
vt 0.514782 0.130000
vt 0.494594 0.130000
vt 0.474407 0.130000
vt 0.454219 0.130000
vt 0.413844 0.130000
vt 0.393657 0.130000
vt 0.373469 0.130000
vt 0.373469 0.110000
vt 0.393657 0.110000
vt 0.534969 0.130000
vt 0.514782 0.110000
vt 0.534969 0.110000
vt 0.454219 0.110000
vt 0.474407 0.110000
vt 0.494594 0.110000
vt 0.514782 0.090000
vt 0.534969 0.090000
vt 0.494594 0.090000
vt 0.474407 0.090000
vt 0.454219 0.090000
vt 0.434032 0.090000
vt 0.413844 0.090000
vt 0.393657 0.090000
vt 0.373469 0.090000
vt 0.373469 0.070000
vt 0.393657 0.070000
vt 0.514782 0.070000
vt 0.534969 0.070000
vt 0.494594 0.070000
vt 0.413844 0.070000
vt 0.434032 0.070000
vt 0.474407 0.070000
vt 0.454219 0.070000
vt 0.514782 0.050000
vt 0.534969 0.050000
vt 0.494594 0.050000
vt 0.474407 0.050000
vt 0.454219 0.050000
vt 0.434032 0.050000
vt 0.413844 0.050000
vt 0.393657 0.050000
vt 0.373469 0.050000
vt 0.534969 0.030000
vt 0.514782 0.030000
vt 0.494594 0.030000
vt 0.474407 0.030000
vt 0.454219 0.030000
vt 0.434032 0.030000
vt 0.413844 0.030000
vt 0.393657 0.030000
vt 0.373469 0.030000
vt 0.514782 0.010000
vt 0.534969 0.010000
vt 0.494594 0.010000
vt 0.474407 0.010000
vt 0.454219 0.010000
vt 0.434032 0.010000
vt 0.413844 0.010000
vt 0.393657 0.010000
vt 0.373469 0.010000
vt 0.151406 0.290000
vt 0.171594 0.270000
vt 0.171594 0.290000
vt 0.070656 0.290000
vt 0.090844 0.270000
vt 0.090844 0.290000
vt 0.111031 0.270000
vt 0.111031 0.290000
vt 0.131219 0.270000
vt 0.131219 0.290000
vt 0.151406 0.270000
vt 0.111031 0.310000
vt 0.131219 0.310000
vt 0.151406 0.310000
vt 0.070656 0.350000
vt 0.090844 0.330000
vt 0.090844 0.350000
vt 0.050469 0.350000
vt 0.070656 0.330000
vt 0.090844 0.310000
vt 0.111031 0.330000
vt 0.131219 0.330000
vt 0.111031 0.350000
vt 0.131219 0.350000
vt 0.090844 0.370000
vt 0.111031 0.370000
vt 0.151406 0.330000
vt 0.070656 0.310000
vt 0.050469 0.310000
vt 0.050469 0.330000
vt 0.030281 0.350000
vt 0.030281 0.330000
vt 0.050469 0.290000
vt 0.070656 0.270000
vt 0.030281 0.290000
vt 0.050469 0.270000
vt 0.010094 0.290000
vt 0.030281 0.270000
vt 0.010094 0.310000
vt 0.030281 0.310000
vt 0.010094 0.330000
vt 0.010094 0.350000
vt 0.010094 0.370000
vt 0.030281 0.370000
vt 0.050469 0.370000
vt 0.070656 0.370000
vt 0.070656 0.390000
vt 0.090844 0.390000
vt 0.010094 0.430000
vt 0.030281 0.410000
vt 0.030281 0.430000
vt 0.050469 0.390000
vt 0.030281 0.390000
vt 0.010094 0.390000
vt 0.010094 0.410000
vt 0.050469 0.410000
vt 0.070656 0.410000
vt 0.050469 0.430000
vt 0.070656 0.430000
vt 0.151406 0.350000
vt 0.131219 0.370000
vt 0.151406 0.370000
vt 0.131219 0.430000
vt 0.151406 0.410000
vt 0.151406 0.430000
vt 0.111031 0.430000
vt 0.131219 0.410000
vt 0.090844 0.430000
vt 0.111031 0.410000
vt 0.090844 0.410000
vt 0.111031 0.390000
vt 0.131219 0.390000
vt 0.151406 0.390000
vt 0.171594 0.310000
vt 0.171594 0.330000
vt 0.171594 0.350000
vt 0.171594 0.370000
vt 0.171594 0.390000
vt 0.171594 0.410000
vt 0.171594 0.430000
vt 0.333094 0.590000
vt 0.353282 0.610000
vt 0.333094 0.610000
vt 0.232157 0.510000
vt 0.252344 0.530000
vt 0.232157 0.530000
vt 0.232157 0.490000
vt 0.252344 0.510000
vt 0.252344 0.490000
vt 0.272532 0.510000
vt 0.272532 0.530000
vt 0.292719 0.530000
vt 0.272532 0.490000
vt 0.292719 0.510000
vt 0.292719 0.490000
vt 0.312907 0.510000
vt 0.312907 0.530000
vt 0.292719 0.550000
vt 0.312907 0.570000
vt 0.292719 0.570000
vt 0.312907 0.550000
vt 0.272532 0.550000
vt 0.272532 0.570000
vt 0.252344 0.550000
vt 0.252344 0.570000
vt 0.232157 0.550000
vt 0.232157 0.570000
vt 0.232157 0.470000
vt 0.312907 0.470000
vt 0.333094 0.490000
vt 0.312907 0.490000
vt 0.333094 0.510000
vt 0.333094 0.530000
vt 0.333094 0.570000
vt 0.333094 0.550000
vt 0.292719 0.470000
vt 0.272532 0.470000
vt 0.252344 0.470000
vt 0.211969 0.470000
vt 0.211969 0.490000
vt 0.211969 0.510000
vt 0.211969 0.530000
vt 0.211969 0.550000
vt 0.211969 0.570000
vt 0.312907 0.590000
vt 0.292719 0.590000
vt 0.272532 0.590000
vt 0.252344 0.590000
vt 0.232157 0.590000
vt 0.211969 0.590000
vt 0.353282 0.590000
vt 0.353282 0.570000
vt 0.353282 0.550000
vt 0.353282 0.530000
vt 0.353282 0.510000
vt 0.333094 0.470000
vt 0.353282 0.490000
vt 0.333094 0.450000
vt 0.353282 0.470000
vt 0.312907 0.450000
vt 0.292719 0.450000
vt 0.272532 0.450000
vt 0.252344 0.450000
vt 0.232157 0.450000
vt 0.211969 0.450000
vt 0.191782 0.450000
vt 0.191781 0.470000
vt 0.191781 0.490000
vt 0.191781 0.510000
vt 0.191781 0.530000
vt 0.191781 0.550000
vt 0.191781 0.570000
vt 0.191781 0.590000
vt 0.211969 0.610000
vt 0.191781 0.610000
vt 0.232157 0.610000
vt 0.252344 0.610000
vt 0.272532 0.610000
vt 0.292719 0.610000
vt 0.312907 0.610000
vt 0.676282 0.250000
vt 0.656095 0.230000
vt 0.676282 0.230000
vt 0.434032 0.766569
vt 0.454219 0.780711
vt 0.434032 0.780711
vt 0.393657 0.690000
vt 0.373469 0.670000
vt 0.393657 0.670000
vt 0.969719 0.070000
vt 0.955444 0.090000
vt 0.955444 0.070000
vt 0.184854 0.890000
vt 0.170580 0.870000
vt 0.184854 0.870000
vt 0.373469 0.724142
vt 0.393657 0.710000
vt 0.393657 0.724142
vt 0.156305 0.830000
vt 0.170580 0.810000
vt 0.170580 0.830000
vt 0.857970 0.430000
vt 0.872245 0.450000
vt 0.857970 0.450000
vt 0.886519 0.430000
vt 0.872245 0.430000
vt 0.920982 0.030000
vt 0.935256 0.010000
vt 0.935256 0.030000
vt 0.906707 0.030000
vt 0.920982 0.010000
vt 0.488682 0.810000
vt 0.474407 0.830000
vt 0.474407 0.810000
vt 0.502956 0.810000
vt 0.488682 0.830000
vt 0.517231 0.830000
vt 0.502956 0.830000
vt 0.772742 0.850000
vt 0.787016 0.870000
vt 0.772742 0.870000
vt 0.787016 0.850000
vt 0.801291 0.870000
vt 0.801291 0.850000
vt 0.815566 0.870000
vt 0.393657 0.470000
vt 0.373469 0.450000
vt 0.393657 0.450000
vt 0.373469 0.490000
vt 0.373469 0.470000
vt 0.393657 0.510000
vt 0.393657 0.490000
vt 0.393657 0.530000
vt 0.373469 0.510000
vt 0.393657 0.550000
vt 0.373469 0.530000
vt 0.393657 0.570000
vt 0.373469 0.550000
vt 0.373469 0.590000
vt 0.373469 0.570000
vt 0.393657 0.590000
vt 0.373469 0.610000
vt 0.393657 0.610000
vt 0.373469 0.630000
vt 0.393657 0.630000
vt 0.373469 0.650000
vt 0.393657 0.650000
vt 0.941169 0.430000
vt 0.955444 0.450000
vt 0.941169 0.450000
vt 0.989906 0.730000
vt 0.975631 0.750000
vt 0.975631 0.730000
vt 0.312907 0.790000
vt 0.327181 0.810000
vt 0.312907 0.810000
vt 0.327181 0.790000
vt 0.341456 0.810000
vt 0.967690 0.850000
vt 0.981964 0.870000
vt 0.967690 0.870000
vt 0.693006 0.910000
vt 0.707281 0.890000
vt 0.707281 0.910000
vt 0.975631 0.490000
vt 0.989906 0.470000
vt 0.989906 0.490000
vt 0.508869 0.870000
vt 0.523144 0.850000
vt 0.523144 0.870000
vt 0.434032 0.808995
vt 0.454219 0.823137
vt 0.434032 0.823137
vt 0.434032 0.794853
vt 0.454219 0.808995
vt 0.454219 0.794853
vt 0.676282 0.030000
vt 0.656095 0.010000
vt 0.676282 0.010000
vt 0.676282 0.050000
vt 0.656095 0.030000
vt 0.656095 0.070000
vt 0.656095 0.050000
vt 0.676282 0.070000
vt 0.656095 0.090000
vt 0.676282 0.090000
vt 0.656095 0.110000
vt 0.676282 0.110000
vt 0.656095 0.130000
vt 0.676282 0.150000
vt 0.676282 0.130000
vt 0.676282 0.170000
vt 0.656095 0.150000
vt 0.676282 0.190000
vt 0.656095 0.170000
vt 0.676282 0.210000
vt 0.656095 0.190000
vt 0.656095 0.210000
vt 0.373469 0.780711
vt 0.393657 0.794853
vt 0.373469 0.794853
vt 0.413844 0.780711
vt 0.413844 0.794853
vt 0.373469 0.808995
vt 0.393657 0.808995
vt 0.413844 0.808995
vt 0.373469 0.823137
vt 0.393657 0.823137
vt 0.413844 0.823137
vt 0.523144 0.930000
vt 0.508869 0.910000
vt 0.523144 0.910000
vt 0.508869 0.890000
vt 0.523144 0.890000
vt 0.989906 0.550000
vt 0.975631 0.530000
vt 0.989906 0.530000
vt 0.975631 0.510000
vt 0.989906 0.510000
vt 0.707281 0.970000
vt 0.693006 0.950000
vt 0.707281 0.950000
vt 0.707281 0.930000
vt 0.981964 0.790000
vt 0.967690 0.810000
vt 0.967690 0.790000
vt 0.981964 0.810000
vt 0.967690 0.830000
vt 0.981964 0.850000
vt 0.341456 0.730000
vt 0.327181 0.750000
vt 0.327181 0.730000
vt 0.341456 0.750000
vt 0.327181 0.770000
vt 0.341456 0.790000
vt 0.312907 0.750000
vt 0.312907 0.730000
vt 0.312907 0.770000
vt 0.975631 0.670000
vt 0.989906 0.690000
vt 0.975631 0.690000
vt 0.989906 0.710000
vt 0.975631 0.710000
vt 0.941169 0.370000
vt 0.955444 0.390000
vt 0.941169 0.390000
vt 0.955444 0.410000
vt 0.941169 0.410000
vt 0.955444 0.430000
vt 0.815566 0.790000
vt 0.801291 0.810000
vt 0.801291 0.790000
vt 0.815566 0.810000
vt 0.801291 0.830000
vt 0.815566 0.850000
vt 0.787016 0.810000
vt 0.787016 0.790000
vt 0.787016 0.830000
vt 0.772742 0.810000
vt 0.772742 0.790000
vt 0.772742 0.830000
vt 0.517231 0.750000
vt 0.502956 0.770000
vt 0.502956 0.750000
vt 0.517231 0.770000
vt 0.502956 0.790000
vt 0.517231 0.810000
vt 0.488682 0.750000
vt 0.488682 0.770000
vt 0.488682 0.790000
vt 0.474407 0.750000
vt 0.474407 0.770000
vt 0.474407 0.790000
vt 0.920982 0.090000
vt 0.906707 0.070000
vt 0.920982 0.070000
vt 0.906707 0.050000
vt 0.920982 0.050000
vt 0.935256 0.090000
vt 0.935256 0.070000
vt 0.935256 0.050000
vt 0.872245 0.370000
vt 0.886519 0.390000
vt 0.872245 0.390000
vt 0.886519 0.410000
vt 0.872245 0.410000
vt 0.857970 0.390000
vt 0.857970 0.370000
vt 0.857970 0.410000
vt 0.170580 0.890000
vt 0.156305 0.870000
vt 0.170580 0.850000
vt 0.156305 0.850000
vt 0.434032 0.724142
vt 0.454219 0.710000
vt 0.454219 0.724142
vt 0.413844 0.724142
vt 0.434032 0.710000
vt 0.413844 0.710000
vt 0.184854 0.830000
vt 0.184854 0.810000
vt 0.184854 0.850000
vt 0.969719 0.010000
vt 0.955444 0.030000
vt 0.955444 0.010000
vt 0.969719 0.030000
vt 0.955444 0.050000
vt 0.969719 0.050000
vt 0.393657 0.766569
vt 0.393657 0.780711
vt 0.413844 0.766569
vt 0.024368 0.970000
vt 0.010094 0.950000
vt 0.024368 0.950000
vt 0.857970 0.510000
vt 0.872245 0.490000
vt 0.872245 0.510000
vt 0.886519 0.510000
vt 0.010094 0.930000
vt 0.024368 0.930000
vt 0.872245 0.530000
vt 0.857970 0.530000
vt 0.886519 0.530000
vt 0.010094 0.910000
vt 0.024368 0.910000
vt 0.872245 0.550000
vt 0.857970 0.550000
vt 0.886519 0.550000
vt 0.393657 0.752426
vt 0.413844 0.752426
vt 0.393657 0.738284
vt 0.413844 0.738284
vt 0.434032 0.752426
vt 0.434032 0.738284
vt 0.454219 0.752426
vt 0.454219 0.766569
vt 0.454219 0.738284
vt 0.736845 0.210000
vt 0.716657 0.230000
vt 0.716657 0.210000
vt 0.696470 0.210000
vt 0.696470 0.230000
vt 0.716657 0.190000
vt 0.736845 0.190000
vt 0.696470 0.190000
vt 0.716657 0.170000
vt 0.736845 0.170000
vt 0.696470 0.170000
vt 0.716657 0.150000
vt 0.736845 0.150000
vt 0.696470 0.150000
vt 0.716657 0.130000
vt 0.736845 0.130000
vt 0.696470 0.130000
vt 0.736845 0.110000
vt 0.716657 0.110000
vt 0.696470 0.110000
vt 0.736845 0.090000
vt 0.716657 0.090000
vt 0.696470 0.090000
vt 0.736845 0.070000
vt 0.716657 0.070000
vt 0.696470 0.070000
vt 0.736845 0.050000
vt 0.716657 0.050000
vt 0.696470 0.050000
vt 0.716657 0.030000
vt 0.736845 0.030000
vt 0.696470 0.030000
vt 0.736845 0.010000
vt 0.716657 0.010000
vt 0.696470 0.010000
vt 0.454219 0.670000
vt 0.434032 0.650000
vt 0.454219 0.650000
vt 0.434032 0.670000
vt 0.413844 0.650000
vt 0.413844 0.670000
vt 0.454219 0.630000
vt 0.434032 0.630000
vt 0.413844 0.630000
vt 0.454219 0.610000
vt 0.434032 0.610000
vt 0.413844 0.610000
vt 0.454219 0.590000
vt 0.434032 0.590000
vt 0.413844 0.590000
vt 0.454219 0.570000
vt 0.434032 0.570000
vt 0.413844 0.570000
vt 0.434032 0.550000
vt 0.454219 0.550000
vt 0.413844 0.550000
vt 0.434032 0.530000
vt 0.454219 0.530000
vt 0.413844 0.530000
vt 0.434032 0.510000
vt 0.454219 0.510000
vt 0.413844 0.510000
vt 0.434032 0.490000
vt 0.454219 0.490000
vt 0.413844 0.490000
vt 0.434032 0.470000
vt 0.454219 0.470000
vt 0.413844 0.470000
vt 0.434032 0.450000
vt 0.454219 0.450000
vt 0.413844 0.450000
vt 0.373469 0.766569
vt 0.373469 0.752426
vt 0.373469 0.738284
vt 0.024368 0.990000
vt 0.010094 0.970000
vt 0.857970 0.470000
vt 0.857970 0.490000
vt 0.872245 0.470000
vt 0.886519 0.490000
vt 0.454219 0.690000
vt 0.434032 0.690000
vt 0.413844 0.690000
vt 0.736845 0.230000
vt 0.716657 0.250000
vt 0.696470 0.250000
vt 0.615719 0.030000
vt 0.635907 0.010000
vt 0.635907 0.030000
vt 0.603894 0.910000
vt 0.589619 0.890000
vt 0.603894 0.890000
vt 0.575345 0.490000
vt 0.555157 0.510000
vt 0.555157 0.490000
vt 0.272532 0.819706
vt 0.292719 0.833848
vt 0.272532 0.833848
vt 0.260706 0.942132
vt 0.246431 0.962132
vt 0.246431 0.942132
vt 0.292719 0.805564
vt 0.272532 0.805564
vt 0.947502 0.850000
vt 0.933227 0.870000
vt 0.933227 0.850000
vt 0.968704 0.910000
vt 0.982979 0.890000
vt 0.982979 0.910000
vt 0.872245 0.170000
vt 0.857970 0.190000
vt 0.857970 0.170000
vt 0.886519 0.170000
vt 0.872245 0.190000
vt 0.948517 0.950000
vt 0.934242 0.970000
vt 0.934242 0.950000
vt 0.969719 0.330000
vt 0.955444 0.350000
vt 0.955444 0.330000
vt 0.810668 0.910000
vt 0.796393 0.890000
vt 0.810668 0.890000
vt 0.857970 0.330000
vt 0.872245 0.350000
vt 0.857970 0.350000
vt 0.872245 0.330000
vt 0.886519 0.350000
vt 0.272532 0.862132
vt 0.292719 0.847990
vt 0.292719 0.862132
vt 0.272532 0.847990
vt 0.575345 0.290000
vt 0.555157 0.270000
vt 0.575345 0.270000
vt 0.555157 0.310000
vt 0.555157 0.290000
vt 0.575345 0.330000
vt 0.575345 0.310000
vt 0.575345 0.350000
vt 0.555157 0.330000
vt 0.575345 0.370000
vt 0.555157 0.350000
vt 0.575345 0.390000
vt 0.555157 0.370000
vt 0.555157 0.410000
vt 0.555157 0.390000
vt 0.575345 0.410000
vt 0.555157 0.430000
vt 0.575345 0.430000
vt 0.555157 0.450000
vt 0.575345 0.450000
vt 0.555157 0.470000
vt 0.575345 0.470000
vt 0.373469 0.863137
vt 0.387744 0.843137
vt 0.387744 0.863137
vt 0.872245 0.070000
vt 0.857970 0.090000
vt 0.857970 0.070000
vt 0.886519 0.090000
vt 0.872245 0.090000
vt 0.450756 0.863137
vt 0.436481 0.843137
vt 0.450756 0.843137
vt 0.436481 0.863137
vt 0.422206 0.843137
vt 0.474407 0.710000
vt 0.488682 0.730000
vt 0.474407 0.730000
vt 0.502956 0.710000
vt 0.488682 0.710000
vt 0.517231 0.710000
vt 0.502956 0.730000
vt 0.724005 0.850000
vt 0.709730 0.870000
vt 0.709730 0.850000
vt 0.738279 0.850000
vt 0.724005 0.870000
vt 0.752554 0.870000
vt 0.738279 0.870000
vt 0.615719 0.230000
vt 0.635907 0.250000
vt 0.615719 0.250000
vt 0.635907 0.210000
vt 0.635907 0.230000
vt 0.615719 0.210000
vt 0.635907 0.190000
vt 0.615720 0.190000
vt 0.635907 0.170000
vt 0.615719 0.170000
vt 0.635907 0.150000
vt 0.615719 0.150000
vt 0.635907 0.130000
vt 0.615719 0.110000
vt 0.615719 0.130000
vt 0.615719 0.090000
vt 0.635907 0.110000
vt 0.615719 0.070000
vt 0.635907 0.090000
vt 0.615719 0.050000
vt 0.635907 0.070000
vt 0.635907 0.050000
vt 0.752554 0.790000
vt 0.738279 0.810000
vt 0.738279 0.790000
vt 0.752554 0.830000
vt 0.738279 0.830000
vt 0.724005 0.790000
vt 0.724005 0.810000
vt 0.724005 0.830000
vt 0.709730 0.790000
vt 0.709730 0.810000
vt 0.709730 0.830000
vt 0.502956 0.650000
vt 0.517231 0.670000
vt 0.502956 0.670000
vt 0.517231 0.690000
vt 0.502956 0.690000
vt 0.488682 0.650000
vt 0.488682 0.670000
vt 0.488682 0.690000
vt 0.474407 0.670000
vt 0.474407 0.650000
vt 0.474407 0.690000
vt 0.422206 0.923137
vt 0.436481 0.903137
vt 0.436481 0.923137
vt 0.422206 0.903137
vt 0.436481 0.883137
vt 0.422206 0.863137
vt 0.450756 0.903137
vt 0.450756 0.923137
vt 0.450756 0.883137
vt 0.886519 0.010000
vt 0.872245 0.030000
vt 0.872245 0.010000
vt 0.886519 0.030000
vt 0.872245 0.050000
vt 0.886519 0.070000
vt 0.857970 0.030000
vt 0.857970 0.010000
vt 0.857970 0.050000
vt 0.373469 0.923137
vt 0.387744 0.903137
vt 0.387744 0.923137
vt 0.373469 0.883137
vt 0.387744 0.883137
vt 0.211969 0.833848
vt 0.232157 0.847990
vt 0.211969 0.847990
vt 0.232157 0.833848
vt 0.252344 0.847990
vt 0.232157 0.862132
vt 0.211969 0.862132
vt 0.252344 0.862132
vt 0.886519 0.270000
vt 0.872245 0.290000
vt 0.872245 0.270000
vt 0.886519 0.290000
vt 0.872245 0.310000
vt 0.886519 0.330000
vt 0.857970 0.290000
vt 0.857970 0.270000
vt 0.857970 0.310000
vt 0.796393 0.970000
vt 0.810668 0.950000
vt 0.810668 0.970000
vt 0.796393 0.950000
vt 0.810668 0.930000
vt 0.796393 0.910000
vt 0.955444 0.270000
vt 0.969719 0.290000
vt 0.955444 0.290000
vt 0.969719 0.310000
vt 0.955444 0.310000
vt 0.934242 0.890000
vt 0.948517 0.910000
vt 0.934242 0.910000
vt 0.948517 0.930000
vt 0.934242 0.930000
vt 0.872245 0.110000
vt 0.886519 0.130000
vt 0.872245 0.130000
vt 0.886519 0.150000
vt 0.872245 0.150000
vt 0.857970 0.110000
vt 0.857970 0.130000
vt 0.857970 0.150000
vt 0.968704 0.970000
vt 0.982979 0.950000
vt 0.982979 0.970000
vt 0.968704 0.930000
vt 0.982979 0.930000
vt 0.947502 0.790000
vt 0.933227 0.810000
vt 0.933227 0.790000
vt 0.947502 0.830000
vt 0.933227 0.830000
vt 0.232157 0.805564
vt 0.211969 0.819706
vt 0.211969 0.805564
vt 0.252344 0.819706
vt 0.232157 0.819706
vt 0.252344 0.805564
vt 0.260706 0.902132
vt 0.246431 0.882132
vt 0.260706 0.882132
vt 0.246431 0.922132
vt 0.246431 0.902132
vt 0.260706 0.922132
vt 0.252344 0.833848
vt 0.589619 0.970000
vt 0.603894 0.950000
vt 0.603894 0.970000
vt 0.589619 0.950000
vt 0.603894 0.930000
vt 0.589619 0.930000
vt 0.402019 0.883137
vt 0.857970 0.690000
vt 0.872245 0.710000
vt 0.857970 0.710000
vt 0.872245 0.690000
vt 0.886519 0.710000
vt 0.402019 0.903137
vt 0.872245 0.730000
vt 0.857970 0.730000
vt 0.886519 0.730000
vt 0.402019 0.923137
vt 0.872245 0.750000
vt 0.857970 0.750000
vt 0.886519 0.750000
vt 0.252344 0.763137
vt 0.272532 0.777279
vt 0.252344 0.777279
vt 0.272532 0.791421
vt 0.252344 0.791421
vt 0.232157 0.777279
vt 0.232157 0.763137
vt 0.232157 0.791421
vt 0.211969 0.777279
vt 0.211969 0.763137
vt 0.211969 0.791421
vt 0.555157 0.050000
vt 0.575344 0.030000
vt 0.575344 0.050000
vt 0.595532 0.050000
vt 0.595532 0.030000
vt 0.575344 0.070000
vt 0.555157 0.070000
vt 0.595532 0.070000
vt 0.575344 0.090000
vt 0.555157 0.090000
vt 0.595532 0.090000
vt 0.575344 0.110000
vt 0.555157 0.110000
vt 0.595532 0.110000
vt 0.575344 0.130000
vt 0.555157 0.130000
vt 0.595532 0.130000
vt 0.555157 0.150000
vt 0.575344 0.150000
vt 0.595532 0.150000
vt 0.555157 0.170000
vt 0.575344 0.170000
vt 0.595532 0.170000
vt 0.555157 0.190000
vt 0.575344 0.190000
vt 0.595532 0.190000
vt 0.555157 0.210000
vt 0.575345 0.210000
vt 0.595532 0.210000
vt 0.555157 0.230000
vt 0.575345 0.230000
vt 0.595532 0.230000
vt 0.555157 0.250000
vt 0.575345 0.250000
vt 0.595532 0.250000
vt 0.635907 0.470000
vt 0.615720 0.490000
vt 0.615720 0.470000
vt 0.595532 0.490000
vt 0.595532 0.470000
vt 0.635907 0.450000
vt 0.615720 0.450000
vt 0.595532 0.450000
vt 0.635907 0.430000
vt 0.615720 0.430000
vt 0.595532 0.430000
vt 0.635907 0.410000
vt 0.615720 0.410000
vt 0.595532 0.410000
vt 0.635907 0.390000
vt 0.615720 0.390000
vt 0.595532 0.390000
vt 0.615720 0.370000
vt 0.635907 0.370000
vt 0.595532 0.370000
vt 0.615720 0.350000
vt 0.635907 0.350000
vt 0.595532 0.350000
vt 0.615720 0.330000
vt 0.635907 0.330000
vt 0.595532 0.330000
vt 0.615720 0.310000
vt 0.635907 0.310000
vt 0.595532 0.310000
vt 0.635907 0.290000
vt 0.615720 0.290000
vt 0.595532 0.290000
vt 0.635907 0.270000
vt 0.615720 0.270000
vt 0.595532 0.270000
vt 0.292719 0.763137
vt 0.272532 0.763137
vt 0.292719 0.777279
vt 0.292719 0.791421
vt 0.402019 0.843137
vt 0.402019 0.863137
vt 0.872245 0.670000
vt 0.886519 0.670000
vt 0.886519 0.690000
vt 0.635907 0.490000
vt 0.615720 0.510000
vt 0.575345 0.510000
vt 0.555157 0.010000
vt 0.555157 0.030000
vt 0.575344 0.010000
vt 0.595532 0.010000
vt 0.777220 0.770000
vt 0.757032 0.750000
vt 0.777220 0.750000
vt 0.341456 0.690000
vt 0.327181 0.710000
vt 0.327181 0.690000
vt 0.575345 0.750000
vt 0.555157 0.770000
vt 0.555157 0.750000
vt 0.741743 0.950000
vt 0.727468 0.970000
vt 0.727468 0.950000
vt 0.920982 0.630000
vt 0.906707 0.650000
vt 0.906707 0.630000
vt 0.327181 0.910000
vt 0.312907 0.890000
vt 0.327181 0.890000
vt 0.850028 0.850000
vt 0.835753 0.870000
vt 0.835753 0.850000
vt 0.864303 0.850000
vt 0.850028 0.870000
vt 0.474407 0.610000
vt 0.488682 0.630000
vt 0.474407 0.630000
vt 0.488682 0.610000
vt 0.502956 0.630000
vt 0.502956 0.610000
vt 0.517231 0.630000
vt 0.517231 0.610000
vt 0.531506 0.630000
vt 0.865317 0.950000
vt 0.879592 0.970000
vt 0.865317 0.970000
vt 0.989906 0.430000
vt 0.975631 0.450000
vt 0.975631 0.430000
vt 0.955444 0.630000
vt 0.941169 0.650000
vt 0.941169 0.630000
vt 0.920982 0.330000
vt 0.906707 0.350000
vt 0.906707 0.330000
vt 0.935256 0.350000
vt 0.920982 0.350000
vt 0.575345 0.550000
vt 0.555157 0.530000
vt 0.575345 0.530000
vt 0.575345 0.570000
vt 0.555157 0.550000
vt 0.555157 0.590000
vt 0.555157 0.570000
vt 0.575345 0.590000
vt 0.555157 0.610000
vt 0.575345 0.610000
vt 0.555157 0.630000
vt 0.575345 0.630000
vt 0.555157 0.650000
vt 0.575345 0.670000
vt 0.575345 0.650000
vt 0.575345 0.690000
vt 0.555157 0.670000
vt 0.575345 0.710000
vt 0.555157 0.690000
vt 0.575345 0.730000
vt 0.555157 0.710000
vt 0.555157 0.730000
vt 0.660993 0.810000
vt 0.646718 0.790000
vt 0.660993 0.790000
vt 0.920982 0.430000
vt 0.906707 0.450000
vt 0.906707 0.430000
vt 0.899780 0.910000
vt 0.914054 0.890000
vt 0.914054 0.910000
vt 0.517231 0.470000
vt 0.531506 0.450000
vt 0.531506 0.470000
vt 0.502956 0.470000
vt 0.517231 0.450000
vt 0.488682 0.450000
vt 0.502956 0.450000
vt 0.488682 0.470000
vt 0.474407 0.450000
vt 0.830855 0.950000
vt 0.845130 0.970000
vt 0.830855 0.970000
vt 0.087380 0.830000
vt 0.073106 0.810000
vt 0.087380 0.810000
vt 0.073106 0.830000
vt 0.058831 0.810000
vt 0.312907 0.710000
vt 0.312907 0.690000
vt 0.777220 0.550000
vt 0.757032 0.530000
vt 0.777220 0.530000
vt 0.777220 0.570000
vt 0.757032 0.550000
vt 0.777220 0.590000
vt 0.757032 0.570000
vt 0.777220 0.610000
vt 0.757032 0.590000
vt 0.777220 0.630000
vt 0.757032 0.610000
vt 0.777220 0.650000
vt 0.757032 0.630000
vt 0.757032 0.670000
vt 0.757032 0.650000
vt 0.777220 0.670000
vt 0.757032 0.690000
vt 0.777220 0.690000
vt 0.757032 0.710000
vt 0.777220 0.710000
vt 0.757032 0.730000
vt 0.777220 0.730000
vt 0.327181 0.630000
vt 0.312907 0.650000
vt 0.312907 0.630000
vt 0.327181 0.670000
vt 0.312907 0.670000
vt 0.058831 0.890000
vt 0.073106 0.870000
vt 0.073106 0.890000
vt 0.058831 0.870000
vt 0.073106 0.850000
vt 0.058831 0.830000
vt 0.087380 0.870000
vt 0.087380 0.890000
vt 0.087380 0.850000
vt 0.845130 0.890000
vt 0.830855 0.910000
vt 0.830855 0.890000
vt 0.845130 0.910000
vt 0.830855 0.930000
vt 0.845130 0.950000
vt 0.474407 0.530000
vt 0.488682 0.510000
vt 0.488682 0.530000
vt 0.474407 0.510000
vt 0.488682 0.490000
vt 0.474407 0.470000
vt 0.502956 0.510000
vt 0.502956 0.530000
vt 0.502956 0.490000
vt 0.517231 0.530000
vt 0.517231 0.510000
vt 0.517231 0.490000
vt 0.531506 0.530000
vt 0.531506 0.510000
vt 0.531506 0.490000
vt 0.914054 0.970000
vt 0.899780 0.950000
vt 0.914054 0.950000
vt 0.899780 0.930000
vt 0.914054 0.930000
vt 0.906707 0.370000
vt 0.920982 0.390000
vt 0.906707 0.390000
vt 0.920982 0.410000
vt 0.906707 0.410000
vt 0.660993 0.870000
vt 0.646718 0.850000
vt 0.660993 0.850000
vt 0.660993 0.830000
vt 0.646718 0.830000
vt 0.935256 0.270000
vt 0.920982 0.290000
vt 0.920982 0.270000
vt 0.935256 0.290000
vt 0.920982 0.310000
vt 0.935256 0.330000
vt 0.906707 0.270000
vt 0.906707 0.290000
vt 0.906707 0.310000
vt 0.941169 0.570000
vt 0.955444 0.590000
vt 0.941169 0.590000
vt 0.955444 0.610000
vt 0.941169 0.610000
vt 0.975631 0.370000
vt 0.989906 0.390000
vt 0.975631 0.390000
vt 0.989906 0.410000
vt 0.975631 0.410000
vt 0.879592 0.890000
vt 0.865317 0.910000
vt 0.865317 0.890000
vt 0.879592 0.910000
vt 0.865317 0.930000
vt 0.879592 0.950000
vt 0.531506 0.550000
vt 0.517231 0.570000
vt 0.517231 0.550000
vt 0.531506 0.570000
vt 0.517231 0.590000
vt 0.531506 0.610000
vt 0.502956 0.570000
vt 0.502956 0.550000
vt 0.502956 0.590000
vt 0.488682 0.570000
vt 0.488682 0.550000
vt 0.488682 0.590000
vt 0.474407 0.570000
vt 0.474407 0.550000
vt 0.474407 0.590000
vt 0.864303 0.790000
vt 0.850028 0.810000
vt 0.850028 0.790000
vt 0.864303 0.810000
vt 0.850028 0.830000
vt 0.864303 0.830000
vt 0.835753 0.810000
vt 0.835753 0.790000
vt 0.835753 0.830000
vt 0.327181 0.850000
vt 0.312907 0.830000
vt 0.327181 0.830000
vt 0.327181 0.870000
vt 0.312907 0.850000
vt 0.312907 0.870000
vt 0.920982 0.590000
vt 0.906707 0.570000
vt 0.920982 0.570000
vt 0.920982 0.610000
vt 0.906707 0.590000
vt 0.906707 0.610000
vt 0.741743 0.890000
vt 0.727468 0.910000
vt 0.727468 0.890000
vt 0.741743 0.910000
vt 0.727468 0.930000
vt 0.741743 0.930000
vt 0.341456 0.630000
vt 0.327181 0.650000
vt 0.341456 0.650000
vt 0.341456 0.670000
vt 0.675268 0.830000
vt 0.689542 0.810000
vt 0.689542 0.830000
vt 0.672819 0.950000
vt 0.658544 0.930000
vt 0.672818 0.930000
vt 0.675268 0.850000
vt 0.689542 0.850000
vt 0.658544 0.910000
vt 0.672818 0.910000
vt 0.675268 0.870000
vt 0.689542 0.870000
vt 0.658544 0.890000
vt 0.672818 0.890000
vt 0.038643 0.870000
vt 0.024369 0.850000
vt 0.038643 0.850000
vt 0.024369 0.870000
vt 0.010094 0.850000
vt 0.341456 0.890000
vt 0.341456 0.870000
vt 0.024369 0.830000
vt 0.038643 0.830000
vt 0.010094 0.830000
vt 0.341456 0.850000
vt 0.024369 0.810000
vt 0.038643 0.810000
vt 0.010094 0.810000
vt 0.341456 0.830000
vt 0.837782 0.730000
vt 0.817595 0.750000
vt 0.817595 0.730000
vt 0.797407 0.730000
vt 0.797407 0.750000
vt 0.837782 0.710000
vt 0.817595 0.710000
vt 0.797407 0.710000
vt 0.837782 0.690000
vt 0.817595 0.690000
vt 0.797407 0.690000
vt 0.837782 0.670000
vt 0.817595 0.670000
vt 0.797407 0.670000
vt 0.837782 0.650000
vt 0.817595 0.650000
vt 0.797407 0.650000
vt 0.817595 0.630000
vt 0.837782 0.630000
vt 0.797407 0.630000
vt 0.817595 0.610000
vt 0.837782 0.610000
vt 0.797407 0.610000
vt 0.817595 0.590000
vt 0.837782 0.590000
vt 0.797407 0.590000
vt 0.817595 0.570000
vt 0.837782 0.570000
vt 0.797407 0.570000
vt 0.837782 0.550000
vt 0.817595 0.550000
vt 0.797407 0.550000
vt 0.837782 0.530000
vt 0.817595 0.530000
vt 0.797407 0.530000
vt 0.635907 0.730000
vt 0.615720 0.750000
vt 0.615720 0.730000
vt 0.595532 0.750000
vt 0.595532 0.730000
vt 0.615720 0.710000
vt 0.635907 0.710000
vt 0.595532 0.710000
vt 0.615720 0.690000
vt 0.635907 0.690000
vt 0.595532 0.690000
vt 0.615720 0.670000
vt 0.635907 0.670000
vt 0.595532 0.670000
vt 0.615720 0.650000
vt 0.635907 0.650000
vt 0.595532 0.650000
vt 0.635907 0.630000
vt 0.615720 0.630000
vt 0.595532 0.630000
vt 0.635907 0.610000
vt 0.615720 0.610000
vt 0.595532 0.610000
vt 0.635907 0.590000
vt 0.615720 0.590000
vt 0.595532 0.590000
vt 0.635907 0.570000
vt 0.615720 0.570000
vt 0.595532 0.570000
vt 0.635907 0.550000
vt 0.615720 0.550000
vt 0.595532 0.550000
vt 0.635907 0.530000
vt 0.615720 0.530000
vt 0.595532 0.530000
vt 0.038643 0.890000
vt 0.024369 0.890000
vt 0.010094 0.870000
vt 0.341456 0.910000
vt 0.675268 0.810000
vt 0.675268 0.790000
vt 0.672819 0.970000
vt 0.658544 0.950000
vt 0.635907 0.770000
vt 0.635907 0.750000
vt 0.595532 0.770000
vt 0.575345 0.770000
vt 0.837782 0.770000
vt 0.837782 0.750000
vt 0.797407 0.770000
vt 0.817595 0.290000
vt 0.837782 0.270000
vt 0.837782 0.290000
vt 0.920982 0.170000
vt 0.935256 0.190000
vt 0.920982 0.190000
vt 0.716657 0.530000
vt 0.736845 0.550000
vt 0.716657 0.550000
vt 0.638356 0.950000
vt 0.624081 0.970000
vt 0.624081 0.950000
vt 0.211969 0.743137
vt 0.232157 0.728995
vt 0.232157 0.743137
vt 0.569432 0.970000
vt 0.555157 0.950000
vt 0.569432 0.950000
vt 0.272532 0.728995
vt 0.292719 0.714853
vt 0.292719 0.728995
vt 0.272532 0.714853
vt 0.292719 0.700711
vt 0.272532 0.686569
vt 0.272532 0.700711
vt 0.272532 0.672426
vt 0.292719 0.686569
vt 0.292719 0.658284
vt 0.292719 0.672426
vt 0.272532 0.658284
vt 0.292719 0.644142
vt 0.272532 0.644142
vt 0.292719 0.630000
vt 0.969719 0.170000
vt 0.955444 0.190000
vt 0.955444 0.170000
vt 0.761931 0.950000
vt 0.776205 0.970000
vt 0.761931 0.970000
vt 0.107568 0.870000
vt 0.121843 0.890000
vt 0.107568 0.890000
vt 0.121843 0.870000
vt 0.136117 0.890000
vt 0.716657 0.750000
vt 0.736845 0.770000
vt 0.716657 0.770000
vt 0.736845 0.730000
vt 0.736845 0.750000
vt 0.716657 0.730000
vt 0.736845 0.710000
vt 0.716657 0.710000
vt 0.736845 0.690000
vt 0.716657 0.690000
vt 0.736845 0.670000
vt 0.716657 0.670000
vt 0.736845 0.650000
vt 0.716657 0.630000
vt 0.716657 0.650000
vt 0.716657 0.610000
vt 0.736845 0.630000
vt 0.716657 0.590000
vt 0.736845 0.610000
vt 0.716657 0.570000
vt 0.736845 0.590000
vt 0.736845 0.570000
vt 0.886519 0.630000
vt 0.872245 0.650000
vt 0.872245 0.630000
vt 0.920982 0.490000
vt 0.906707 0.470000
vt 0.920982 0.470000
vt 0.955444 0.730000
vt 0.941169 0.750000
vt 0.941169 0.730000
vt 0.612256 0.810000
vt 0.626531 0.790000
vt 0.626531 0.810000
vt 0.597981 0.810000
vt 0.612256 0.790000
vt 0.583706 0.810000
vt 0.597981 0.790000
vt 0.569432 0.790000
vt 0.583706 0.790000
vt 0.569432 0.810000
vt 0.555157 0.790000
vt 0.989906 0.590000
vt 0.975631 0.570000
vt 0.989906 0.570000
vt 0.941169 0.530000
vt 0.955444 0.550000
vt 0.941169 0.550000
vt 0.906707 0.190000
vt 0.906707 0.170000
vt 0.817595 0.490000
vt 0.837782 0.510000
vt 0.817595 0.510000
vt 0.837782 0.470000
vt 0.837782 0.490000
vt 0.817595 0.450000
vt 0.817595 0.470000
vt 0.817595 0.430000
vt 0.837782 0.450000
vt 0.817595 0.410000
vt 0.837782 0.430000
vt 0.817595 0.390000
vt 0.837782 0.410000
vt 0.837782 0.370000
vt 0.837782 0.390000
vt 0.817595 0.370000
vt 0.837782 0.350000
vt 0.817595 0.350000
vt 0.837782 0.330000
vt 0.817595 0.330000
vt 0.837782 0.310000
vt 0.817595 0.310000
vt 0.920982 0.110000
vt 0.906707 0.130000
vt 0.906707 0.110000
vt 0.920982 0.130000
vt 0.906707 0.150000
vt 0.955444 0.470000
vt 0.941169 0.490000
vt 0.941169 0.470000
vt 0.955444 0.490000
vt 0.941169 0.510000
vt 0.955444 0.530000
vt 0.975631 0.650000
vt 0.989906 0.630000
vt 0.989906 0.650000
vt 0.975631 0.630000
vt 0.989906 0.610000
vt 0.975631 0.590000
vt 0.555157 0.870000
vt 0.569432 0.850000
vt 0.569432 0.870000
vt 0.555157 0.850000
vt 0.569432 0.830000
vt 0.555157 0.810000
vt 0.583706 0.850000
vt 0.583706 0.870000
vt 0.583706 0.830000
vt 0.597981 0.870000
vt 0.597981 0.850000
vt 0.597981 0.830000
vt 0.612256 0.870000
vt 0.612256 0.850000
vt 0.612256 0.830000
vt 0.626531 0.870000
vt 0.626531 0.850000
vt 0.626531 0.830000
vt 0.941169 0.670000
vt 0.955444 0.690000
vt 0.941169 0.690000
vt 0.955444 0.710000
vt 0.941169 0.710000
vt 0.906707 0.550000
vt 0.920982 0.530000
vt 0.920982 0.550000
vt 0.906707 0.530000
vt 0.920982 0.510000
vt 0.906707 0.490000
vt 0.886519 0.570000
vt 0.872245 0.590000
vt 0.872245 0.570000
vt 0.886519 0.590000
vt 0.872245 0.610000
vt 0.136117 0.810000
vt 0.121843 0.830000
vt 0.121843 0.810000
vt 0.136117 0.830000
vt 0.121843 0.850000
vt 0.136117 0.870000
vt 0.107568 0.830000
vt 0.107568 0.810000
vt 0.107568 0.850000
vt 0.761931 0.890000
vt 0.776205 0.910000
vt 0.761931 0.910000
vt 0.776205 0.930000
vt 0.761931 0.930000
vt 0.776205 0.950000
vt 0.955444 0.110000
vt 0.969719 0.130000
vt 0.955444 0.130000
vt 0.969719 0.150000
vt 0.955444 0.150000
vt 0.211969 0.630000
vt 0.232157 0.644142
vt 0.211969 0.644142
vt 0.232157 0.630000
vt 0.252344 0.644142
vt 0.272532 0.630000
vt 0.232157 0.658284
vt 0.211969 0.658284
vt 0.252344 0.658284
vt 0.232157 0.672426
vt 0.211969 0.672426
vt 0.252344 0.672426
vt 0.211969 0.686569
vt 0.232157 0.686569
vt 0.252344 0.686569
vt 0.232157 0.700711
vt 0.211969 0.700711
vt 0.252344 0.700711
vt 0.211969 0.714853
vt 0.232157 0.714853
vt 0.252344 0.714853
vt 0.211969 0.728995
vt 0.252344 0.728995
vt 0.569432 0.890000
vt 0.555157 0.910000
vt 0.555157 0.890000
vt 0.569432 0.910000
vt 0.555157 0.930000
vt 0.569432 0.930000
vt 0.272532 0.743137
vt 0.292719 0.743137
vt 0.252344 0.743137
vt 0.638356 0.890000
vt 0.624081 0.910000
vt 0.624081 0.890000
vt 0.638356 0.930000
vt 0.624081 0.930000
vt 0.935256 0.110000
vt 0.935256 0.130000
vt 0.920982 0.150000
vt 0.935256 0.150000
vt 0.857970 0.610000
vt 0.211969 0.902132
vt 0.226244 0.922132
vt 0.211969 0.922132
vt 0.488682 0.910000
vt 0.474407 0.890000
vt 0.488682 0.890000
vt 0.857970 0.590000
vt 0.226244 0.942132
vt 0.211969 0.942132
vt 0.488682 0.870000
vt 0.474407 0.870000
vt 0.857970 0.570000
vt 0.226244 0.962132
vt 0.211969 0.962132
vt 0.488682 0.850000
vt 0.474407 0.850000
vt 0.920982 0.730000
vt 0.906707 0.710000
vt 0.920982 0.710000
vt 0.913040 0.850000
vt 0.898765 0.830000
vt 0.913040 0.830000
vt 0.898765 0.850000
vt 0.884490 0.830000
vt 0.906707 0.690000
vt 0.920982 0.690000
vt 0.898765 0.810000
vt 0.913040 0.810000
vt 0.884490 0.810000
vt 0.920982 0.670000
vt 0.906707 0.670000
vt 0.898765 0.790000
vt 0.913040 0.790000
vt 0.884490 0.790000
vt 0.757032 0.310000
vt 0.777220 0.290000
vt 0.777220 0.310000
vt 0.797407 0.290000
vt 0.797407 0.310000
vt 0.757032 0.330000
vt 0.777220 0.330000
vt 0.797407 0.330000
vt 0.757032 0.350000
vt 0.777220 0.350000
vt 0.797407 0.350000
vt 0.757032 0.370000
vt 0.777220 0.370000
vt 0.797407 0.370000
vt 0.757032 0.390000
vt 0.777220 0.390000
vt 0.797407 0.390000
vt 0.777220 0.410000
vt 0.757032 0.410000
vt 0.797407 0.410000
vt 0.777220 0.430000
vt 0.757032 0.430000
vt 0.797407 0.430000
vt 0.777220 0.450000
vt 0.757032 0.450000
vt 0.797407 0.450000
vt 0.777220 0.470000
vt 0.757032 0.470000
vt 0.797407 0.470000
vt 0.777220 0.490000
vt 0.757032 0.490000
vt 0.797407 0.490000
vt 0.757032 0.510000
vt 0.777220 0.510000
vt 0.797407 0.510000
vt 0.656095 0.550000
vt 0.676282 0.570000
vt 0.656095 0.570000
vt 0.676282 0.550000
vt 0.696470 0.570000
vt 0.696470 0.550000
vt 0.676282 0.590000
vt 0.656095 0.590000
vt 0.696470 0.590000
vt 0.676282 0.610000
vt 0.656095 0.610000
vt 0.696470 0.610000
vt 0.676282 0.630000
vt 0.656095 0.630000
vt 0.696470 0.630000
vt 0.676282 0.650000
vt 0.656095 0.650000
vt 0.696470 0.650000
vt 0.656095 0.670000
vt 0.676282 0.670000
vt 0.696470 0.670000
vt 0.656095 0.690000
vt 0.676282 0.690000
vt 0.696470 0.690000
vt 0.656095 0.710000
vt 0.676282 0.710000
vt 0.696470 0.710000
vt 0.656095 0.730000
vt 0.676282 0.730000
vt 0.696470 0.730000
vt 0.676282 0.750000
vt 0.656095 0.750000
vt 0.696470 0.750000
vt 0.656095 0.770000
vt 0.676282 0.770000
vt 0.696470 0.770000
vt 0.906707 0.750000
vt 0.906707 0.730000
vt 0.898765 0.870000
vt 0.884490 0.850000
vt 0.857970 0.650000
vt 0.857970 0.630000
vt 0.211969 0.882132
vt 0.226244 0.902132
vt 0.474407 0.930000
vt 0.474407 0.910000
vt 0.656095 0.530000
vt 0.676282 0.530000
vt 0.696470 0.530000
vt 0.757032 0.290000
vt 0.777220 0.270000
vt 0.817595 0.270000
vt 0.716657 0.330000
vt 0.696470 0.310000
vt 0.716657 0.310000
vt 0.736845 0.510000
vt 0.716657 0.490000
vt 0.736845 0.490000
vt 0.716657 0.510000
vt 0.696470 0.490000
vt 0.696470 0.510000
vt 0.676282 0.490000
vt 0.656095 0.510000
vt 0.656095 0.490000
vt 0.676282 0.470000
vt 0.656095 0.470000
vt 0.696470 0.470000
vt 0.716657 0.470000
vt 0.736845 0.470000
vt 0.656095 0.450000
vt 0.676282 0.450000
vt 0.696470 0.450000
vt 0.716657 0.450000
vt 0.736845 0.450000
vt 0.676282 0.430000
vt 0.696470 0.430000
vt 0.716657 0.430000
vt 0.656095 0.430000
vt 0.676282 0.410000
vt 0.656095 0.410000
vt 0.736845 0.430000
vt 0.736845 0.410000
vt 0.716657 0.410000
vt 0.696470 0.410000
vt 0.696470 0.390000
vt 0.676282 0.370000
vt 0.696470 0.370000
vt 0.676282 0.390000
vt 0.656095 0.390000
vt 0.656095 0.370000
vt 0.716657 0.390000
vt 0.716657 0.370000
vt 0.736845 0.390000
vt 0.736845 0.370000
vt 0.736845 0.350000
vt 0.716657 0.350000
vt 0.696470 0.350000
vt 0.676282 0.350000
vt 0.696470 0.330000
vt 0.676282 0.330000
vt 0.676282 0.310000
vt 0.656095 0.350000
vt 0.656095 0.330000
vt 0.656095 0.310000
vt 0.656095 0.290000
vt 0.676282 0.290000
vt 0.736845 0.330000
vt 0.736845 0.310000
vt 0.716657 0.290000
vt 0.736845 0.290000
vt 0.736845 0.270000
vt 0.716657 0.270000
vt 0.696470 0.290000
vt 0.696470 0.270000
vt 0.676282 0.270000
vt 0.656095 0.270000
vt 0.797407 0.050000
vt 0.777220 0.070000
vt 0.777220 0.050000
vt 0.777220 0.230000
vt 0.757032 0.250000
vt 0.757032 0.230000
vt 0.797407 0.230000
vt 0.777220 0.250000
vt 0.817595 0.230000
vt 0.797407 0.250000
vt 0.837782 0.250000
vt 0.817595 0.250000
vt 0.817595 0.210000
vt 0.837782 0.230000
vt 0.797407 0.210000
vt 0.777220 0.210000
vt 0.757032 0.210000
vt 0.837782 0.190000
vt 0.817595 0.190000
vt 0.797407 0.190000
vt 0.777220 0.190000
vt 0.757032 0.190000
vt 0.817595 0.170000
vt 0.797407 0.170000
vt 0.777220 0.170000
vt 0.837782 0.170000
vt 0.817595 0.150000
vt 0.757032 0.170000
vt 0.757032 0.150000
vt 0.797407 0.150000
vt 0.777220 0.150000
vt 0.797407 0.130000
vt 0.777220 0.130000
vt 0.817595 0.130000
vt 0.817595 0.110000
vt 0.797407 0.110000
vt 0.837782 0.150000
vt 0.837782 0.130000
vt 0.777220 0.110000
vt 0.757032 0.130000
vt 0.757032 0.110000
vt 0.757032 0.090000
vt 0.797407 0.090000
vt 0.777220 0.090000
vt 0.817595 0.070000
vt 0.797407 0.070000
vt 0.837782 0.030000
vt 0.817595 0.050000
vt 0.817595 0.030000
vt 0.757032 0.070000
vt 0.757032 0.050000
vt 0.777220 0.030000
vt 0.757032 0.030000
vt 0.777220 0.010000
vt 0.757032 0.010000
vt 0.797407 0.030000
vt 0.817595 0.010000
vt 0.797407 0.010000
vt 0.030281 0.650000
vt 0.010094 0.630000
vt 0.030281 0.630000
vt 0.070656 0.770000
vt 0.050469 0.750000
vt 0.070656 0.750000
vt 0.050469 0.730000
vt 0.070656 0.730000
vt 0.050469 0.710000
vt 0.070656 0.710000
vt 0.050469 0.690000
vt 0.070656 0.690000
vt 0.050469 0.670000
vt 0.070656 0.670000
vt 0.050469 0.650000
vt 0.070656 0.650000
vt 0.030281 0.670000
vt 0.030281 0.690000
vt 0.030281 0.710000
vt 0.030281 0.730000
vt 0.050469 0.770000
vt 0.030281 0.750000
vt 0.090844 0.770000
vt 0.090844 0.750000
vt 0.090844 0.730000
vt 0.090844 0.710000
vt 0.090844 0.690000
vt 0.090844 0.670000
vt 0.090844 0.650000
vt 0.010094 0.650000
vt 0.010094 0.670000
vt 0.010094 0.690000
vt 0.010094 0.710000
vt 0.010094 0.730000
vt 0.030281 0.770000
vt 0.010094 0.750000
vt 0.070656 0.630000
vt 0.090844 0.630000
vt 0.050469 0.630000
vt 0.030281 0.790000
vt 0.010094 0.770000
vt 0.050469 0.790000
vt 0.070656 0.790000
vt 0.090844 0.790000
vt 0.353282 0.190000
vt 0.333094 0.170000
vt 0.353282 0.170000
vt 0.272532 0.050000
vt 0.252344 0.030000
vt 0.272532 0.030000
vt 0.252344 0.050000
vt 0.232157 0.030000
vt 0.232157 0.050000
vt 0.211969 0.030000
vt 0.211969 0.050000
vt 0.191782 0.030000
vt 0.191782 0.010000
vt 0.211969 0.010000
vt 0.232157 0.010000
vt 0.252344 0.010000
vt 0.272532 0.010000
vt 0.312907 0.030000
vt 0.292719 0.010000
vt 0.312907 0.010000
vt 0.292719 0.050000
vt 0.292719 0.030000
vt 0.312907 0.050000
vt 0.333094 0.030000
vt 0.333094 0.010000
vt 0.353282 0.030000
vt 0.353282 0.010000
vt 0.353282 0.050000
vt 0.353282 0.070000
vt 0.333094 0.050000
vt 0.353282 0.110000
vt 0.333094 0.090000
vt 0.353282 0.090000
vt 0.333094 0.070000
vt 0.353282 0.130000
vt 0.333094 0.110000
vt 0.211969 0.090000
vt 0.191782 0.070000
vt 0.211969 0.070000
vt 0.232157 0.090000
vt 0.232157 0.070000
vt 0.232157 0.130000
vt 0.211969 0.110000
vt 0.232157 0.110000
vt 0.252344 0.110000
vt 0.252344 0.090000
vt 0.252344 0.070000
vt 0.252344 0.130000
vt 0.252344 0.150000
vt 0.232157 0.150000
vt 0.211969 0.130000
vt 0.232157 0.170000
vt 0.211969 0.150000
vt 0.211969 0.170000
vt 0.191782 0.150000
vt 0.191782 0.130000
vt 0.191782 0.110000
vt 0.191782 0.090000
vt 0.191782 0.050000
vt 0.272532 0.070000
vt 0.292719 0.070000
vt 0.312907 0.070000
vt 0.312907 0.090000
vt 0.312907 0.110000
vt 0.292719 0.090000
vt 0.312907 0.130000
vt 0.292719 0.110000
vt 0.272532 0.090000
vt 0.272532 0.110000
vt 0.272532 0.130000
vt 0.292719 0.130000
vt 0.333094 0.130000
vt 0.333094 0.150000
vt 0.353282 0.150000
vt 0.312907 0.150000
vt 0.312907 0.170000
vt 0.292719 0.150000
vt 0.312907 0.190000
vt 0.292719 0.170000
vt 0.333094 0.190000
vt 0.333094 0.210000
vt 0.353282 0.210000
vt 0.353282 0.230000
vt 0.333094 0.230000
vt 0.312907 0.210000
vt 0.272532 0.170000
vt 0.272532 0.150000
vt 0.252344 0.170000
vt 0.252344 0.190000
vt 0.211969 0.190000
vt 0.191782 0.170000
vt 0.232157 0.190000
vt 0.232157 0.210000
vt 0.211969 0.210000
vt 0.191782 0.190000
vt 0.272532 0.190000
vt 0.292719 0.190000
vt 0.292719 0.210000
vt 0.272532 0.210000
vt 0.252344 0.210000
vt 0.232157 0.230000
vt 0.211969 0.230000
vt 0.191782 0.210000
vt 0.312907 0.230000
vt 0.353282 0.250000
vt 0.333094 0.250000
vt 0.252344 0.230000
vt 0.272532 0.250000
vt 0.272532 0.230000
vt 0.292719 0.230000
vt 0.312907 0.250000
vt 0.292719 0.250000
vt 0.252344 0.250000
vt 0.232157 0.250000
vt 0.211969 0.250000
vt 0.191782 0.230000
vt 0.171594 0.630000
vt 0.191781 0.650000
vt 0.171594 0.650000
vt 0.111031 0.770000
vt 0.131219 0.790000
vt 0.111031 0.790000
vt 0.111031 0.750000
vt 0.131219 0.770000
vt 0.111031 0.730000
vt 0.131219 0.750000
vt 0.111031 0.710000
vt 0.131219 0.730000
vt 0.131219 0.690000
vt 0.131219 0.710000
vt 0.111031 0.670000
vt 0.111031 0.690000
vt 0.111031 0.650000
vt 0.131219 0.670000
vt 0.111031 0.630000
vt 0.131219 0.650000
vt 0.131219 0.630000
vt 0.151406 0.650000
vt 0.151406 0.670000
vt 0.151406 0.690000
vt 0.151406 0.710000
vt 0.151406 0.730000
vt 0.151406 0.750000
vt 0.151406 0.770000
vt 0.151406 0.790000
vt 0.171594 0.790000
vt 0.171594 0.770000
vt 0.171594 0.750000
vt 0.171594 0.710000
vt 0.171594 0.730000
vt 0.171594 0.690000
vt 0.171594 0.670000
vt 0.151406 0.630000
vt 0.191781 0.670000
vt 0.191781 0.690000
vt 0.191781 0.710000
vt 0.191781 0.730000
vt 0.191781 0.750000
vt 0.191781 0.770000
vt 0.191781 0.790000
vt 0.151406 0.010000
vt 0.171594 0.030000
vt 0.151406 0.030000
vt 0.090844 0.050000
vt 0.111031 0.070000
vt 0.090844 0.070000
vt 0.090844 0.030000
vt 0.111031 0.050000
vt 0.131219 0.050000
vt 0.151406 0.050000
vt 0.151406 0.070000
vt 0.131219 0.070000
vt 0.171594 0.070000
vt 0.171594 0.050000
vt 0.131219 0.010000
vt 0.131219 0.030000
vt 0.111031 0.010000
vt 0.111031 0.030000
vt 0.090844 0.010000
vt 0.070656 0.010000
vt 0.070656 0.030000
vt 0.070656 0.050000
vt 0.050469 0.010000
vt 0.050469 0.030000
vt 0.050469 0.050000
vt 0.151406 0.090000
vt 0.131219 0.090000
vt 0.171594 0.090000
vt 0.171594 0.110000
vt 0.151406 0.110000
vt 0.171594 0.130000
vt 0.151406 0.130000
vt 0.171594 0.150000
vt 0.151406 0.150000
vt 0.171594 0.170000
vt 0.151406 0.170000
vt 0.131219 0.150000
vt 0.131219 0.170000
vt 0.111031 0.090000
vt 0.090844 0.090000
vt 0.111031 0.110000
vt 0.090844 0.110000
vt 0.111031 0.130000
vt 0.090844 0.130000
vt 0.070656 0.070000
vt 0.050469 0.070000
vt 0.030281 0.050000
vt 0.030281 0.070000
vt 0.050469 0.090000
vt 0.030281 0.090000
vt 0.050469 0.110000
vt 0.030281 0.110000
vt 0.010094 0.090000
vt 0.010094 0.110000
vt 0.030281 0.130000
vt 0.010094 0.130000
vt 0.030281 0.150000
vt 0.010094 0.150000
vt 0.030281 0.170000
vt 0.010094 0.170000
vt 0.030281 0.030000
vt 0.030281 0.010000
vt 0.010094 0.010000
vt 0.010094 0.030000
vt 0.010094 0.050000
vt 0.010094 0.070000
vt 0.131219 0.110000
vt 0.131219 0.130000
vt 0.111031 0.150000
vt 0.111031 0.170000
vt 0.050469 0.130000
vt 0.050469 0.150000
vt 0.050469 0.170000
vt 0.070656 0.170000
vt 0.070656 0.150000
vt 0.070656 0.130000
vt 0.070656 0.110000
vt 0.070656 0.090000
vt 0.090844 0.150000
vt 0.090844 0.170000
vt 0.171594 0.190000
vt 0.151406 0.190000
vt 0.131219 0.190000
vt 0.111031 0.190000
vt 0.030281 0.190000
vt 0.010094 0.190000
vt 0.050469 0.210000
vt 0.030281 0.210000
vt 0.050469 0.190000
vt 0.070656 0.190000
vt 0.090844 0.190000
vt 0.111031 0.210000
vt 0.090844 0.210000
vt 0.010094 0.210000
vt 0.111031 0.230000
vt 0.090844 0.230000
vt 0.151406 0.210000
vt 0.171594 0.230000
vt 0.151406 0.230000
vt 0.171594 0.250000
vt 0.151406 0.250000
vt 0.131219 0.230000
vt 0.131219 0.250000
vt 0.111031 0.250000
vt 0.171594 0.210000
vt 0.131219 0.210000
vt 0.090844 0.250000
vt 0.070656 0.210000
vt 0.070656 0.230000
vt 0.070656 0.250000
vt 0.050469 0.230000
vt 0.030281 0.230000
vt 0.050469 0.250000
vt 0.030281 0.250000
vt 0.010094 0.230000
vt 0.010094 0.250000
vt 0.837782 0.110000
vt 0.817595 0.090000
vt 0.837782 0.090000
vt 0.837782 0.070000
vt 0.837782 0.050000
vt 0.353282 0.430000
vt 0.211969 0.430000
vt 0.534969 0.430000
vt 0.373469 0.170000
vt 0.010094 0.610000
vt 0.010094 0.270000
vt 0.353282 0.450000
vt 0.656095 0.250000
vt 0.373469 0.690000
vt 0.969719 0.090000
vt 0.373469 0.710000
vt 0.156305 0.810000
vt 0.886519 0.450000
vt 0.906707 0.010000
vt 0.989906 0.750000
vt 0.693006 0.890000
vt 0.975631 0.470000
vt 0.508869 0.850000
vt 0.508869 0.930000
vt 0.975631 0.550000
vt 0.693006 0.970000
vt 0.693006 0.930000
vt 0.981964 0.830000
vt 0.341456 0.770000
vt 0.989906 0.670000
vt 0.955444 0.370000
vt 0.815566 0.830000
vt 0.517231 0.790000
vt 0.906707 0.090000
vt 0.886519 0.370000
vt 0.156305 0.890000
vt 0.010094 0.990000
vt 0.886519 0.470000
vt 0.736845 0.250000
vt 0.615719 0.010000
vt 0.589619 0.910000
vt 0.292719 0.819706
vt 0.260706 0.962132
vt 0.947502 0.870000
vt 0.968704 0.890000
vt 0.886519 0.190000
vt 0.948517 0.970000
vt 0.969719 0.350000
vt 0.373469 0.843137
vt 0.517231 0.730000
vt 0.752554 0.850000
vt 0.752554 0.810000
vt 0.517231 0.650000
vt 0.422206 0.883137
vt 0.886519 0.050000
vt 0.373469 0.903137
vt 0.886519 0.310000
vt 0.796393 0.930000
vt 0.969719 0.270000
vt 0.948517 0.890000
vt 0.886519 0.110000
vt 0.968704 0.950000
vt 0.947502 0.810000
vt 0.857970 0.670000
vt 0.635907 0.510000
vt 0.595532 0.510000
vt 0.757032 0.770000
vt 0.341456 0.710000
vt 0.741743 0.970000
vt 0.920982 0.650000
vt 0.312907 0.910000
vt 0.864303 0.870000
vt 0.989906 0.450000
vt 0.955444 0.650000
vt 0.646718 0.810000
vt 0.920982 0.450000
vt 0.899780 0.890000
vt 0.058831 0.850000
vt 0.845130 0.930000
vt 0.474407 0.490000
vt 0.899780 0.970000
vt 0.920982 0.370000
vt 0.646718 0.870000
vt 0.935256 0.310000
vt 0.955444 0.570000
vt 0.989906 0.370000
vt 0.879592 0.930000
vt 0.531506 0.590000
vt 0.010094 0.890000
vt 0.689542 0.790000
vt 0.658544 0.970000
vt 0.615720 0.770000
vt 0.817595 0.770000
vt 0.935256 0.170000
vt 0.736845 0.530000
vt 0.638356 0.970000
vt 0.555157 0.970000
vt 0.969719 0.190000
vt 0.886519 0.650000
vt 0.955444 0.750000
vt 0.955444 0.510000
vt 0.975631 0.610000
vt 0.555157 0.830000
vt 0.955444 0.670000
vt 0.906707 0.510000
vt 0.886519 0.610000
vt 0.136117 0.850000
vt 0.776205 0.890000
vt 0.969719 0.110000
vt 0.252344 0.630000
vt 0.638356 0.910000
vt 0.920982 0.750000
vt 0.913040 0.870000
vt 0.884490 0.870000
vt 0.226244 0.882132
vt 0.488682 0.930000
vt 0.757032 0.270000
vt 0.797407 0.270000
vt 0.676282 0.510000
vt 0.837782 0.210000
vt 0.837782 0.010000
vt 0.010094 0.790000
vt 0.191782 0.250000
vt 0.191781 0.630000
vt 0.171594 0.010000
s 1
f 2/1/1 4/2/1 1/3/1
f 5/4/1 7/5/1 8/6/1
f 7/5/1 1/3/1 8/6/1
f 1/3/1 10/7/1 9/8/1
f 8/6/1 9/8/1 11/9/1
f 12/10/1 8/6/1 11/9/1
f 12/10/1 14/11/1 13/12/1
f 11/9/1 15/13/1 14/11/1
f 9/8/1 16/14/1 15/13/1
f 3/15/1 18/16/1 4/2/1
f 4/2/1 19/17/1 10/7/1
f 10/7/1 20/18/1 16/14/1
f 14/11/1 22/19/1 21/20/1
f 22/19/1 16/14/1 23/21/1
f 24/22/1 14/11/1 21/20/1
f 25/23/1 2/1/1 7/5/1
f 6/24/1 25/23/1 7/5/1
f 27/25/1 29/26/1 25/23/1
f 29/26/1 26/27/1 25/23/1
f 31/28/1 21/20/1 32/29/1
f 21/20/1 33/30/1 32/29/1
f 33/30/1 23/21/1 34/31/1
f 16/14/1 35/32/1 23/21/1
f 36/33/1 32/29/1 37/34/1
f 32/29/1 38/35/1 37/34/1
f 38/35/1 34/31/1 39/36/1
f 34/31/1 41/37/1 39/36/1
f 23/21/1 40/38/1 34/31/1
f 42/39/1 17/40/1 3/15/1
f 26/27/1 3/15/1 2/1/1
f 30/41/1 42/39/1 26/27/1
f 44/42/1 43/43/1 42/39/1
f 17/40/1 47/44/1 18/16/1
f 43/43/1 46/45/1 17/40/1
f 45/46/1 48/47/1 43/43/1
f 35/32/1 51/48/1 40/38/1
f 51/48/1 52/49/1 53/50/1
f 40/38/1 54/51/1 41/37/1
f 54/51/1 53/50/1 55/52/1
f 53/50/1 57/53/1 55/52/1
f 52/49/1 56/54/1 53/50/1
f 59/55/1 52/49/1 50/56/1
f 60/57/1 58/58/1 52/49/1
f 62/59/1 60/57/1 59/55/1
f 63/60/1 61/61/1 60/57/1
f 57/53/1 65/62/1 66/63/1
f 56/54/1 67/64/1 65/62/1
f 58/58/1 68/65/1 67/64/1
f 20/18/1 50/56/1 35/32/1
f 19/17/1 59/55/1 20/18/1
f 18/16/1 62/59/1 19/17/1
f 47/44/1 63/60/1 62/59/1
f 46/45/1 69/66/1 47/44/1
f 70/67/1 72/68/1 69/66/1
f 69/66/1 64/69/1 63/60/1
f 61/61/1 73/70/1 68/65/1
f 64/69/1 74/71/1 73/70/1
f 72/68/1 75/72/1 74/71/1
f 48/47/1 70/67/1 46/45/1
f 76/73/1 71/74/1 70/67/1
f 71/74/1 78/75/1 75/72/1
f 49/76/1 76/73/1 48/47/1
f 79/77/1 77/78/1 76/73/1
f 77/78/1 81/79/1 78/75/1
f 83/80/2 85/81/2 82/82/2
f 86/83/2 88/84/2 89/85/2
f 82/82/2 88/84/2 87/86/2
f 91/87/2 82/82/2 90/88/2
f 90/88/2 87/86/2 92/89/2
f 93/90/2 87/86/2 86/83/2
f 95/91/2 93/90/2 94/92/2
f 96/93/2 92/89/2 95/91/2
f 97/94/2 90/88/2 96/93/2
f 98/95/2 84/96/2 83/80/2
f 100/97/2 83/80/2 91/87/2
f 101/98/2 91/87/2 97/94/2
f 103/99/2 95/91/2 102/100/2
f 104/101/2 96/93/2 103/99/2
f 105/102/2 95/91/2 94/92/2
f 85/81/2 107/103/2 88/84/2
f 89/85/2 107/103/2 108/104/2
f 108/104/2 109/105/2 110/106/2
f 106/107/2 109/105/2 107/103/2
f 112/108/2 102/100/2 105/102/2
f 114/109/2 102/100/2 113/110/2
f 114/109/2 104/101/2 103/99/2
f 116/111/2 97/94/2 104/101/2
f 117/112/2 113/110/2 112/108/2
f 119/113/2 113/110/2 118/114/2
f 119/113/2 115/115/2 114/109/2
f 121/116/2 115/115/2 120/117/2
f 122/118/2 104/101/2 115/115/2
f 99/119/2 124/120/2 84/96/2
f 84/96/2 106/107/2 85/81/2
f 124/120/2 111/121/2 106/107/2
f 123/122/2 125/123/2 124/120/2
f 127/124/2 99/119/2 98/95/2
f 128/125/2 123/122/2 99/119/2
f 129/126/2 126/127/2 123/122/2
f 131/128/2 116/111/2 122/118/2
f 131/128/2 134/129/2 132/130/2
f 135/131/2 122/118/2 121/116/2
f 135/131/2 133/132/2 131/128/2
f 137/133/2 133/132/2 136/134/2
f 138/135/2 134/129/2 133/132/2
f 134/129/2 141/136/2 132/130/2
f 139/137/2 140/138/2 134/129/2
f 140/138/2 144/139/2 141/136/2
f 142/140/2 143/141/2 140/138/2
f 137/133/2 147/142/2 138/135/2
f 138/135/2 148/143/2 139/137/2
f 139/137/2 149/144/2 142/140/2
f 132/130/2 101/98/2 116/111/2
f 141/136/2 100/97/2 101/98/2
f 144/139/2 98/95/2 100/97/2
f 143/141/2 127/124/2 144/139/2
f 150/145/2 128/125/2 127/124/2
f 152/146/2 151/147/2 150/145/2
f 145/148/2 150/145/2 143/141/2
f 142/140/2 154/149/2 145/148/2
f 145/148/2 155/150/2 152/146/2
f 152/146/2 156/151/2 153/152/2
f 151/147/2 129/126/2 128/125/2
f 153/152/2 157/153/2 151/147/2
f 153/152/2 159/154/2 158/155/2
f 157/153/2 130/156/2 129/126/2
f 158/155/2 160/157/2 157/153/2
f 158/155/2 162/158/2 161/159/2
f 164/160/3 166/161/3 163/162/3
f 111/163/3 168/164/3 167/165/3
f 109/166/3 167/165/3 169/167/3
f 110/168/3 169/167/3 170/169/3
f 170/169/3 172/170/3 171/171/3
f 169/167/3 173/172/3 172/170/3
f 171/171/3 175/173/3 174/174/3
f 125/175/3 176/176/3 168/164/3
f 178/177/3 180/178/3 177/179/3
f 179/180/3 182/181/3 180/178/3
f 183/182/3 181/183/3 179/180/3
f 184/184/3 186/185/3 181/183/3
f 182/181/3 189/186/3 187/187/3
f 181/183/3 188/188/3 182/181/3
f 185/189/3 190/190/3 186/185/3
f 186/185/3 191/191/3 188/188/3
f 192/192/3 163/162/3 185/189/3
f 126/193/3 192/192/3 176/176/3
f 130/194/3 164/160/3 192/192/3
f 160/195/3 165/196/3 164/160/3
f 176/176/3 185/189/3 184/184/3
f 168/164/3 184/184/3 183/182/3
f 167/165/3 183/182/3 173/172/3
f 173/172/3 179/180/3 178/177/3
f 172/170/3 178/177/3 175/173/3
f 175/173/3 177/179/3 193/197/3
f 174/174/3 193/197/3 194/198/3
f 194/198/3 196/199/3 195/200/3
f 193/197/3 197/201/3 196/199/3
f 177/179/3 198/202/3 197/201/3
f 180/178/3 187/187/3 198/202/3
f 198/202/3 200/203/3 199/204/3
f 81/205/4 202/206/4 78/207/4
f 203/208/3 81/209/3 80/210/3
f 204/211/3 80/210/3 79/212/3
f 205/213/3 79/212/3 49/214/3
f 206/215/3 49/214/3 45/216/3
f 207/217/3 45/216/3 44/218/3
f 208/219/3 29/220/3 28/221/3
f 195/200/3 211/222/3 210/223/3
f 196/199/3 212/224/3 211/222/3
f 197/201/3 199/204/3 212/224/3
f 209/225/3 30/226/3 29/220/3
f 213/227/3 44/218/3 30/226/3
f 210/223/3 209/225/3 208/219/3
f 211/222/3 213/227/3 209/225/3
f 212/224/3 207/217/3 213/227/3
f 201/228/4 215/229/4 202/206/4
f 216/230/3 201/231/3 203/208/3
f 190/190/3 218/232/3 191/191/3
f 163/162/3 217/233/3 190/190/3
f 188/188/3 219/234/3 189/186/3
f 189/186/3 221/235/3 220/236/3
f 187/187/3 220/236/3 200/203/3
f 199/204/3 206/215/3 207/217/3
f 200/203/3 205/213/3 206/215/3
f 220/236/3 204/211/3 205/213/3
f 221/235/3 203/208/3 204/211/3
f 219/234/3 216/230/3 221/235/3
f 191/191/3 222/237/3 219/234/3
f 214/238/4 224/239/4 215/229/4
f 222/237/3 214/240/3 216/230/3
f 223/241/4 226/242/4 224/239/4
f 218/232/3 223/243/3 222/237/3
f 225/244/4 228/245/4 226/242/4
f 217/233/3 225/246/3 218/232/3
f 227/247/4 230/248/4 228/245/4
f 166/161/3 227/249/3 217/233/3
f 229/250/4 232/251/4 230/248/4
f 165/196/3 229/252/3 166/161/3
f 231/253/4 159/254/4 232/251/4
f 161/255/3 231/256/3 165/196/3
f 234/257/4 236/258/4 233/259/4
f 237/260/4 215/229/4 238/261/4
f 215/229/4 239/262/4 238/261/4
f 224/239/4 240/263/4 239/262/4
f 226/242/4 234/257/4 240/263/4
f 228/245/4 235/264/4 234/257/4
f 230/248/4 241/265/4 235/264/4
f 232/251/4 156/266/4 241/265/4
f 241/265/4 155/267/4 242/268/4
f 75/269/4 202/206/4 237/260/4
f 75/269/4 243/270/4 74/271/4
f 235/264/4 242/268/4 236/258/4
f 240/263/4 233/259/4 244/272/4
f 239/262/4 244/272/4 245/273/4
f 238/261/4 245/273/4 246/274/4
f 237/260/4 246/274/4 243/270/4
f 74/271/4 247/275/4 73/276/4
f 243/270/4 248/277/4 247/275/4
f 246/274/4 249/278/4 248/277/4
f 245/273/4 250/279/4 249/278/4
f 244/272/4 251/280/4 250/279/4
f 233/259/4 252/281/4 251/280/4
f 236/258/4 253/282/4 252/281/4
f 242/268/4 154/283/4 253/282/4
f 253/282/4 149/284/4 254/285/4
f 73/276/4 255/286/4 68/287/4
f 247/275/4 256/288/4 255/286/4
f 252/281/4 254/285/4 257/289/4
f 251/280/4 257/289/4 258/290/4
f 248/277/4 259/291/4 256/288/4
f 249/278/4 260/292/4 259/291/4
f 250/279/4 258/290/4 260/292/4
f 68/287/4 261/293/4 67/294/4
f 255/286/4 262/295/4 261/293/4
f 256/288/4 263/296/4 262/295/4
f 259/291/4 264/297/4 263/296/4
f 260/292/4 265/298/4 264/297/4
f 258/290/4 266/299/4 265/298/4
f 257/289/4 267/300/4 266/299/4
f 254/285/4 148/301/4 267/300/4
f 65/302/4 261/293/4 268/303/4
f 261/293/4 269/304/4 268/303/4
f 262/295/4 270/305/4 269/304/4
f 263/296/4 271/306/4 270/305/4
f 264/297/4 272/307/4 271/306/4
f 265/298/4 273/308/4 272/307/4
f 266/299/4 274/309/4 273/308/4
f 267/300/4 147/310/4 274/309/4
f 65/302/4 275/311/4 66/312/4
f 268/303/4 276/313/4 275/311/4
f 269/304/4 277/314/4 276/313/4
f 270/305/4 278/315/4 277/314/4
f 271/306/4 279/316/4 278/315/4
f 272/307/4 280/317/4 279/316/4
f 273/308/4 281/318/4 280/317/4
f 274/309/4 146/319/4 281/318/4
f 283/320/5 36/321/5 282/322/5
f 285/323/5 12/324/5 284/325/5
f 284/325/5 13/326/5 286/327/5
f 286/327/5 24/328/5 287/329/5
f 287/329/5 31/330/5 283/320/5
f 289/331/5 287/329/5 288/332/5
f 288/332/5 283/320/5 290/333/5
f 292/334/5 294/335/5 291/336/5
f 295/337/5 293/338/5 292/334/5
f 293/338/5 298/339/5 294/335/5
f 294/335/5 289/331/5 299/340/5
f 299/340/5 288/332/5 300/341/5
f 302/342/5 300/341/5 301/343/5
f 291/336/5 299/340/5 302/342/5
f 304/344/5 302/342/5 303/345/5
f 300/341/5 290/333/5 305/346/5
f 298/339/5 286/327/5 289/331/5
f 297/347/5 284/325/5 298/339/5
f 306/348/5 285/323/5 297/347/5
f 296/349/5 297/347/5 293/338/5
f 308/350/5 296/349/5 295/337/5
f 309/351/5 306/348/5 296/349/5
f 307/352/5 5/353/5 285/323/5
f 311/354/5 6/355/5 307/352/5
f 208/356/5 27/357/5 311/354/5
f 210/358/5 311/354/5 310/359/5
f 310/359/5 307/352/5 306/348/5
f 195/360/5 310/359/5 309/351/5
f 194/361/5 309/351/5 308/350/5
f 174/362/5 308/350/5 312/363/5
f 312/363/5 295/337/5 313/364/5
f 313/364/5 292/334/5 314/365/5
f 314/365/5 291/336/5 304/344/5
f 316/366/5 304/344/5 315/367/5
f 110/368/5 317/369/5 108/370/5
f 318/371/5 314/365/5 316/366/5
f 319/372/5 313/364/5 318/371/5
f 171/373/5 312/363/5 319/372/5
f 170/374/5 319/372/5 317/369/5
f 317/369/5 318/371/5 320/375/5
f 320/375/5 316/366/5 321/376/5
f 108/370/5 320/375/5 89/377/5
f 89/377/5 321/376/5 86/378/5
f 301/343/5 305/346/5 322/379/5
f 324/380/5 322/379/5 323/381/5
f 105/382/5 326/383/5 112/384/5
f 94/385/5 325/386/5 105/382/5
f 93/387/5 327/388/5 94/385/5
f 86/378/5 328/389/5 93/387/5
f 321/376/5 315/367/5 328/389/5
f 328/389/5 329/390/5 327/388/5
f 315/367/5 303/345/5 329/390/5
f 303/345/5 301/343/5 324/380/5
f 329/390/5 324/380/5 330/391/5
f 327/388/5 330/391/5 325/386/5
f 325/386/5 331/392/5 326/383/5
f 330/391/5 323/381/5 331/392/5
f 290/333/5 282/322/5 332/393/5
f 305/346/5 332/393/5 333/394/5
f 322/379/5 333/394/5 334/395/5
f 323/381/5 334/395/5 335/396/5
f 331/392/5 335/396/5 336/397/5
f 326/383/5 336/397/5 337/398/5
f 112/384/5 337/398/5 117/399/5
f 338/400/6 146/401/6 137/402/6
f 340/403/6 342/404/6 339/405/6
f 343/406/6 341/407/6 340/403/6
f 344/408/6 346/409/6 341/407/6
f 341/407/6 347/410/6 342/404/6
f 346/409/6 349/411/6 347/410/6
f 345/412/6 348/413/6 346/409/6
f 350/414/6 352/415/6 348/413/6
f 348/413/6 353/416/6 349/411/6
f 355/417/6 357/418/6 354/419/6
f 349/411/6 356/420/6 355/417/6
f 347/410/6 355/417/6 358/421/6
f 358/421/6 354/419/6 359/422/6
f 361/423/6 359/422/6 360/424/6
f 342/404/6 358/421/6 361/423/6
f 339/405/6 361/423/6 362/425/6
f 362/425/6 360/424/6 363/426/6
f 364/427/6 344/408/6 343/406/6
f 366/428/6 368/429/6 351/430/6
f 351/430/6 369/431/6 352/415/6
f 352/415/6 370/432/6 353/416/6
f 356/420/6 372/433/6 357/418/6
f 353/416/6 371/434/6 356/420/6
f 373/435/6 351/430/6 350/414/6
f 374/436/6 350/414/6 345/412/6
f 365/437/6 345/412/6 344/408/6
f 376/438/6 343/406/6 375/439/6
f 375/439/6 340/403/6 377/440/6
f 377/440/6 339/405/6 378/441/6
f 378/441/6 362/425/6 379/442/6
f 379/442/6 363/426/6 380/443/6
f 357/418/6 338/400/6 381/444/6
f 354/419/6 381/444/6 382/445/6
f 359/422/6 382/445/6 383/446/6
f 360/424/6 383/446/6 384/447/6
f 363/426/6 384/447/6 385/448/6
f 380/443/6 385/448/6 386/449/6
f 372/433/6 281/450/6 338/400/6
f 371/434/6 280/451/6 372/433/6
f 370/432/6 279/452/6 371/434/6
f 369/431/6 278/453/6 370/432/6
f 368/429/6 277/454/6 369/431/6
f 367/455/6 276/456/6 368/429/6
f 57/457/6 275/458/6 367/455/6
f 55/459/6 367/455/6 366/428/6
f 54/460/6 366/428/6 373/435/6
f 41/461/6 373/435/6 374/436/6
f 39/462/6 374/436/6 365/437/6
f 38/463/6 365/437/6 364/427/6
f 37/464/6 364/427/6 376/438/6
f 36/465/6 376/438/6 282/466/6
f 282/466/6 375/439/6 332/467/6
f 332/467/6 377/440/6 333/468/6
f 333/468/6 378/441/6 334/469/6
f 334/469/6 379/442/6 335/470/6
f 335/470/6 380/443/6 336/471/6
f 336/471/6 386/449/6 337/472/6
f 337/472/6 118/473/6 117/474/6
f 386/449/6 119/475/6 118/473/6
f 385/448/6 120/476/6 119/475/6
f 384/447/6 121/477/6 120/476/6
f 383/446/6 135/478/6 121/477/6
f 382/445/6 136/479/6 135/478/6
f 381/444/6 137/402/6 136/479/6
f 388/480/2 390/481/2 387/482/2
f 392/483/7 394/484/7 391/485/7
f 396/486/1 398/487/1 395/488/1
f 400/489/8 402/490/9 399/491/10
f 404/492/11 406/493/11 403/494/11
f 408/495/12 400/496/13 407/497/14
f 410/498/15 412/499/15 409/500/15
f 410/501/15 414/502/16 411/503/15
f 415/504/17 414/502/16 413/505/18
f 417/506/19 416/507/20 415/508/17
f 419/509/21 418/510/22 417/506/19
f 421/511/23 420/512/24 419/513/21
f 423/514/25 422/515/26 421/511/23
f 423/514/25 426/516/27 424/517/28
f 425/518/29 428/519/30 426/520/27
f 427/521/31 430/522/32 428/519/30
f 429/523/33 402/524/9 430/522/32
f 431/525/1 405/526/1 404/527/1
f 431/525/1 434/528/1 432/529/1
f 435/530/1 434/528/1 433/531/1
f 437/532/1 436/533/1 435/530/1
f 439/534/1 438/535/1 437/532/1
f 441/536/1 440/537/1 439/534/1
f 441/536/1 444/538/1 442/539/1
f 443/540/1 446/541/1 444/538/1
f 445/542/1 448/543/1 446/541/1
f 447/544/1 450/545/1 448/543/1
f 449/546/1 398/487/1 450/545/1
f 451/547/34 453/548/34 454/549/34
f 455/550/35 453/551/34 452/552/34
f 455/553/35 458/554/36 456/555/37
f 457/556/38 460/557/39 458/554/36
f 459/558/40 462/559/41 460/560/39
f 463/561/42 462/562/41 461/563/43
f 465/564/44 464/565/45 463/566/42
f 467/567/46 466/568/47 465/569/44
f 469/570/48 468/571/49 467/572/46
f 471/573/50 470/574/51 469/570/48
f 391/485/7 472/575/52 471/573/50
f 474/576/2 476/577/2 473/578/2
f 477/579/2 475/580/2 474/576/2
f 477/579/2 480/581/2 478/582/2
f 479/583/2 482/584/2 480/581/2
f 481/585/2 484/586/2 482/584/2
f 483/587/2 486/588/2 484/586/2
f 487/589/2 486/588/2 485/590/2
f 489/591/2 488/592/2 487/589/2
f 491/593/2 490/594/2 489/591/2
f 493/595/2 492/596/2 491/593/2
f 493/595/2 390/481/2 494/597/2
f 390/598/7 496/599/53 494/600/54
f 496/599/53 497/601/7 498/602/55
f 498/602/55 391/485/7 471/573/50
f 492/603/56 496/599/53 499/604/57
f 499/604/57 498/602/55 500/605/58
f 498/602/55 469/570/48 500/605/58
f 490/606/59 499/604/57 501/607/60
f 501/607/60 500/605/58 502/608/61
f 500/605/58 467/572/46 502/608/61
f 488/609/62 501/610/60 503/611/63
f 503/611/63 502/612/61 504/613/64
f 502/612/61 465/569/44 504/613/64
f 486/614/65 503/615/63 505/616/66
f 505/616/66 504/617/64 506/618/67
f 504/617/64 463/566/42 506/618/67
f 484/619/68 505/620/66 507/621/69
f 505/620/66 508/622/70 507/621/69
f 508/622/70 463/561/42 461/563/43
f 484/623/68 509/624/71 482/625/72
f 507/626/69 510/627/73 509/624/71
f 510/627/73 461/628/43 459/558/40
f 482/629/72 511/630/74 480/631/75
f 509/632/71 512/633/76 511/630/74
f 512/633/76 459/634/40 457/556/38
f 480/631/75 513/635/77 478/636/78
f 511/630/74 514/637/79 513/635/77
f 514/637/79 457/556/38 455/553/35
f 475/638/34 513/639/77 515/640/34
f 515/640/34 514/641/79 516/642/34
f 514/641/79 452/552/34 516/642/34
f 476/643/34 515/644/34 517/645/34
f 517/645/34 516/646/34 518/647/34
f 518/647/34 452/648/34 451/547/34
f 398/649/80 520/650/81 450/651/82
f 519/652/83 522/653/84 520/650/81
f 522/653/84 399/654/10 429/523/33
f 450/651/82 523/655/85 448/656/86
f 520/650/81 524/657/87 523/655/85
f 524/657/87 429/523/33 427/521/31
f 448/656/86 525/658/88 446/659/89
f 523/655/85 526/660/90 525/658/88
f 526/660/90 427/521/31 425/518/29
f 446/661/89 527/662/91 444/663/92
f 525/664/88 528/665/93 527/662/91
f 528/665/93 425/666/29 423/514/25
f 442/667/94 527/662/91 529/668/95
f 529/668/95 528/665/93 530/669/96
f 528/665/93 421/511/23 530/669/96
f 440/670/97 529/668/95 531/671/98
f 531/671/98 530/669/96 532/672/99
f 530/669/96 419/513/21 532/672/99
f 438/673/100 531/674/98 533/675/101
f 533/675/101 532/676/99 534/677/102
f 532/676/99 417/506/19 534/677/102
f 436/678/103 533/675/101 535/679/104
f 535/679/104 534/677/102 536/680/105
f 534/677/102 415/508/17 536/680/105
f 434/681/106 535/682/104 537/683/107
f 537/683/107 536/684/105 538/685/108
f 536/684/105 413/505/18 538/685/108
f 434/681/106 539/686/15 432/687/15
f 539/686/15 538/685/108 540/688/15
f 538/685/108 410/501/15 540/688/15
f 405/689/15 539/690/15 406/493/15
f 539/690/15 541/691/15 406/493/15
f 540/692/15 409/500/15 541/691/15
f 542/693/109 397/694/13 396/695/13
f 544/696/110 543/697/13 542/693/109
f 544/696/110 400/496/13 545/698/13
f 547/699/11 412/499/11 546/700/11
f 548/701/11 409/500/11 547/699/11
f 548/701/11 406/493/11 541/691/11
f 397/702/8 519/703/83 398/704/80
f 543/705/8 521/706/111 519/703/83
f 545/707/8 399/491/10 521/706/111
f 390/598/7 549/708/7 495/709/7
f 549/708/7 497/601/7 495/709/7
f 550/710/7 391/485/7 497/601/7
f 451/711/11 552/712/11 518/713/11
f 552/714/11 553/715/11 554/716/11
f 553/715/11 548/717/11 554/716/11
f 518/713/11 555/718/11 517/719/11
f 552/714/11 556/720/11 555/721/11
f 554/716/11 547/722/11 556/720/11
f 517/719/11 473/723/11 476/724/11
f 555/721/11 557/725/11 473/726/11
f 556/720/11 546/727/11 557/725/11
f 550/710/13 558/728/13 559/729/112
f 559/729/112 560/730/113 561/731/114
f 561/731/114 407/497/14 544/696/110
f 550/710/13 562/732/13 392/483/13
f 559/729/112 563/733/115 562/732/13
f 561/731/114 542/693/109 563/733/115
f 392/483/13 564/734/13 393/735/13
f 562/732/13 565/736/13 564/734/13
f 565/736/13 542/693/109 396/695/13
f 430/737/2 566/738/2 567/739/2
f 566/738/2 569/740/2 567/739/2
f 568/741/2 493/595/2 569/740/2
f 430/737/2 570/742/2 428/743/2
f 567/739/2 571/744/2 570/742/2
f 569/740/2 491/593/2 571/744/2
f 428/743/2 572/745/2 426/746/2
f 570/742/2 573/747/2 572/745/2
f 571/744/2 489/591/2 573/747/2
f 426/746/2 574/748/2 424/749/2
f 572/745/2 575/750/2 574/748/2
f 573/747/2 487/589/2 575/750/2
f 424/749/2 576/751/2 422/752/2
f 574/748/2 577/753/2 576/751/2
f 575/750/2 485/590/2 577/753/2
f 420/754/2 576/751/2 578/755/2
f 578/755/2 577/753/2 579/756/2
f 579/756/2 485/590/2 483/587/2
f 418/757/2 578/755/2 580/758/2
f 580/758/2 579/756/2 581/759/2
f 581/759/2 483/587/2 481/585/2
f 416/760/2 580/758/2 582/761/2
f 582/761/2 581/759/2 583/762/2
f 583/762/2 481/585/2 479/583/2
f 414/763/2 582/761/2 584/764/2
f 584/764/2 583/762/2 585/765/2
f 585/765/2 479/583/2 477/579/2
f 414/763/2 586/766/2 411/767/2
f 586/766/2 585/765/2 587/768/2
f 587/768/2 477/579/2 474/576/2
f 412/769/2 586/766/2 546/770/2
f 586/766/2 557/771/2 546/770/2
f 557/771/2 474/576/2 473/578/2
f 394/772/1 589/773/1 472/774/1
f 588/775/1 591/776/1 589/773/1
f 590/777/1 449/546/1 591/776/1
f 470/778/1 589/773/1 592/779/1
f 592/779/1 591/776/1 593/780/1
f 593/780/1 449/546/1 447/544/1
f 468/781/1 592/779/1 594/782/1
f 594/782/1 593/780/1 595/783/1
f 595/783/1 447/544/1 445/542/1
f 466/784/1 594/782/1 596/785/1
f 596/785/1 595/783/1 597/786/1
f 597/786/1 445/542/1 443/540/1
f 464/787/1 596/785/1 598/788/1
f 598/788/1 597/786/1 599/789/1
f 599/789/1 443/540/1 441/536/1
f 464/787/1 600/790/1 462/791/1
f 598/788/1 601/792/1 600/790/1
f 599/789/1 439/534/1 601/792/1
f 462/791/1 602/793/1 460/794/1
f 600/790/1 603/795/1 602/793/1
f 601/792/1 437/532/1 603/795/1
f 460/794/1 604/796/1 458/797/1
f 602/793/1 605/798/1 604/796/1
f 603/795/1 435/530/1 605/798/1
f 458/797/1 606/799/1 456/800/1
f 604/796/1 607/801/1 606/799/1
f 605/798/1 433/531/1 607/801/1
f 456/800/1 608/802/1 453/803/1
f 606/799/1 609/804/1 608/802/1
f 609/804/1 433/531/1 431/525/1
f 453/803/1 610/805/1 454/806/1
f 610/805/1 609/804/1 611/807/1
f 611/807/1 431/525/1 404/527/1
f 389/808/13 558/728/13 549/708/13
f 388/809/116 560/730/113 558/728/13
f 612/810/117 407/497/14 560/730/113
f 454/811/11 551/812/11 451/711/11
f 610/813/11 553/715/11 551/814/11
f 611/815/11 403/816/11 553/715/11
f 393/817/1 588/775/1 394/772/1
f 564/818/1 590/777/1 588/775/1
f 565/819/1 395/488/1 590/777/1
f 402/820/2 408/821/2 566/738/2
f 408/821/2 568/741/2 566/738/2
f 612/822/2 387/482/2 568/741/2
f 613/823/2 615/824/2 616/825/2
f 617/826/118 619/827/118 620/828/118
f 621/829/1 623/830/1 624/831/1
f 626/832/119 628/833/120 625/834/121
f 629/835/122 631/836/122 632/837/122
f 634/838/123 626/832/123 633/839/123
f 636/840/124 638/841/124 635/842/124
f 639/843/125 637/844/124 636/845/124
f 641/846/126 640/847/127 639/848/125
f 643/849/128 642/850/129 641/846/126
f 645/851/130 644/852/131 643/853/128
f 647/854/132 646/855/133 645/856/130
f 647/857/132 650/858/134 648/859/135
f 649/860/136 652/861/137 650/862/134
f 651/863/138 654/864/139 652/861/137
f 653/865/140 656/866/141 654/867/139
f 625/834/121 656/866/141 655/868/142
f 657/869/1 631/870/1 630/871/1
f 657/869/1 660/872/1 658/873/1
f 661/874/1 660/872/1 659/875/1
f 663/876/1 662/877/1 661/874/1
f 665/878/1 664/879/1 663/876/1
f 667/880/1 666/881/1 665/878/1
f 667/880/1 670/882/1 668/883/1
f 669/884/1 672/885/1 670/882/1
f 671/886/1 674/887/1 672/885/1
f 673/888/1 676/889/1 674/887/1
f 621/829/1 676/889/1 675/890/1
f 678/891/143 680/892/143 677/893/143
f 681/894/144 679/895/143 678/896/143
f 681/894/144 684/897/145 682/898/146
f 683/899/147 686/900/148 684/901/145
f 685/902/149 688/903/150 686/900/148
f 687/904/151 690/905/152 688/906/150
f 691/907/153 690/905/152 689/908/154
f 693/909/155 692/910/156 691/907/153
f 695/911/157 694/912/158 693/913/155
f 697/914/159 696/915/160 695/911/157
f 697/914/159 620/916/118 698/917/161
f 700/918/2 702/919/2 699/920/2
f 700/918/2 704/921/2 701/922/2
f 703/923/2 706/924/2 704/921/2
f 705/925/2 708/926/2 706/924/2
f 707/927/2 710/928/2 708/926/2
f 709/929/2 712/930/2 710/928/2
f 713/931/2 712/930/2 711/932/2
f 715/933/2 714/934/2 713/931/2
f 717/935/2 716/936/2 715/933/2
f 719/937/2 718/938/2 717/935/2
f 719/937/2 616/825/2 720/939/2
f 616/940/118 722/941/162 720/942/163
f 722/941/162 723/943/118 724/944/164
f 723/943/118 697/914/159 724/944/164
f 718/945/165 722/941/162 725/946/166
f 725/946/166 724/944/164 726/947/167
f 726/947/167 697/914/159 695/911/157
f 716/948/168 725/946/166 727/949/169
f 727/949/169 726/947/167 728/950/170
f 728/950/170 695/911/157 693/913/155
f 714/951/171 727/952/169 729/953/172
f 729/953/172 728/954/170 730/955/173
f 728/954/170 691/907/153 730/955/173
f 712/956/174 729/953/172 731/957/175
f 731/957/175 730/955/173 732/958/176
f 730/955/173 689/908/154 732/958/176
f 712/956/174 733/959/177 710/960/178
f 731/957/175 734/961/179 733/959/177
f 734/961/179 689/908/154 687/904/151
f 710/962/178 735/963/180 708/964/181
f 733/965/177 736/966/182 735/963/180
f 736/966/182 687/967/151 685/902/149
f 708/964/181 737/968/183 706/969/184
f 735/963/180 738/970/185 737/968/183
f 738/970/185 685/902/149 683/899/147
f 706/971/184 739/972/186 704/973/187
f 737/974/183 740/975/188 739/972/186
f 740/975/188 683/976/147 681/894/144
f 704/973/187 741/977/143 701/978/143
f 739/972/186 742/979/143 741/977/143
f 742/979/143 681/894/144 678/896/143
f 701/980/143 743/981/143 702/982/143
f 743/981/143 742/983/143 744/984/143
f 744/984/143 678/891/143 677/893/143
f 624/985/121 746/986/189 676/987/190
f 745/988/121 748/989/191 746/986/189
f 748/989/191 625/834/121 655/868/142
f 676/987/190 749/990/192 674/991/193
f 746/986/189 750/992/194 749/990/192
f 750/992/194 655/868/142 653/865/140
f 674/993/193 751/994/195 672/995/196
f 749/996/192 752/997/197 751/994/195
f 752/997/197 653/998/140 651/863/138
f 672/995/196 753/999/198 670/1000/199
f 751/994/195 754/1001/200 753/999/198
f 754/1001/200 651/863/138 649/860/136
f 670/1002/199 755/1003/201 668/1004/202
f 753/1005/198 756/1006/135 755/1003/201
f 756/1006/135 649/1007/136 647/857/132
f 666/1008/203 755/1009/201 757/1010/204
f 757/1010/204 756/1011/135 758/1012/205
f 756/1011/135 645/856/130 758/1012/205
f 664/1013/206 757/1014/204 759/1015/207
f 759/1015/207 758/1016/205 760/1017/208
f 758/1016/205 643/853/128 760/1017/208
f 662/1018/209 759/1019/207 761/1020/210
f 761/1020/210 760/1021/208 762/1022/211
f 760/1021/208 641/846/126 762/1022/211
f 660/1023/212 761/1020/210 763/1024/213
f 763/1024/213 762/1022/211 764/1025/214
f 762/1022/211 639/848/125 764/1025/214
f 660/1026/212 765/1027/124 658/1028/124
f 765/1027/124 764/1029/214 766/1030/124
f 766/1030/124 639/843/125 636/845/124
f 658/1031/124 632/1032/124 631/1033/124
f 632/1032/124 766/1034/124 767/1035/124
f 766/1034/124 635/842/124 767/1035/124
f 768/1036/123 623/1037/123 622/1038/215
f 768/1036/123 771/1039/123 769/1040/123
f 770/1041/123 626/832/123 771/1039/123
f 773/1042/122 638/1043/122 772/1044/122
f 773/1042/122 767/1045/122 635/1046/122
f 629/835/122 767/1045/122 774/1047/122
f 623/1037/121 745/988/121 624/985/121
f 769/1040/121 747/1048/216 745/988/121
f 747/1048/216 626/832/119 625/834/121
f 615/1049/118 721/1050/118 616/1051/118
f 775/1052/118 723/1053/118 721/1050/118
f 776/1054/118 617/826/118 723/1053/118
f 677/893/122 778/1055/122 744/984/122
f 777/1056/122 780/1057/122 778/1058/122
f 779/1059/122 774/1060/122 780/1057/122
f 744/984/122 781/1061/122 743/981/122
f 778/1058/122 782/1062/122 781/1063/122
f 780/1057/122 773/1064/122 782/1062/122
f 702/982/122 781/1061/122 699/1065/122
f 781/1063/122 783/1066/122 699/1067/122
f 782/1062/122 772/1068/122 783/1066/122
f 776/1069/217 784/1070/218 785/1071/219
f 785/1071/219 786/1072/218 787/1073/123
f 787/1073/123 633/839/123 770/1041/123
f 776/1069/217 788/1074/220 618/1075/221
f 785/1071/219 789/1076/222 788/1074/220
f 787/1073/123 768/1036/123 789/1076/222
f 618/1075/221 790/1077/223 619/1078/224
f 788/1074/220 791/1079/225 790/1077/223
f 789/1076/222 622/1038/215 791/1079/225
f 656/1080/2 792/1081/2 793/1082/2
f 792/1081/2 795/1083/2 793/1082/2
f 794/1084/2 719/937/2 795/1083/2
f 656/1080/2 796/1085/2 654/1086/2
f 793/1082/2 797/1087/2 796/1085/2
f 795/1083/2 717/935/2 797/1087/2
f 654/1086/2 798/1088/2 652/1089/2
f 796/1085/2 799/1090/2 798/1088/2
f 797/1087/2 715/933/2 799/1090/2
f 652/1089/2 800/1091/2 650/1092/2
f 798/1088/2 801/1093/2 800/1091/2
f 799/1090/2 713/931/2 801/1093/2
f 650/1092/2 802/1094/2 648/1095/2
f 800/1091/2 803/1096/2 802/1094/2
f 801/1093/2 711/932/2 803/1096/2
f 646/1097/2 802/1094/2 804/1098/2
f 804/1098/2 803/1096/2 805/1099/2
f 805/1099/2 711/932/2 709/929/2
f 644/1100/2 804/1098/2 806/1101/2
f 806/1101/2 805/1099/2 807/1102/2
f 807/1102/2 709/929/2 707/927/2
f 642/1103/2 806/1101/2 808/1104/2
f 808/1104/2 807/1102/2 809/1105/2
f 809/1105/2 707/927/2 705/925/2
f 640/1106/2 808/1104/2 810/1107/2
f 810/1107/2 809/1105/2 811/1108/2
f 811/1108/2 705/925/2 703/923/2
f 637/1109/2 810/1107/2 812/1110/2
f 810/1107/2 813/1111/2 812/1110/2
f 811/1108/2 700/918/2 813/1111/2
f 638/1112/2 812/1110/2 772/1113/2
f 772/1113/2 813/1111/2 783/1114/2
f 813/1111/2 699/920/2 783/1114/2
f 698/1115/1 814/1116/1 815/1117/1
f 815/1117/1 816/1118/1 817/1119/1
f 816/1118/1 675/890/1 817/1119/1
f 696/1120/1 815/1117/1 818/1121/1
f 818/1121/1 817/1119/1 819/1122/1
f 819/1122/1 675/890/1 673/888/1
f 694/1123/1 818/1121/1 820/1124/1
f 820/1124/1 819/1122/1 821/1125/1
f 821/1125/1 673/888/1 671/886/1
f 692/1126/1 820/1124/1 822/1127/1
f 822/1127/1 821/1125/1 823/1128/1
f 823/1128/1 671/886/1 669/884/1
f 690/1129/1 822/1127/1 824/1130/1
f 824/1130/1 823/1128/1 825/1131/1
f 825/1131/1 669/884/1 667/880/1
f 690/1129/1 826/1132/1 688/1133/1
f 824/1130/1 827/1134/1 826/1132/1
f 825/1131/1 665/878/1 827/1134/1
f 688/1133/1 828/1135/1 686/1136/1
f 826/1132/1 829/1137/1 828/1135/1
f 827/1134/1 663/876/1 829/1137/1
f 686/1136/1 830/1138/1 684/1139/1
f 828/1135/1 831/1140/1 830/1138/1
f 829/1137/1 661/874/1 831/1140/1
f 684/1139/1 832/1141/1 682/1142/1
f 830/1138/1 833/1143/1 832/1141/1
f 831/1140/1 659/875/1 833/1143/1
f 679/1144/1 832/1141/1 834/1145/1
f 832/1141/1 835/1146/1 834/1145/1
f 835/1146/1 659/875/1 657/869/1
f 680/1147/1 834/1145/1 836/1148/1
f 834/1145/1 837/1149/1 836/1148/1
f 835/1146/1 630/871/1 837/1149/1
f 615/1150/226 784/1070/218 775/1151/227
f 614/1152/228 786/1072/218 784/1070/218
f 838/1153/123 633/839/123 786/1072/218
f 677/893/122 836/1154/122 777/1155/122
f 777/1056/122 837/1156/122 779/1059/122
f 779/1059/122 630/1157/122 629/1158/122
f 620/1159/1 790/1160/1 814/1116/1
f 790/1160/1 816/1118/1 814/1116/1
f 816/1118/1 622/1161/1 621/829/1
f 627/1162/2 792/1081/2 628/1163/2
f 634/1164/2 794/1084/2 792/1081/2
f 838/1165/2 613/823/2 794/1084/2
f 840/1166/2 842/1167/2 839/1168/2
f 844/1169/229 846/1170/229 843/1171/229
f 847/1172/1 849/1173/1 850/1174/1
f 852/1175/230 854/1176/230 851/1177/230
f 855/1178/231 857/1179/231 858/1180/231
f 860/1181/232 852/1182/232 859/1183/232
f 862/1184/233 864/1185/233 861/1186/233
f 865/1187/234 863/1188/233 862/1184/233
f 865/1189/234 868/1190/235 866/1191/236
f 867/1192/237 870/1193/238 868/1190/235
f 869/1194/239 872/1195/240 870/1193/238
f 871/1196/241 874/1197/242 872/1195/240
f 873/1198/243 876/1199/244 874/1200/242
f 877/1201/245 876/1202/244 875/1203/246
f 879/1204/247 878/1205/248 877/1206/245
f 881/1207/249 880/1208/250 879/1209/247
f 881/1207/249 854/1210/230 882/1211/251
f 883/1212/1 857/1213/1 856/1214/1
f 885/1215/1 884/1216/1 883/1212/1
f 885/1215/1 888/1217/1 886/1218/1
f 887/1219/1 890/1220/1 888/1217/1
f 889/1221/1 892/1222/1 890/1220/1
f 891/1223/1 894/1224/1 892/1222/1
f 895/1225/1 894/1224/1 893/1226/1
f 897/1227/1 896/1228/1 895/1225/1
f 899/1229/1 898/1230/1 897/1227/1
f 901/1231/1 900/1232/1 899/1229/1
f 901/1231/1 850/1174/1 902/1233/1
f 903/1234/252 905/1235/253 906/1236/252
f 907/1237/254 905/1238/253 904/1239/255
f 909/1240/256 908/1241/257 907/1242/254
f 911/1243/258 910/1244/259 909/1245/256
f 913/1246/260 912/1247/261 911/1243/258
f 913/1246/260 916/1248/262 914/1249/263
f 915/1250/264 918/1251/265 916/1248/262
f 917/1252/266 920/1253/267 918/1254/265
f 919/1255/268 922/1256/269 920/1257/267
f 921/1258/270 924/1259/271 922/1256/269
f 843/1171/229 924/1260/271 923/1261/272
f 926/1262/2 928/1263/2 925/1264/2
f 929/1265/2 927/1266/2 926/1262/2
f 931/1267/2 930/1268/2 929/1265/2
f 933/1269/2 932/1270/2 931/1267/2
f 935/1271/2 934/1272/2 933/1269/2
f 937/1273/2 936/1274/2 935/1271/2
f 937/1273/2 940/1275/2 938/1276/2
f 939/1277/2 942/1278/2 940/1275/2
f 941/1279/2 944/1280/2 942/1278/2
f 943/1281/2 946/1282/2 944/1280/2
f 839/1168/2 946/1282/2 945/1283/2
f 842/1284/229 948/1285/273 946/1286/274
f 948/1285/273 949/1287/229 950/1288/275
f 949/1287/229 923/1261/272 950/1288/275
f 946/1289/274 951/1290/276 944/1291/277
f 948/1292/273 952/1293/278 951/1290/276
f 952/1293/278 923/1294/272 921/1258/270
f 944/1291/277 953/1295/279 942/1296/280
f 951/1290/276 954/1297/281 953/1295/279
f 954/1297/281 921/1258/270 919/1255/268
f 942/1298/280 955/1299/282 940/1300/283
f 953/1301/279 956/1302/284 955/1299/282
f 956/1302/284 919/1303/268 917/1252/266
f 940/1304/283 957/1305/285 938/1306/286
f 955/1307/282 958/1308/287 957/1305/285
f 958/1308/287 917/1309/266 915/1250/264
f 938/1306/286 959/1310/288 936/1311/289
f 957/1305/285 960/1312/290 959/1310/288
f 960/1312/290 915/1250/264 913/1246/260
f 934/1313/291 959/1310/288 961/1314/292
f 961/1314/292 960/1312/290 962/1315/293
f 960/1312/290 911/1243/258 962/1315/293
f 932/1316/294 961/1314/292 963/1317/295
f 963/1317/295 962/1315/293 964/1318/296
f 962/1315/293 909/1245/256 964/1318/296
f 930/1319/297 963/1320/295 965/1321/298
f 965/1321/298 964/1322/296 966/1323/299
f 964/1322/296 907/1242/254 966/1323/299
f 927/1324/300 965/1325/298 967/1326/301
f 967/1326/301 966/1327/299 968/1328/302
f 966/1327/299 904/1239/255 968/1328/302
f 928/1329/252 967/1330/301 969/1331/252
f 967/1330/301 970/1332/252 969/1331/252
f 968/1333/302 903/1234/252 970/1332/252
f 850/1334/230 972/1335/303 902/1336/304
f 971/1337/230 974/1338/305 972/1335/303
f 974/1338/305 851/1339/230 881/1207/249
f 900/1340/306 972/1335/303 975/1341/307
f 975/1341/307 974/1338/305 976/1342/308
f 974/1338/305 879/1209/247 976/1342/308
f 898/1343/309 975/1344/307 977/1345/310
f 977/1345/310 976/1346/308 978/1347/311
f 976/1346/308 877/1206/245 978/1347/311
f 896/1348/312 977/1349/310 979/1350/313
f 979/1350/313 978/1351/311 980/1352/314
f 980/1352/314 877/1201/245 875/1203/246
f 896/1353/312 981/1354/315 894/1355/316
f 979/1356/313 982/1357/317 981/1354/315
f 982/1357/317 875/1358/246 873/1198/243
f 894/1359/316 983/1360/318 892/1361/319
f 981/1362/315 984/1363/320 983/1360/318
f 984/1363/320 873/1364/243 871/1196/241
f 892/1361/319 985/1365/321 890/1366/322
f 983/1360/318 986/1367/323 985/1365/321
f 986/1367/323 871/1196/241 869/1194/239
f 890/1366/322 987/1368/324 888/1369/325
f 985/1365/321 988/1370/326 987/1368/324
f 988/1370/326 869/1194/239 867/1192/237
f 888/1369/325 989/1371/327 886/1372/328
f 987/1368/324 990/1373/329 989/1371/327
f 990/1373/329 867/1192/237 865/1189/234
f 886/1374/328 991/1375/233 884/1376/233
f 989/1377/327 992/1378/233 991/1375/233
f 990/1379/329 862/1184/233 992/1378/233
f 884/1376/233 858/1380/233 857/1381/233
f 991/1375/233 993/1382/233 858/1380/233
f 992/1378/233 861/1186/233 993/1382/233
f 994/1383/232 849/1384/232 848/1385/232
f 996/1386/232 995/1387/232 994/1383/232
f 859/1183/232 997/1388/232 996/1386/232
f 999/1389/231 864/1390/231 998/1391/231
f 1000/1392/231 861/1393/231 999/1389/231
f 855/1178/231 993/1394/231 1000/1392/231
f 849/1395/230 971/1396/230 850/1397/230
f 995/1398/230 973/1399/230 971/1396/230
f 997/1400/230 851/1177/230 973/1399/230
f 841/1401/229 947/1402/229 842/1284/229
f 1001/1403/229 949/1287/229 947/1402/229
f 1002/1404/229 843/1171/229 949/1287/229
f 903/1234/231 1004/1405/231 970/1332/231
f 1004/1405/231 1005/1406/231 1006/1407/231
f 1005/1408/231 1000/1409/231 1006/1410/231
f 970/1332/231 1007/1411/231 969/1331/231
f 1004/1405/231 1008/1412/231 1007/1411/231
f 1006/1410/231 999/1413/231 1008/1414/231
f 928/1329/231 1007/1411/231 925/1415/231
f 925/1415/231 1008/1412/231 1009/1416/231
f 1008/1414/231 998/1417/231 1009/1418/231
f 1001/1419/232 1011/1420/232 1002/1421/232
f 1010/1422/232 1013/1423/232 1011/1420/232
f 1012/1424/232 996/1386/232 1013/1425/232
f 1002/1421/232 1014/1426/232 844/1427/232
f 1011/1420/232 1015/1428/232 1014/1426/232
f 1013/1425/232 994/1383/232 1015/1429/232
f 844/1427/232 1016/1430/232 845/1431/232
f 1016/1430/232 1015/1428/232 1017/1432/232
f 1017/1433/232 994/1383/232 848/1385/232
f 882/1434/2 1018/1435/2 1019/1436/2
f 1018/1435/2 1021/1437/2 1019/1436/2
f 1020/1438/2 945/1283/2 1021/1437/2
f 880/1439/2 1019/1436/2 1022/1440/2
f 1022/1440/2 1021/1437/2 1023/1441/2
f 1023/1441/2 945/1283/2 943/1281/2
f 878/1442/2 1022/1440/2 1024/1443/2
f 1024/1443/2 1023/1441/2 1025/1444/2
f 1025/1444/2 943/1281/2 941/1279/2
f 876/1445/2 1024/1443/2 1026/1446/2
f 1026/1446/2 1025/1444/2 1027/1447/2
f 1027/1447/2 941/1279/2 939/1277/2
f 874/1448/2 1026/1446/2 1028/1449/2
f 1028/1449/2 1027/1447/2 1029/1450/2
f 1029/1450/2 939/1277/2 937/1273/2
f 874/1448/2 1030/1451/2 872/1452/2
f 1028/1449/2 1031/1453/2 1030/1451/2
f 1029/1450/2 935/1271/2 1031/1453/2
f 872/1452/2 1032/1454/2 870/1455/2
f 1030/1451/2 1033/1456/2 1032/1454/2
f 1031/1453/2 933/1269/2 1033/1456/2
f 870/1455/2 1034/1457/2 868/1458/2
f 1032/1454/2 1035/1459/2 1034/1457/2
f 1033/1456/2 931/1267/2 1035/1459/2
f 868/1458/2 1036/1460/2 866/1461/2
f 1034/1457/2 1037/1462/2 1036/1460/2
f 1035/1459/2 929/1265/2 1037/1462/2
f 863/1463/2 1036/1460/2 1038/1464/2
f 1036/1460/2 1039/1465/2 1038/1464/2
f 1037/1462/2 926/1262/2 1039/1465/2
f 864/1466/2 1038/1464/2 998/1467/2
f 998/1467/2 1039/1465/2 1009/1468/2
f 1039/1465/2 925/1264/2 1009/1468/2
f 924/1469/1 1040/1470/1 1041/1471/1
f 1041/1471/1 1042/1472/1 1043/1473/1
f 1042/1472/1 901/1231/1 1043/1473/1
f 924/1469/1 1044/1474/1 922/1475/1
f 1041/1471/1 1045/1476/1 1044/1474/1
f 1043/1473/1 899/1229/1 1045/1476/1
f 922/1475/1 1046/1477/1 920/1478/1
f 1044/1474/1 1047/1479/1 1046/1477/1
f 1045/1476/1 897/1227/1 1047/1479/1
f 920/1478/1 1048/1480/1 918/1481/1
f 1046/1477/1 1049/1482/1 1048/1480/1
f 1047/1479/1 895/1225/1 1049/1482/1
f 918/1481/1 1050/1483/1 916/1484/1
f 1048/1480/1 1051/1485/1 1050/1483/1
f 1049/1482/1 893/1226/1 1051/1485/1
f 914/1486/1 1050/1483/1 1052/1487/1
f 1052/1487/1 1051/1485/1 1053/1488/1
f 1053/1488/1 893/1226/1 891/1223/1
f 912/1489/1 1052/1487/1 1054/1490/1
f 1054/1490/1 1053/1488/1 1055/1491/1
f 1055/1491/1 891/1223/1 889/1221/1
f 910/1492/1 1054/1490/1 1056/1493/1
f 1056/1493/1 1055/1491/1 1057/1494/1
f 1057/1494/1 889/1221/1 887/1219/1
f 908/1495/1 1056/1493/1 1058/1496/1
f 1058/1496/1 1057/1494/1 1059/1497/1
f 1059/1497/1 887/1219/1 885/1215/1
f 905/1498/1 1058/1496/1 1060/1499/1
f 1060/1499/1 1059/1497/1 1061/1500/1
f 1061/1500/1 885/1215/1 883/1212/1
f 906/1501/1 1060/1499/1 1062/1502/1
f 1062/1502/1 1061/1500/1 1063/1503/1
f 1061/1500/1 856/1214/1 1063/1503/1
f 841/1504/232 1010/1422/232 1001/1419/232
f 840/1505/232 1012/1506/232 1010/1422/232
f 1064/1507/232 859/1183/232 1012/1424/232
f 906/1236/231 1003/1508/231 903/1234/231
f 1062/1509/231 1005/1406/231 1003/1508/231
f 1063/1510/231 855/1511/231 1005/1408/231
f 845/1512/1 1040/1470/1 846/1513/1
f 1040/1470/1 1017/1514/1 1042/1472/1
f 1042/1472/1 848/1515/1 847/1172/1
f 853/1516/2 1018/1435/2 854/1517/2
f 1018/1435/2 1064/1518/2 1020/1438/2
f 1020/1438/2 840/1166/2 839/1168/2
f 1065/1519/2 1067/1520/2 1068/1521/2
f 1069/1522/330 1071/1523/330 1072/1524/330
f 1074/1525/1 1076/1526/1 1073/1527/1
f 1078/1528/331 1080/1529/332 1077/1530/333
f 1082/1531/334 1084/1532/334 1081/1533/334
f 1086/1534/335 1078/1535/335 1085/1536/335
f 1087/1537/336 1089/1538/336 1090/1539/336
f 1088/1540/336 1092/1541/337 1089/1538/336
f 1093/1542/338 1092/1541/337 1091/1543/339
f 1095/1544/340 1094/1545/341 1093/1542/338
f 1095/1544/340 1098/1546/342 1096/1547/343
f 1097/1548/344 1100/1549/345 1098/1546/342
f 1099/1550/346 1102/1551/347 1100/1549/345
f 1103/1552/348 1102/1553/347 1101/1554/349
f 1103/1555/348 1106/1556/350 1104/1557/351
f 1105/1558/352 1108/1559/353 1106/1560/350
f 1107/1561/354 1080/1562/332 1108/1559/353
f 1109/1563/1 1083/1564/1 1082/1565/1
f 1109/1563/1 1112/1566/1 1110/1567/1
f 1111/1568/1 1114/1569/1 1112/1566/1
f 1113/1570/1 1116/1571/1 1114/1569/1
f 1115/1572/1 1118/1573/1 1116/1571/1
f 1117/1574/1 1120/1575/1 1118/1573/1
f 1121/1576/1 1120/1575/1 1119/1577/1
f 1123/1578/1 1122/1579/1 1121/1576/1
f 1125/1580/1 1124/1581/1 1123/1578/1
f 1127/1582/1 1126/1583/1 1125/1580/1
f 1073/1527/1 1128/1584/1 1127/1582/1
f 1130/1585/355 1132/1586/355 1129/1587/355
f 1130/1588/355 1134/1589/355 1131/1590/355
f 1135/1591/356 1134/1592/355 1133/1593/355
f 1137/1594/357 1136/1595/358 1135/1596/356
f 1139/1597/359 1138/1598/360 1137/1594/357
f 1141/1599/361 1140/1600/362 1139/1597/359
f 1141/1599/361 1144/1601/363 1142/1602/364
f 1143/1603/365 1146/1604/366 1144/1601/363
f 1145/1605/367 1148/1606/368 1146/1607/366
f 1147/1608/369 1150/1609/370 1148/1610/368
f 1069/1522/330 1150/1611/370 1149/1612/371
f 1152/1613/2 1154/1614/2 1151/1615/2
f 1152/1613/2 1156/1616/2 1153/1617/2
f 1157/1618/2 1156/1616/2 1155/1619/2
f 1159/1620/2 1158/1621/2 1157/1618/2
f 1161/1622/2 1160/1623/2 1159/1620/2
f 1163/1624/2 1162/1625/2 1161/1622/2
f 1163/1624/2 1166/1626/2 1164/1627/2
f 1165/1628/2 1168/1629/2 1166/1626/2
f 1167/1630/2 1170/1631/2 1168/1629/2
f 1169/1632/2 1172/1633/2 1170/1631/2
f 1171/1634/2 1068/1521/2 1172/1633/2
f 1068/1635/372 1174/1636/373 1172/1637/374
f 1173/1638/375 1176/1639/376 1174/1636/373
f 1176/1639/376 1069/1522/330 1149/1612/371
f 1172/1640/374 1177/1641/377 1170/1642/378
f 1174/1643/373 1178/1644/379 1177/1641/377
f 1178/1644/379 1149/1645/371 1147/1608/369
f 1170/1646/378 1179/1647/380 1168/1648/381
f 1177/1649/377 1180/1650/382 1179/1647/380
f 1180/1650/382 1147/1651/369 1145/1605/367
f 1168/1652/381 1181/1653/383 1166/1654/384
f 1179/1655/380 1182/1656/385 1181/1653/383
f 1182/1656/385 1145/1657/367 1143/1603/365
f 1166/1654/384 1183/1658/386 1164/1659/387
f 1181/1653/383 1184/1660/388 1183/1658/386
f 1184/1660/388 1143/1603/365 1141/1599/361
f 1162/1661/389 1183/1658/386 1185/1662/390
f 1185/1662/390 1184/1660/388 1186/1663/391
f 1184/1660/388 1139/1597/359 1186/1663/391
f 1160/1664/392 1185/1662/390 1187/1665/393
f 1187/1665/393 1186/1663/391 1188/1666/394
f 1186/1663/391 1137/1594/357 1188/1666/394
f 1158/1667/395 1187/1665/393 1189/1668/396
f 1189/1668/396 1188/1666/394 1190/1669/397
f 1188/1666/394 1135/1596/356 1190/1669/397
f 1156/1670/398 1189/1671/396 1191/1672/399
f 1191/1672/399 1190/1673/397 1192/1674/355
f 1190/1673/397 1133/1593/355 1192/1674/355
f 1156/1675/398 1193/1676/355 1153/1677/355
f 1191/1678/399 1194/1679/355 1193/1676/355
f 1194/1679/355 1133/1680/355 1130/1588/355
f 1153/1681/355 1195/1682/355 1154/1683/355
f 1193/1684/355 1196/1685/355 1195/1682/355
f 1196/1685/355 1130/1585/355 1129/1587/355
f 1076/1686/400 1198/1687/401 1128/1688/402
f 1197/1689/403 1200/1690/404 1198/1687/401
f 1200/1690/404 1077/1691/333 1107/1561/354
f 1128/1688/402 1201/1692/405 1126/1693/406
f 1198/1687/401 1202/1694/407 1201/1692/405
f 1202/1694/407 1107/1561/354 1105/1558/352
f 1124/1695/408 1201/1696/405 1203/1697/409
f 1203/1697/409 1202/1698/407 1204/1699/410
f 1204/1699/410 1105/1700/352 1103/1555/348
f 1122/1701/411 1203/1702/409 1205/1703/412
f 1205/1703/412 1204/1704/410 1206/1705/413
f 1204/1704/410 1101/1554/349 1206/1705/413
f 1122/1706/411 1207/1707/414 1120/1708/415
f 1205/1709/412 1208/1710/416 1207/1707/414
f 1208/1710/416 1101/1711/349 1099/1550/346
f 1120/1708/415 1209/1712/417 1118/1713/418
f 1207/1707/414 1210/1714/419 1209/1712/417
f 1210/1714/419 1099/1550/346 1097/1548/344
f 1118/1713/418 1211/1715/420 1116/1716/421
f 1209/1712/417 1212/1717/422 1211/1715/420
f 1212/1717/422 1097/1548/344 1095/1544/340
f 1114/1718/423 1211/1715/420 1213/1719/424
f 1213/1719/424 1212/1717/422 1214/1720/425
f 1212/1717/422 1093/1542/338 1214/1720/425
f 1114/1718/423 1215/1721/426 1112/1722/427
f 1213/1719/424 1216/1723/428 1215/1721/426
f 1216/1723/428 1093/1542/338 1091/1543/339
f 1110/1724/336 1215/1721/426 1217/1725/336
f 1217/1725/336 1216/1723/428 1218/1726/336
f 1218/1726/336 1091/1543/339 1088/1540/336
f 1110/1724/336 1084/1532/336 1083/1727/336
f 1217/1725/336 1219/1728/336 1084/1532/336
f 1218/1726/336 1087/1537/336 1219/1728/336
f 1074/1729/335 1221/1730/335 1075/1731/335
f 1220/1732/335 1223/1733/335 1221/1730/335
f 1085/1536/335 1223/1733/335 1222/1734/335
f 1225/1735/334 1090/1539/334 1224/1736/334
f 1226/1737/334 1087/1537/334 1225/1735/334
f 1081/1533/334 1219/1728/334 1226/1737/334
f 1075/1738/331 1197/1739/403 1076/1740/400
f 1197/1739/403 1223/1741/331 1199/1742/429
f 1223/1741/331 1077/1530/333 1199/1742/429
f 1067/1743/330 1173/1638/375 1068/1635/372
f 1227/1744/330 1175/1745/330 1173/1638/375
f 1228/1746/330 1069/1522/330 1175/1745/330
f 1129/1587/334 1230/1747/334 1196/1685/334
f 1229/1748/334 1232/1749/334 1230/1750/334
f 1231/1751/334 1226/1752/334 1232/1753/334
f 1195/1682/334 1230/1747/334 1233/1754/334
f 1230/1750/334 1234/1755/334 1233/1756/334
f 1234/1757/334 1226/1752/334 1225/1758/334
f 1195/1682/334 1151/1759/334 1154/1683/334
f 1233/1756/334 1235/1760/334 1151/1761/334
f 1235/1762/334 1225/1758/334 1224/1763/334
f 1227/1764/335 1237/1765/335 1228/1766/335
f 1236/1767/335 1239/1768/335 1237/1769/335
f 1238/1770/335 1222/1771/335 1239/1768/335
f 1228/1766/335 1240/1772/335 1070/1773/335
f 1237/1769/335 1241/1774/335 1240/1775/335
f 1239/1768/335 1220/1776/335 1241/1774/335
f 1071/1777/335 1240/1772/335 1242/1778/335
f 1240/1775/335 1243/1779/335 1242/1780/335
f 1241/1774/335 1074/1781/335 1243/1779/335
f 1108/1782/2 1244/1783/2 1245/1784/2
f 1245/1784/2 1246/1785/2 1247/1786/2
f 1247/1786/2 1065/1519/2 1171/1634/2
f 1106/1787/2 1245/1784/2 1248/1788/2
f 1248/1788/2 1247/1786/2 1249/1789/2
f 1249/1789/2 1171/1634/2 1169/1632/2
f 1104/1790/2 1248/1788/2 1250/1791/2
f 1250/1791/2 1249/1789/2 1251/1792/2
f 1251/1792/2 1169/1632/2 1167/1630/2
f 1102/1793/2 1250/1791/2 1252/1794/2
f 1252/1794/2 1251/1792/2 1253/1795/2
f 1253/1795/2 1167/1630/2 1165/1628/2
f 1100/1796/2 1252/1794/2 1254/1797/2
f 1254/1797/2 1253/1795/2 1255/1798/2
f 1255/1798/2 1165/1628/2 1163/1624/2
f 1100/1796/2 1256/1799/2 1098/1800/2
f 1254/1797/2 1257/1801/2 1256/1799/2
f 1255/1798/2 1161/1622/2 1257/1801/2
f 1098/1800/2 1258/1802/2 1096/1803/2
f 1256/1799/2 1259/1804/2 1258/1802/2
f 1257/1801/2 1159/1620/2 1259/1804/2
f 1096/1803/2 1260/1805/2 1094/1806/2
f 1258/1802/2 1261/1807/2 1260/1805/2
f 1259/1804/2 1157/1618/2 1261/1807/2
f 1094/1806/2 1262/1808/2 1092/1809/2
f 1260/1805/2 1263/1810/2 1262/1808/2
f 1261/1807/2 1155/1619/2 1263/1810/2
f 1092/1809/2 1264/1811/2 1089/1812/2
f 1264/1811/2 1263/1810/2 1265/1813/2
f 1265/1813/2 1155/1619/2 1152/1613/2
f 1090/1814/2 1264/1811/2 1224/1815/2
f 1264/1811/2 1235/1816/2 1224/1815/2
f 1265/1813/2 1151/1615/2 1235/1816/2
f 1072/1817/1 1267/1818/1 1150/1819/1
f 1266/1820/1 1269/1821/1 1267/1818/1
f 1268/1822/1 1127/1582/1 1269/1821/1
f 1150/1819/1 1270/1823/1 1148/1824/1
f 1267/1818/1 1271/1825/1 1270/1823/1
f 1269/1821/1 1125/1580/1 1271/1825/1
f 1148/1824/1 1272/1826/1 1146/1827/1
f 1270/1823/1 1273/1828/1 1272/1826/1
f 1271/1825/1 1123/1578/1 1273/1828/1
f 1146/1827/1 1274/1829/1 1144/1830/1
f 1272/1826/1 1275/1831/1 1274/1829/1
f 1273/1828/1 1121/1576/1 1275/1831/1
f 1144/1830/1 1276/1832/1 1142/1833/1
f 1274/1829/1 1277/1834/1 1276/1832/1
f 1275/1831/1 1119/1577/1 1277/1834/1
f 1140/1835/1 1276/1832/1 1278/1836/1
f 1278/1836/1 1277/1834/1 1279/1837/1
f 1279/1837/1 1119/1577/1 1117/1574/1
f 1138/1838/1 1278/1836/1 1280/1839/1
f 1280/1839/1 1279/1837/1 1281/1840/1
f 1281/1840/1 1117/1574/1 1115/1572/1
f 1136/1841/1 1280/1839/1 1282/1842/1
f 1282/1842/1 1281/1840/1 1283/1843/1
f 1283/1843/1 1115/1572/1 1113/1570/1
f 1134/1844/1 1282/1842/1 1284/1845/1
f 1282/1842/1 1285/1846/1 1284/1845/1
f 1283/1843/1 1111/1568/1 1285/1846/1
f 1134/1844/1 1286/1847/1 1131/1848/1
f 1284/1845/1 1287/1849/1 1286/1847/1
f 1285/1846/1 1109/1563/1 1287/1849/1
f 1132/1850/1 1286/1847/1 1288/1851/1
f 1288/1851/1 1287/1849/1 1289/1852/1
f 1289/1852/1 1109/1563/1 1082/1565/1
f 1227/1764/335 1066/1853/335 1236/1854/335
f 1236/1767/335 1290/1855/335 1238/1770/335
f 1290/1855/335 1085/1856/335 1238/1770/335
f 1129/1587/334 1288/1857/334 1229/1858/334
f 1288/1859/334 1231/1860/334 1229/1748/334
f 1231/1751/334 1082/1861/334 1081/1862/334
f 1071/1863/1 1266/1820/1 1072/1817/1
f 1242/1864/1 1268/1822/1 1266/1820/1
f 1243/1865/1 1073/1527/1 1268/1822/1
f 1080/1866/2 1086/1867/2 1244/1783/2
f 1086/1867/2 1246/1785/2 1244/1783/2
f 1246/1785/2 1066/1868/2 1065/1519/2
f 1292/1869/1 1294/1870/1 1291/1871/1
f 1296/1872/1 1298/1873/1 1295/1874/1
f 1297/1875/1 1300/1876/1 1298/1873/1
f 1299/1877/1 1302/1878/1 1300/1876/1
f 1302/1878/1 1303/1879/1 1304/1880/1
f 1305/1881/1 1304/1880/1 1306/1882/1
f 1307/1883/1 1302/1878/1 1305/1881/1
f 1298/1873/1 1307/1883/1 1308/1884/1
f 1295/1874/1 1308/1884/1 1309/1885/1
f 1305/1881/1 1311/1886/1 1310/1887/1
f 1312/1888/1 1305/1881/1 1310/1887/1
f 1308/1884/1 1312/1888/1 1313/1889/1
f 1309/1885/1 1313/1889/1 1314/1890/1
f 1312/1888/1 1316/1891/1 1315/1892/1
f 1313/1889/1 1315/1892/1 1317/1893/1
f 1310/1887/1 1318/1894/1 1316/1891/1
f 1319/1895/1 1318/1894/1 1320/1896/1
f 1314/1890/1 1317/1893/1 1321/1897/1
f 1322/1898/1 1317/1893/1 1323/1899/1
f 1317/1893/1 1324/1900/1 1323/1899/1
f 1326/1901/1 1328/1902/1 1325/1903/1
f 1327/1904/1 1320/1896/1 1329/1905/1
f 1328/1902/1 1329/1905/1 1330/1906/1
f 1332/1907/1 1325/1903/1 1331/1908/1
f 1333/1909/1 1323/1899/1 1332/1907/1
f 1334/1910/1 1332/1907/1 1331/1908/1
f 1335/1911/1 1331/1908/1 1336/1912/1
f 1331/1908/1 1337/1913/1 1336/1912/1
f 1337/1913/1 1328/1902/1 1338/1914/1
f 1293/1915/1 1338/1914/1 1339/1916/1
f 1336/1912/1 1293/1915/1 1292/1869/1
f 1294/1870/1 1339/1916/1 1340/1917/1
f 1328/1902/1 1341/1918/1 1338/1914/1
f 1338/1914/1 1342/1919/1 1339/1916/1
f 1339/1916/1 1343/1920/1 1340/1917/1
f 1340/1917/1 1345/1921/1 1344/1922/1
f 1335/1911/1 1292/1869/1 1346/1923/1
f 1346/1923/1 1291/1871/1 1347/1924/1
f 1347/1924/1 1349/1925/1 1348/1926/1
f 1350/1927/1 1349/1925/1 1351/1928/1
f 1351/1928/1 1352/1929/1 1353/1930/1
f 1349/1925/1 1294/1870/1 1352/1929/1
f 1352/1929/1 1354/1931/1 1353/1930/1
f 1344/1922/1 1355/1932/1 1354/1931/1
f 1357/1933/2 1359/1934/2 1356/1935/2
f 1361/1936/2 1363/1937/2 1360/1938/2
f 1364/1939/2 1362/1940/2 1361/1936/2
f 1366/1941/2 1365/1942/2 1364/1939/2
f 1366/1941/2 1369/1943/2 1367/1944/2
f 1370/1945/2 1368/1946/2 1366/1941/2
f 1372/1947/2 1366/1941/2 1364/1939/2
f 1372/1947/2 1361/1936/2 1373/1948/2
f 1373/1948/2 1360/1938/2 1374/1949/2
f 1376/1950/2 1370/1945/2 1375/1951/2
f 1377/1952/2 1370/1945/2 1372/1947/2
f 1377/1952/2 1373/1948/2 1378/1953/2
f 1378/1953/2 1374/1949/2 1379/1954/2
f 1381/1955/2 1377/1952/2 1380/1956/2
f 1380/1956/2 1378/1953/2 1382/1957/2
f 1383/1958/2 1375/1951/2 1381/1955/2
f 1384/1959/2 1383/1958/2 1381/1955/2
f 1386/1960/2 1378/1953/2 1379/1954/2
f 1387/1961/2 1382/1957/2 1386/1960/2
f 1389/1962/2 1381/1955/2 1380/1956/2
f 1389/1962/2 1382/1957/2 1388/1963/2
f 1391/1964/2 1388/1963/2 1390/1965/2
f 1392/1966/2 1389/1962/2 1391/1964/2
f 1394/1967/2 1391/1964/2 1393/1968/2
f 1392/1966/2 1385/1969/2 1384/1959/2
f 1394/1967/2 1395/1970/2 1392/1966/2
f 1393/1968/2 1390/1965/2 1397/1971/2
f 1398/1972/2 1388/1963/2 1387/1961/2
f 1399/1973/2 1390/1965/2 1398/1972/2
f 1400/1974/2 1397/1971/2 1399/1973/2
f 1402/1975/2 1397/1971/2 1401/1976/2
f 1403/1977/2 1402/1975/2 1358/1978/2
f 1358/1978/2 1401/1976/2 1359/1934/2
f 1357/1933/2 1403/1977/2 1358/1978/2
f 1407/1979/2 1405/1980/2 1406/1981/2
f 1359/1934/2 1400/1974/2 1409/1982/2
f 1356/1935/2 1409/1982/2 1410/1983/2
f 1412/1984/2 1410/1983/2 1411/1985/2
f 1414/1986/2 1411/1985/2 1413/1987/2
f 1414/1986/2 1416/1988/2 1412/1984/2
f 1412/1984/2 1357/1933/2 1356/1935/2
f 1416/1988/2 1405/1980/2 1357/1933/2
f 1417/1989/2 1416/1988/2 1415/1990/2
f 1417/1989/2 1407/1979/2 1406/1981/2
f 1419/1991/3 1303/1992/3 1301/1993/3
f 1422/1994/3 1424/1995/3 1421/1996/3
f 1421/1996/3 1426/1997/3 1425/1998/3
f 1425/1998/3 1428/1999/3 1427/2000/3
f 1427/2000/3 1430/2001/3 1429/2002/3
f 1429/2002/3 1432/2003/3 1431/2004/3
f 1431/2004/3 1434/2005/3 1433/2006/3
f 1432/2003/3 1419/1991/3 1434/2005/3
f 1430/2001/3 1435/2007/3 1432/2003/3
f 1428/1999/3 1436/2008/3 1430/2001/3
f 1426/1997/3 1437/2009/3 1428/1999/3
f 1424/1995/3 1438/2010/3 1426/1997/3
f 1423/2011/3 1439/2012/3 1424/1995/3
f 1442/2013/3 1421/1996/3 1441/2014/3
f 1441/2014/3 1425/1998/3 1443/2015/3
f 1443/2015/3 1427/2000/3 1444/2016/3
f 1444/2016/3 1429/2002/3 1445/2017/3
f 1445/2017/3 1431/2004/3 1446/2018/3
f 1446/2018/3 1433/2006/3 1447/2019/3
f 1435/2007/3 1420/2020/3 1419/1991/3
f 1436/2008/3 1448/2021/3 1435/2007/3
f 1437/2009/3 1449/2022/3 1436/2008/3
f 1438/2010/3 1450/2023/3 1437/2009/3
f 1439/2012/3 1451/2024/3 1438/2010/3
f 1440/2025/3 1452/2026/3 1439/2012/3
f 1447/2019/3 1297/2027/3 1296/2028/3
f 1433/2006/3 1299/2029/3 1297/2027/3
f 1434/2005/3 1301/1993/3 1299/2029/3
f 1367/2030/3 1453/2031/3 1440/2025/3
f 1365/2032/3 1440/2025/3 1423/2011/3
f 1362/2033/3 1423/2011/3 1422/1994/3
f 1363/2034/3 1422/1994/3 1442/2013/3
f 1311/2035/4 1455/2036/4 1318/2037/4
f 1457/2038/4 1459/2039/4 1456/2040/4
f 1458/2041/4 1461/2042/4 1459/2039/4
f 1460/2043/4 1463/2044/4 1461/2042/4
f 1462/2045/4 1407/2046/4 1463/2044/4
f 1463/2044/4 1418/2047/4 1464/2048/4
f 1461/2042/4 1464/2048/4 1465/2049/4
f 1459/2039/4 1465/2049/4 1466/2050/4
f 1456/2040/4 1466/2050/4 1467/2051/4
f 1469/2052/4 1471/2053/4 1468/2054/4
f 1471/2053/4 1456/2040/4 1467/2051/4
f 1472/2055/4 1456/2040/4 1470/2056/4
f 1473/2057/4 1470/2056/4 1469/2052/4
f 1475/2058/4 1468/2054/4 1474/2059/4
f 1345/2060/4 1474/2059/4 1355/2061/4
f 1343/2062/4 1475/2058/4 1345/2060/4
f 1342/2063/4 1476/2064/4 1343/2062/4
f 1330/2065/4 1479/2066/4 1341/2067/4
f 1341/2067/4 1477/2068/4 1342/2063/4
f 1329/2069/4 1478/2070/4 1330/2065/4
f 1482/2071/4 1484/2072/4 1481/2073/4
f 1486/2074/4 1481/2073/4 1485/2075/4
f 1488/2076/4 1490/2077/4 1487/2078/4
f 1487/2078/4 1482/2071/4 1486/2074/4
f 1492/2079/4 1486/2074/4 1491/2080/4
f 1491/2080/4 1485/2075/4 1493/2081/4
f 1494/2082/4 1487/2078/4 1492/2079/4
f 1495/2083/4 1488/2076/4 1494/2082/4
f 1496/2084/4 1489/2085/4 1488/2076/4
f 1498/2086/4 1497/2087/4 1496/2084/4
f 1499/2088/4 1385/2089/4 1497/2087/4
f 1497/2087/4 1395/2090/4 1489/2085/4
f 1489/2085/4 1396/2091/4 1490/2077/4
f 1490/2077/4 1483/2092/4 1482/2071/4
f 1481/2073/4 1408/2093/4 1462/2045/4
f 1485/2075/4 1462/2045/4 1460/2043/4
f 1493/2081/4 1460/2043/4 1458/2041/4
f 1500/2094/4 1458/2041/4 1457/2038/4
f 1501/2095/4 1457/2038/4 1472/2055/4
f 1502/2096/4 1472/2055/4 1473/2057/4
f 1476/2064/4 1469/2052/4 1475/2058/4
f 1477/2068/4 1473/2057/4 1476/2064/4
f 1479/2066/4 1502/2096/4 1477/2068/4
f 1503/2097/4 1501/2095/4 1502/2096/4
f 1505/2098/4 1504/2099/4 1503/2097/4
f 1507/2100/4 1506/2101/4 1505/2098/4
f 1509/2102/4 1493/2081/4 1500/2094/4
f 1510/2103/4 1491/2080/4 1509/2102/4
f 1511/2104/4 1492/2079/4 1510/2103/4
f 1504/2099/4 1500/2094/4 1501/2095/4
f 1506/2101/4 1509/2102/4 1504/2099/4
f 1508/2105/4 1510/2103/4 1506/2101/4
f 1478/2070/4 1503/2097/4 1479/2066/4
f 1480/2106/4 1505/2098/4 1478/2070/4
f 1512/2107/4 1507/2100/4 1480/2106/4
f 1320/2108/4 1480/2106/4 1329/2069/4
f 1318/2037/4 1512/2107/4 1320/2108/4
f 1455/2036/4 1513/2109/4 1512/2107/4
f 1513/2109/4 1508/2105/4 1507/2100/4
f 1514/2110/4 1515/2111/4 1513/2109/4
f 1517/2112/4 1516/2113/4 1514/2110/4
f 1454/2114/4 1514/2110/4 1455/2036/4
f 1519/2115/4 1517/2112/4 1454/2114/4
f 1306/2116/4 1454/2114/4 1311/2035/4
f 1304/2117/4 1519/2115/4 1306/2116/4
f 1521/2118/4 1520/2119/4 1519/2115/4
f 1524/2120/4 1495/2083/4 1523/2121/4
f 1525/2122/4 1496/2084/4 1495/2083/4
f 1526/2123/4 1498/2086/4 1525/2122/4
f 1528/2124/4 1383/2125/4 1499/2088/4
f 1527/2126/4 1499/2088/4 1498/2086/4
f 1529/2127/4 1528/2124/4 1527/2126/4
f 1530/2128/4 1376/2129/4 1528/2124/4
f 1531/2130/4 1525/2122/4 1524/2120/4
f 1523/2121/4 1494/2082/4 1511/2104/4
f 1515/2111/4 1511/2104/4 1508/2105/4
f 1516/2113/4 1523/2121/4 1515/2111/4
f 1518/2131/4 1524/2120/4 1516/2113/4
f 1532/2132/4 1531/2130/4 1518/2131/4
f 1533/2133/4 1526/2123/4 1531/2130/4
f 1520/2119/4 1518/2131/4 1517/2112/4
f 1534/2134/4 1527/2126/4 1526/2123/4
f 1535/2135/4 1530/2128/4 1529/2127/4
f 1536/2136/4 1371/2137/4 1530/2128/4
f 1522/2138/4 1532/2132/4 1520/2119/4
f 1303/2139/4 1521/2118/4 1304/2117/4
f 1420/2140/4 1522/2138/4 1521/2118/4
f 1538/2141/4 1529/2127/4 1534/2134/4
f 1450/2142/4 1538/2141/4 1539/2143/4
f 1537/2144/4 1533/2133/4 1532/2132/4
f 1539/2143/4 1534/2134/4 1533/2133/4
f 1448/2145/4 1537/2144/4 1522/2138/4
f 1449/2146/4 1539/2143/4 1537/2144/4
f 1451/2147/4 1535/2135/4 1538/2141/4
f 1452/2148/4 1536/2136/4 1535/2135/4
f 1453/2149/4 1368/2150/4 1536/2136/4
f 1354/2151/6 1474/2152/6 1540/2153/6
f 1541/2154/6 1414/2155/6 1413/2156/6
f 1543/2157/6 1542/2158/6 1541/2154/6
f 1545/2159/6 1544/2160/6 1543/2157/6
f 1547/2161/430 1546/2162/431 1545/2159/6
f 1547/2161/430 1550/2163/432 1548/2164/433
f 1551/2165/6 1550/2163/432 1549/2166/6
f 1553/2167/6 1552/2168/6 1551/2165/6
f 1350/2169/6 1554/2170/6 1553/2167/6
f 1351/2171/6 1555/2172/6 1554/2170/6
f 1554/2170/6 1556/2173/6 1552/2168/6
f 1552/2168/6 1557/2174/434 1550/2163/432
f 1548/2164/433 1557/2174/434 1558/2175/435
f 1548/2164/433 1559/2176/436 1546/2162/431
f 1546/2162/431 1560/2177/6 1544/2160/6
f 1544/2160/6 1561/2178/6 1542/2158/6
f 1542/2158/6 1415/2179/6 1414/2155/6
f 1561/2178/6 1417/2180/6 1415/2179/6
f 1560/2177/6 1562/2181/6 1561/2178/6
f 1559/2176/436 1563/2182/437 1560/2177/6
f 1559/2176/436 1565/2183/438 1564/2184/439
f 1557/2174/434 1565/2183/438 1558/2175/435
f 1556/2173/6 1566/2185/6 1557/2174/434
f 1555/2172/6 1567/2186/6 1556/2173/6
f 1353/2187/6 1540/2153/6 1555/2172/6
f 1540/2153/6 1468/2188/6 1567/2186/6
f 1567/2186/6 1471/2189/6 1566/2185/6
f 1566/2185/6 1467/2190/6 1565/2183/438
f 1565/2183/438 1466/2191/440 1564/2184/439
f 1563/2182/437 1466/2191/440 1465/2192/6
f 1563/2182/437 1464/2193/6 1562/2181/6
f 1562/2181/6 1418/2194/6 1417/2180/6
f 1447/2195/5 1295/2196/5 1568/2197/5
f 1570/2198/5 1572/2199/5 1569/2200/5
f 1573/2201/5 1571/2202/5 1570/2198/5
f 1575/2203/5 1568/2197/5 1577/2204/5
f 1575/2203/5 1579/2205/5 1578/2206/5
f 1577/2204/5 1314/2207/5 1579/2205/5
f 1568/2197/5 1309/2208/5 1577/2204/5
f 1446/2209/5 1568/2197/5 1576/2210/5
f 1445/2211/5 1576/2210/5 1574/2212/5
f 1444/2213/5 1574/2212/5 1573/2201/5
f 1443/2214/5 1573/2201/5 1580/2215/5
f 1580/2215/5 1570/2198/5 1581/2216/5
f 1441/2217/5 1580/2215/5 1582/2218/5
f 1582/2218/5 1581/2216/5 1583/2219/5
f 1574/2212/5 1575/2203/5 1571/2202/5
f 1571/2202/5 1578/2206/5 1572/2199/5
f 1578/2206/5 1585/2220/5 1584/2221/5
f 1579/2205/5 1321/2222/5 1585/2220/5
f 1585/2220/5 1322/2223/5 1586/2224/5
f 1586/2224/5 1333/2225/5 1587/2226/5
f 1587/2226/5 1334/2227/5 1588/2228/5
f 1588/2228/5 1335/2229/5 1589/2230/5
f 1591/2231/5 1589/2230/5 1590/2232/5
f 1569/2200/5 1593/2233/5 1592/2234/5
f 1592/2234/5 1595/2235/5 1594/2236/5
f 1594/2236/5 1597/2237/5 1596/2238/5
f 1581/2216/5 1569/2200/5 1598/2239/5
f 1583/2219/5 1598/2239/5 1599/2240/5
f 1601/2241/5 1599/2240/5 1600/2242/5
f 1600/2242/5 1603/2243/5 1602/2244/5
f 1602/2244/5 1605/2245/5 1604/2246/5
f 1386/2247/5 1604/2246/5 1387/2248/5
f 1387/2248/5 1606/2249/5 1398/2250/5
f 1398/2250/5 1607/2251/5 1399/2252/5
f 1399/2252/5 1608/2253/5 1400/2254/5
f 1609/2255/5 1583/2219/5 1601/2241/5
f 1442/2256/5 1582/2218/5 1609/2255/5
f 1363/2257/5 1609/2255/5 1360/2258/5
f 1360/2258/5 1601/2241/5 1374/2259/5
f 1374/2259/5 1600/2242/5 1379/2260/5
f 1379/2260/5 1602/2244/5 1386/2247/5
f 1584/2221/5 1586/2224/5 1610/2261/5
f 1611/2262/5 1588/2228/5 1591/2231/5
f 1610/2261/5 1587/2226/5 1611/2262/5
f 1572/2199/5 1584/2221/5 1593/2233/5
f 1593/2233/5 1610/2261/5 1595/2235/5
f 1595/2235/5 1611/2262/5 1597/2237/5
f 1597/2237/5 1591/2231/5 1612/2263/5
f 1612/2263/5 1590/2232/5 1613/2264/5
f 1604/2246/5 1614/2265/5 1606/2249/5
f 1606/2249/5 1615/2266/5 1607/2251/5
f 1607/2251/5 1616/2267/5 1608/2253/5
f 1615/2266/5 1618/2268/5 1616/2267/5
f 1614/2265/5 1617/2269/5 1615/2266/5
f 1605/2245/5 1619/2270/5 1614/2265/5
f 1603/2243/5 1620/2271/5 1605/2245/5
f 1599/2240/5 1621/2272/5 1603/2243/5
f 1621/2272/5 1569/2200/5 1592/2234/5
f 1620/2271/5 1592/2234/5 1594/2236/5
f 1620/2271/5 1596/2238/5 1619/2270/5
f 1596/2238/5 1612/2263/5 1622/2273/5
f 1622/2273/5 1613/2264/5 1623/2274/5
f 1619/2270/5 1622/2273/5 1617/2269/5
f 1617/2269/5 1623/2274/5 1618/2268/5
f 1589/2230/5 1346/2275/5 1624/2276/5
f 1590/2232/5 1624/2276/5 1625/2277/5
f 1613/2264/5 1625/2277/5 1626/2278/5
f 1400/2254/5 1627/2279/5 1409/2280/5
f 1627/2279/5 1630/2281/5 1628/2282/5
f 1608/2253/5 1629/2283/5 1627/2279/5
f 1616/2267/5 1631/2284/5 1629/2283/5
f 1618/2268/5 1632/2285/5 1631/2284/5
f 1623/2274/5 1626/2278/5 1632/2285/5
f 1632/2285/5 1634/2286/5 1633/2287/5
f 1409/2280/5 1628/2282/5 1410/2288/5
f 1633/2287/5 1636/2289/5 1635/2290/5
f 1638/2291/5 1348/2292/5 1637/2293/5
f 1637/2293/5 1350/2294/5 1553/2295/5
f 1639/2296/5 1553/2295/5 1551/2297/5
f 1636/2289/5 1551/2297/5 1549/2298/5
f 1624/2276/5 1347/2299/5 1638/2291/5
f 1625/2277/5 1638/2291/5 1640/2300/5
f 1626/2278/5 1640/2300/5 1634/2286/5
f 1640/2300/5 1637/2293/5 1639/2296/5
f 1634/2286/5 1639/2296/5 1636/2289/5
f 1635/2290/5 1549/2298/5 1547/2301/5
f 1631/2284/5 1633/2287/5 1641/2302/5
f 1629/2283/5 1641/2302/5 1630/2281/5
f 1642/2303/5 1547/2301/5 1545/2304/5
f 1641/2302/5 1635/2290/5 1642/2303/5
f 1630/2281/5 1642/2303/5 1643/2305/5
f 1628/2282/5 1643/2305/5 1644/2306/5
f 1643/2305/5 1545/2304/5 1543/2307/5
f 1644/2306/5 1543/2307/5 1541/2308/5
f 1410/2288/5 1644/2306/5 1411/2309/5
f 1411/2309/5 1541/2308/5 1413/2310/5
f 1396/2311/2 1404/2312/2 1483/2313/2
f 1483/2313/2 1403/1977/2 1484/2314/2
f 1408/2315/2 1403/1977/2 1405/1980/2
f 1404/2312/2 1393/1968/2 1402/1975/2
f 1332/1907/1 1324/1900/1 1326/1901/1
f 1352/1929/1 1340/1917/1 1344/1922/1
f 1326/1901/1 1319/1895/1 1327/1904/1
f 1324/1900/1 1316/1891/1 1319/1895/1
f 2/1/1 3/15/1 4/2/1
f 5/4/1 6/24/1 7/5/1
f 7/5/1 2/1/1 1/3/1
f 1/3/1 4/2/1 10/7/1
f 8/6/1 1/3/1 9/8/1
f 12/10/1 5/4/1 8/6/1
f 12/10/1 11/9/1 14/11/1
f 11/9/1 9/8/1 15/13/1
f 9/8/1 10/7/1 16/14/1
f 3/15/1 17/40/1 18/16/1
f 4/2/1 18/16/1 19/17/1
f 10/7/1 19/17/1 20/18/1
f 14/11/1 15/13/1 22/19/1
f 22/19/1 15/13/1 16/14/1
f 24/22/1 13/12/1 14/11/1
f 25/23/1 26/27/1 2/1/1
f 6/24/1 27/25/1 25/23/1
f 27/25/1 28/2316/1 29/26/1
f 29/26/1 30/41/1 26/27/1
f 31/28/1 24/22/1 21/20/1
f 21/20/1 22/19/1 33/30/1
f 33/30/1 22/19/1 23/21/1
f 16/14/1 20/18/1 35/32/1
f 36/33/1 31/28/1 32/29/1
f 32/29/1 33/30/1 38/35/1
f 38/35/1 33/30/1 34/31/1
f 34/31/1 40/38/1 41/37/1
f 23/21/1 35/32/1 40/38/1
f 42/39/1 43/43/1 17/40/1
f 26/27/1 42/39/1 3/15/1
f 30/41/1 44/42/1 42/39/1
f 44/42/1 45/46/1 43/43/1
f 17/40/1 46/45/1 47/44/1
f 43/43/1 48/47/1 46/45/1
f 45/46/1 49/76/1 48/47/1
f 35/32/1 50/56/1 51/48/1
f 51/48/1 50/56/1 52/49/1
f 40/38/1 51/48/1 54/51/1
f 54/51/1 51/48/1 53/50/1
f 53/50/1 56/54/1 57/53/1
f 52/49/1 58/58/1 56/54/1
f 59/55/1 60/57/1 52/49/1
f 60/57/1 61/61/1 58/58/1
f 62/59/1 63/60/1 60/57/1
f 63/60/1 64/69/1 61/61/1
f 57/53/1 56/54/1 65/62/1
f 56/54/1 58/58/1 67/64/1
f 58/58/1 61/61/1 68/65/1
f 20/18/1 59/55/1 50/56/1
f 19/17/1 62/59/1 59/55/1
f 18/16/1 47/44/1 62/59/1
f 47/44/1 69/66/1 63/60/1
f 46/45/1 70/67/1 69/66/1
f 70/67/1 71/74/1 72/68/1
f 69/66/1 72/68/1 64/69/1
f 61/61/1 64/69/1 73/70/1
f 64/69/1 72/68/1 74/71/1
f 72/68/1 71/74/1 75/72/1
f 48/47/1 76/73/1 70/67/1
f 76/73/1 77/78/1 71/74/1
f 71/74/1 77/78/1 78/75/1
f 49/76/1 79/77/1 76/73/1
f 79/77/1 80/2317/1 77/78/1
f 77/78/1 80/2317/1 81/79/1
f 83/80/2 84/96/2 85/81/2
f 86/83/2 87/86/2 88/84/2
f 82/82/2 85/81/2 88/84/2
f 91/87/2 83/80/2 82/82/2
f 90/88/2 82/82/2 87/86/2
f 93/90/2 92/89/2 87/86/2
f 95/91/2 92/89/2 93/90/2
f 96/93/2 90/88/2 92/89/2
f 97/94/2 91/87/2 90/88/2
f 98/95/2 99/119/2 84/96/2
f 100/97/2 98/95/2 83/80/2
f 101/98/2 100/97/2 91/87/2
f 103/99/2 96/93/2 95/91/2
f 104/101/2 97/94/2 96/93/2
f 105/102/2 102/100/2 95/91/2
f 85/81/2 106/107/2 107/103/2
f 89/85/2 88/84/2 107/103/2
f 108/104/2 107/103/2 109/105/2
f 106/107/2 111/121/2 109/105/2
f 112/108/2 113/110/2 102/100/2
f 114/109/2 103/99/2 102/100/2
f 114/109/2 115/115/2 104/101/2
f 116/111/2 101/98/2 97/94/2
f 117/112/2 118/114/2 113/110/2
f 119/113/2 114/109/2 113/110/2
f 119/113/2 120/117/2 115/115/2
f 121/116/2 122/118/2 115/115/2
f 122/118/2 116/111/2 104/101/2
f 99/119/2 123/122/2 124/120/2
f 84/96/2 124/120/2 106/107/2
f 124/120/2 125/123/2 111/121/2
f 123/122/2 126/127/2 125/123/2
f 127/124/2 128/125/2 99/119/2
f 128/125/2 129/126/2 123/122/2
f 129/126/2 130/156/2 126/127/2
f 131/128/2 132/130/2 116/111/2
f 131/128/2 133/132/2 134/129/2
f 135/131/2 131/128/2 122/118/2
f 135/131/2 136/134/2 133/132/2
f 137/133/2 138/135/2 133/132/2
f 138/135/2 139/137/2 134/129/2
f 134/129/2 140/138/2 141/136/2
f 139/137/2 142/140/2 140/138/2
f 140/138/2 143/141/2 144/139/2
f 142/140/2 145/148/2 143/141/2
f 137/133/2 146/2318/2 147/142/2
f 138/135/2 147/142/2 148/143/2
f 139/137/2 148/143/2 149/144/2
f 132/130/2 141/136/2 101/98/2
f 141/136/2 144/139/2 100/97/2
f 144/139/2 127/124/2 98/95/2
f 143/141/2 150/145/2 127/124/2
f 150/145/2 151/147/2 128/125/2
f 152/146/2 153/152/2 151/147/2
f 145/148/2 152/146/2 150/145/2
f 142/140/2 149/144/2 154/149/2
f 145/148/2 154/149/2 155/150/2
f 152/146/2 155/150/2 156/151/2
f 151/147/2 157/153/2 129/126/2
f 153/152/2 158/155/2 157/153/2
f 153/152/2 156/151/2 159/154/2
f 157/153/2 160/157/2 130/156/2
f 158/155/2 161/159/2 160/157/2
f 158/155/2 159/154/2 162/158/2
f 164/160/3 165/196/3 166/161/3
f 111/163/3 125/175/3 168/164/3
f 109/166/3 111/163/3 167/165/3
f 110/168/3 109/166/3 169/167/3
f 170/169/3 169/167/3 172/170/3
f 169/167/3 167/165/3 173/172/3
f 171/171/3 172/170/3 175/173/3
f 125/175/3 126/193/3 176/176/3
f 178/177/3 179/180/3 180/178/3
f 179/180/3 181/183/3 182/181/3
f 183/182/3 184/184/3 181/183/3
f 184/184/3 185/189/3 186/185/3
f 182/181/3 188/188/3 189/186/3
f 181/183/3 186/185/3 188/188/3
f 185/189/3 163/162/3 190/190/3
f 186/185/3 190/190/3 191/191/3
f 192/192/3 164/160/3 163/162/3
f 126/193/3 130/194/3 192/192/3
f 130/194/3 160/195/3 164/160/3
f 160/195/3 161/255/3 165/196/3
f 176/176/3 192/192/3 185/189/3
f 168/164/3 176/176/3 184/184/3
f 167/165/3 168/164/3 183/182/3
f 173/172/3 183/182/3 179/180/3
f 172/170/3 173/172/3 178/177/3
f 175/173/3 178/177/3 177/179/3
f 174/174/3 175/173/3 193/197/3
f 194/198/3 193/197/3 196/199/3
f 193/197/3 177/179/3 197/201/3
f 177/179/3 180/178/3 198/202/3
f 180/178/3 182/181/3 187/187/3
f 198/202/3 187/187/3 200/203/3
f 81/205/4 201/228/4 202/206/4
f 203/208/3 201/231/3 81/209/3
f 204/211/3 203/208/3 80/210/3
f 205/213/3 204/211/3 79/212/3
f 206/215/3 205/213/3 49/214/3
f 207/217/3 206/215/3 45/216/3
f 208/219/3 209/225/3 29/220/3
f 195/200/3 196/199/3 211/222/3
f 196/199/3 197/201/3 212/224/3
f 197/201/3 198/202/3 199/204/3
f 209/225/3 213/227/3 30/226/3
f 213/227/3 207/217/3 44/218/3
f 210/223/3 211/222/3 209/225/3
f 211/222/3 212/224/3 213/227/3
f 212/224/3 199/204/3 207/217/3
f 201/228/4 214/238/4 215/229/4
f 216/230/3 214/240/3 201/231/3
f 190/190/3 217/233/3 218/232/3
f 163/162/3 166/161/3 217/233/3
f 188/188/3 191/191/3 219/234/3
f 189/186/3 219/234/3 221/235/3
f 187/187/3 189/186/3 220/236/3
f 199/204/3 200/203/3 206/215/3
f 200/203/3 220/236/3 205/213/3
f 220/236/3 221/235/3 204/211/3
f 221/235/3 216/230/3 203/208/3
f 219/234/3 222/237/3 216/230/3
f 191/191/3 218/232/3 222/237/3
f 214/238/4 223/241/4 224/239/4
f 222/237/3 223/243/3 214/240/3
f 223/241/4 225/244/4 226/242/4
f 218/232/3 225/246/3 223/243/3
f 225/244/4 227/247/4 228/245/4
f 217/233/3 227/249/3 225/246/3
f 227/247/4 229/250/4 230/248/4
f 166/161/3 229/252/3 227/249/3
f 229/250/4 231/253/4 232/251/4
f 165/196/3 231/256/3 229/252/3
f 231/253/4 162/2319/4 159/254/4
f 161/255/3 162/2320/3 231/256/3
f 234/257/4 235/264/4 236/258/4
f 237/260/4 202/206/4 215/229/4
f 215/229/4 224/239/4 239/262/4
f 224/239/4 226/242/4 240/263/4
f 226/242/4 228/245/4 234/257/4
f 228/245/4 230/248/4 235/264/4
f 230/248/4 232/251/4 241/265/4
f 232/251/4 159/254/4 156/266/4
f 241/265/4 156/266/4 155/267/4
f 75/269/4 78/207/4 202/206/4
f 75/269/4 237/260/4 243/270/4
f 235/264/4 241/265/4 242/268/4
f 240/263/4 234/257/4 233/259/4
f 239/262/4 240/263/4 244/272/4
f 238/261/4 239/262/4 245/273/4
f 237/260/4 238/261/4 246/274/4
f 74/271/4 243/270/4 247/275/4
f 243/270/4 246/274/4 248/277/4
f 246/274/4 245/273/4 249/278/4
f 245/273/4 244/272/4 250/279/4
f 244/272/4 233/259/4 251/280/4
f 233/259/4 236/258/4 252/281/4
f 236/258/4 242/268/4 253/282/4
f 242/268/4 155/267/4 154/283/4
f 253/282/4 154/283/4 149/284/4
f 73/276/4 247/275/4 255/286/4
f 247/275/4 248/277/4 256/288/4
f 252/281/4 253/282/4 254/285/4
f 251/280/4 252/281/4 257/289/4
f 248/277/4 249/278/4 259/291/4
f 249/278/4 250/279/4 260/292/4
f 250/279/4 251/280/4 258/290/4
f 68/287/4 255/286/4 261/293/4
f 255/286/4 256/288/4 262/295/4
f 256/288/4 259/291/4 263/296/4
f 259/291/4 260/292/4 264/297/4
f 260/292/4 258/290/4 265/298/4
f 258/290/4 257/289/4 266/299/4
f 257/289/4 254/285/4 267/300/4
f 254/285/4 149/284/4 148/301/4
f 65/302/4 67/294/4 261/293/4
f 261/293/4 262/295/4 269/304/4
f 262/295/4 263/296/4 270/305/4
f 263/296/4 264/297/4 271/306/4
f 264/297/4 265/298/4 272/307/4
f 265/298/4 266/299/4 273/308/4
f 266/299/4 267/300/4 274/309/4
f 267/300/4 148/301/4 147/310/4
f 65/302/4 268/303/4 275/311/4
f 268/303/4 269/304/4 276/313/4
f 269/304/4 270/305/4 277/314/4
f 270/305/4 271/306/4 278/315/4
f 271/306/4 272/307/4 279/316/4
f 272/307/4 273/308/4 280/317/4
f 273/308/4 274/309/4 281/318/4
f 274/309/4 147/310/4 146/319/4
f 283/320/5 31/330/5 36/321/5
f 285/323/5 5/353/5 12/324/5
f 284/325/5 12/324/5 13/326/5
f 286/327/5 13/326/5 24/328/5
f 287/329/5 24/328/5 31/330/5
f 289/331/5 286/327/5 287/329/5
f 288/332/5 287/329/5 283/320/5
f 292/334/5 293/338/5 294/335/5
f 295/337/5 296/349/5 293/338/5
f 293/338/5 297/347/5 298/339/5
f 294/335/5 298/339/5 289/331/5
f 299/340/5 289/331/5 288/332/5
f 302/342/5 299/340/5 300/341/5
f 291/336/5 294/335/5 299/340/5
f 304/344/5 291/336/5 302/342/5
f 300/341/5 288/332/5 290/333/5
f 298/339/5 284/325/5 286/327/5
f 297/347/5 285/323/5 284/325/5
f 306/348/5 307/352/5 285/323/5
f 296/349/5 306/348/5 297/347/5
f 308/350/5 309/351/5 296/349/5
f 309/351/5 310/359/5 306/348/5
f 307/352/5 6/355/5 5/353/5
f 311/354/5 27/357/5 6/355/5
f 208/356/5 28/2321/5 27/357/5
f 210/358/5 208/356/5 311/354/5
f 310/359/5 311/354/5 307/352/5
f 195/360/5 210/358/5 310/359/5
f 194/361/5 195/360/5 309/351/5
f 174/362/5 194/361/5 308/350/5
f 312/363/5 308/350/5 295/337/5
f 313/364/5 295/337/5 292/334/5
f 314/365/5 292/334/5 291/336/5
f 316/366/5 314/365/5 304/344/5
f 110/368/5 170/374/5 317/369/5
f 318/371/5 313/364/5 314/365/5
f 319/372/5 312/363/5 313/364/5
f 171/373/5 174/362/5 312/363/5
f 170/374/5 171/373/5 319/372/5
f 317/369/5 319/372/5 318/371/5
f 320/375/5 318/371/5 316/366/5
f 108/370/5 317/369/5 320/375/5
f 89/377/5 320/375/5 321/376/5
f 301/343/5 300/341/5 305/346/5
f 324/380/5 301/343/5 322/379/5
f 105/382/5 325/386/5 326/383/5
f 94/385/5 327/388/5 325/386/5
f 93/387/5 328/389/5 327/388/5
f 86/378/5 321/376/5 328/389/5
f 321/376/5 316/366/5 315/367/5
f 328/389/5 315/367/5 329/390/5
f 315/367/5 304/344/5 303/345/5
f 303/345/5 302/342/5 301/343/5
f 329/390/5 303/345/5 324/380/5
f 327/388/5 329/390/5 330/391/5
f 325/386/5 330/391/5 331/392/5
f 330/391/5 324/380/5 323/381/5
f 290/333/5 283/320/5 282/322/5
f 305/346/5 290/333/5 332/393/5
f 322/379/5 305/346/5 333/394/5
f 323/381/5 322/379/5 334/395/5
f 331/392/5 323/381/5 335/396/5
f 326/383/5 331/392/5 336/397/5
f 112/384/5 326/383/5 337/398/5
f 338/400/6 281/450/6 146/401/6
f 340/403/6 341/407/6 342/404/6
f 343/406/6 344/408/6 341/407/6
f 344/408/6 345/412/6 346/409/6
f 341/407/6 346/409/6 347/410/6
f 346/409/6 348/413/6 349/411/6
f 345/412/6 350/414/6 348/413/6
f 350/414/6 351/430/6 352/415/6
f 348/413/6 352/415/6 353/416/6
f 355/417/6 356/420/6 357/418/6
f 349/411/6 353/416/6 356/420/6
f 347/410/6 349/411/6 355/417/6
f 358/421/6 355/417/6 354/419/6
f 361/423/6 358/421/6 359/422/6
f 342/404/6 347/410/6 358/421/6
f 339/405/6 342/404/6 361/423/6
f 362/425/6 361/423/6 360/424/6
f 364/427/6 365/437/6 344/408/6
f 366/428/6 367/455/6 368/429/6
f 351/430/6 368/429/6 369/431/6
f 352/415/6 369/431/6 370/432/6
f 356/420/6 371/434/6 372/433/6
f 353/416/6 370/432/6 371/434/6
f 373/435/6 366/428/6 351/430/6
f 374/436/6 373/435/6 350/414/6
f 365/437/6 374/436/6 345/412/6
f 376/438/6 364/427/6 343/406/6
f 375/439/6 343/406/6 340/403/6
f 377/440/6 340/403/6 339/405/6
f 378/441/6 339/405/6 362/425/6
f 379/442/6 362/425/6 363/426/6
f 357/418/6 372/433/6 338/400/6
f 354/419/6 357/418/6 381/444/6
f 359/422/6 354/419/6 382/445/6
f 360/424/6 359/422/6 383/446/6
f 363/426/6 360/424/6 384/447/6
f 380/443/6 363/426/6 385/448/6
f 372/433/6 280/451/6 281/450/6
f 371/434/6 279/452/6 280/451/6
f 370/432/6 278/453/6 279/452/6
f 369/431/6 277/454/6 278/453/6
f 368/429/6 276/456/6 277/454/6
f 367/455/6 275/458/6 276/456/6
f 57/457/6 66/2322/6 275/458/6
f 55/459/6 57/457/6 367/455/6
f 54/460/6 55/459/6 366/428/6
f 41/461/6 54/460/6 373/435/6
f 39/462/6 41/461/6 374/436/6
f 38/463/6 39/462/6 365/437/6
f 37/464/6 38/463/6 364/427/6
f 36/465/6 37/464/6 376/438/6
f 282/466/6 376/438/6 375/439/6
f 332/467/6 375/439/6 377/440/6
f 333/468/6 377/440/6 378/441/6
f 334/469/6 378/441/6 379/442/6
f 335/470/6 379/442/6 380/443/6
f 336/471/6 380/443/6 386/449/6
f 337/472/6 386/449/6 118/473/6
f 386/449/6 385/448/6 119/475/6
f 385/448/6 384/447/6 120/476/6
f 384/447/6 383/446/6 121/477/6
f 383/446/6 382/445/6 135/478/6
f 382/445/6 381/444/6 136/479/6
f 381/444/6 338/400/6 137/402/6
f 388/480/2 389/2323/2 390/481/2
f 392/483/7 393/735/7 394/484/7
f 396/486/1 397/2324/1 398/487/1
f 400/489/8 401/2325/8 402/490/9
f 404/492/11 405/689/11 406/493/11
f 408/495/12 401/2326/13 400/496/13
f 410/498/15 411/2327/15 412/499/15
f 410/501/15 413/505/18 414/502/16
f 415/504/17 416/2328/20 414/502/16
f 417/506/19 418/510/22 416/507/20
f 419/509/21 420/2329/24 418/510/22
f 421/511/23 422/515/26 420/512/24
f 423/514/25 424/517/28 422/515/26
f 423/514/25 425/666/29 426/516/27
f 425/518/29 427/521/31 428/519/30
f 427/521/31 429/523/33 430/522/32
f 429/523/33 399/654/10 402/524/9
f 431/525/1 432/529/1 405/526/1
f 431/525/1 433/531/1 434/528/1
f 435/530/1 436/533/1 434/528/1
f 437/532/1 438/535/1 436/533/1
f 439/534/1 440/537/1 438/535/1
f 441/536/1 442/539/1 440/537/1
f 441/536/1 443/540/1 444/538/1
f 443/540/1 445/542/1 446/541/1
f 445/542/1 447/544/1 448/543/1
f 447/544/1 449/546/1 450/545/1
f 449/546/1 395/488/1 398/487/1
f 451/547/34 452/648/34 453/548/34
f 455/550/35 456/2330/37 453/551/34
f 455/553/35 457/556/38 458/554/36
f 457/556/38 459/634/40 460/557/39
f 459/558/40 461/628/43 462/559/41
f 463/561/42 464/2331/45 462/562/41
f 465/564/44 466/2332/47 464/565/45
f 467/567/46 468/2333/49 466/568/47
f 469/570/48 470/574/51 468/571/49
f 471/573/50 472/575/52 470/574/51
f 391/485/7 394/484/7 472/575/52
f 474/576/2 475/580/2 476/577/2
f 477/579/2 478/582/2 475/580/2
f 477/579/2 479/583/2 480/581/2
f 479/583/2 481/585/2 482/584/2
f 481/585/2 483/587/2 484/586/2
f 483/587/2 485/590/2 486/588/2
f 487/589/2 488/592/2 486/588/2
f 489/591/2 490/594/2 488/592/2
f 491/593/2 492/596/2 490/594/2
f 493/595/2 494/597/2 492/596/2
f 493/595/2 387/482/2 390/481/2
f 390/598/7 495/709/7 496/599/53
f 496/599/53 495/709/7 497/601/7
f 498/602/55 497/601/7 391/485/7
f 492/603/56 494/600/54 496/599/53
f 499/604/57 496/599/53 498/602/55
f 498/602/55 471/573/50 469/570/48
f 490/606/59 492/603/56 499/604/57
f 501/607/60 499/604/57 500/605/58
f 500/605/58 469/570/48 467/572/46
f 488/609/62 490/2334/59 501/610/60
f 503/611/63 501/610/60 502/612/61
f 502/612/61 467/567/46 465/569/44
f 486/614/65 488/2335/62 503/615/63
f 505/616/66 503/615/63 504/617/64
f 504/617/64 465/564/44 463/566/42
f 484/619/68 486/2336/65 505/620/66
f 505/620/66 506/2337/67 508/622/70
f 508/622/70 506/2337/67 463/561/42
f 484/623/68 507/626/69 509/624/71
f 507/626/69 508/2338/70 510/627/73
f 510/627/73 508/2338/70 461/628/43
f 482/629/72 509/632/71 511/630/74
f 509/632/71 510/2339/73 512/633/76
f 512/633/76 510/2339/73 459/634/40
f 480/631/75 511/630/74 513/635/77
f 511/630/74 512/633/76 514/637/79
f 514/637/79 512/633/76 457/556/38
f 475/638/34 478/2340/78 513/639/77
f 515/640/34 513/639/77 514/641/79
f 514/641/79 455/550/35 452/552/34
f 476/643/34 475/2341/34 515/644/34
f 517/645/34 515/644/34 516/646/34
f 518/647/34 516/646/34 452/648/34
f 398/649/80 519/652/83 520/650/81
f 519/652/83 521/2342/111 522/653/84
f 522/653/84 521/2342/111 399/654/10
f 450/651/82 520/650/81 523/655/85
f 520/650/81 522/653/84 524/657/87
f 524/657/87 522/653/84 429/523/33
f 448/656/86 523/655/85 525/658/88
f 523/655/85 524/657/87 526/660/90
f 526/660/90 524/657/87 427/521/31
f 446/661/89 525/664/88 527/662/91
f 525/664/88 526/2343/90 528/665/93
f 528/665/93 526/2343/90 425/666/29
f 442/667/94 444/663/92 527/662/91
f 529/668/95 527/662/91 528/665/93
f 528/665/93 423/514/25 421/511/23
f 440/670/97 442/667/94 529/668/95
f 531/671/98 529/668/95 530/669/96
f 530/669/96 421/511/23 419/513/21
f 438/673/100 440/2344/97 531/674/98
f 533/675/101 531/674/98 532/676/99
f 532/676/99 419/509/21 417/506/19
f 436/678/103 438/673/100 533/675/101
f 535/679/104 533/675/101 534/677/102
f 534/677/102 417/506/19 415/508/17
f 434/681/106 436/2345/103 535/682/104
f 537/683/107 535/682/104 536/684/105
f 536/684/105 415/504/17 413/505/18
f 434/681/106 537/683/107 539/686/15
f 539/686/15 537/683/107 538/685/108
f 538/685/108 413/505/18 410/501/15
f 405/689/15 432/2346/15 539/690/15
f 539/690/15 540/692/15 541/691/15
f 540/692/15 410/498/15 409/500/15
f 542/693/109 543/697/13 397/694/13
f 544/696/110 545/698/13 543/697/13
f 544/696/110 407/497/14 400/496/13
f 547/699/11 409/500/11 412/499/11
f 548/701/11 541/691/11 409/500/11
f 548/701/11 403/494/11 406/493/11
f 397/702/8 543/705/8 519/703/83
f 543/705/8 545/707/8 521/706/111
f 545/707/8 400/489/8 399/491/10
f 390/598/7 389/808/7 549/708/7
f 549/708/7 550/710/7 497/601/7
f 550/710/7 392/483/7 391/485/7
f 451/711/11 551/812/11 552/712/11
f 552/714/11 551/814/11 553/715/11
f 553/715/11 403/816/11 548/717/11
f 518/713/11 552/712/11 555/718/11
f 552/714/11 554/716/11 556/720/11
f 554/716/11 548/717/11 547/722/11
f 517/719/11 555/718/11 473/723/11
f 555/721/11 556/720/11 557/725/11
f 556/720/11 547/722/11 546/727/11
f 550/710/13 549/708/13 558/728/13
f 559/729/112 558/728/13 560/730/113
f 561/731/114 560/730/113 407/497/14
f 550/710/13 559/729/112 562/732/13
f 559/729/112 561/731/114 563/733/115
f 561/731/114 544/696/110 542/693/109
f 392/483/13 562/732/13 564/734/13
f 562/732/13 563/733/115 565/736/13
f 565/736/13 563/733/115 542/693/109
f 430/737/2 402/820/2 566/738/2
f 566/738/2 568/741/2 569/740/2
f 568/741/2 387/482/2 493/595/2
f 430/737/2 567/739/2 570/742/2
f 567/739/2 569/740/2 571/744/2
f 569/740/2 493/595/2 491/593/2
f 428/743/2 570/742/2 572/745/2
f 570/742/2 571/744/2 573/747/2
f 571/744/2 491/593/2 489/591/2
f 426/746/2 572/745/2 574/748/2
f 572/745/2 573/747/2 575/750/2
f 573/747/2 489/591/2 487/589/2
f 424/749/2 574/748/2 576/751/2
f 574/748/2 575/750/2 577/753/2
f 575/750/2 487/589/2 485/590/2
f 420/754/2 422/752/2 576/751/2
f 578/755/2 576/751/2 577/753/2
f 579/756/2 577/753/2 485/590/2
f 418/757/2 420/754/2 578/755/2
f 580/758/2 578/755/2 579/756/2
f 581/759/2 579/756/2 483/587/2
f 416/760/2 418/757/2 580/758/2
f 582/761/2 580/758/2 581/759/2
f 583/762/2 581/759/2 481/585/2
f 414/763/2 416/760/2 582/761/2
f 584/764/2 582/761/2 583/762/2
f 585/765/2 583/762/2 479/583/2
f 414/763/2 584/764/2 586/766/2
f 586/766/2 584/764/2 585/765/2
f 587/768/2 585/765/2 477/579/2
f 412/769/2 411/767/2 586/766/2
f 586/766/2 587/768/2 557/771/2
f 557/771/2 587/768/2 474/576/2
f 394/772/1 588/775/1 589/773/1
f 588/775/1 590/777/1 591/776/1
f 590/777/1 395/488/1 449/546/1
f 470/778/1 472/774/1 589/773/1
f 592/779/1 589/773/1 591/776/1
f 593/780/1 591/776/1 449/546/1
f 468/781/1 470/778/1 592/779/1
f 594/782/1 592/779/1 593/780/1
f 595/783/1 593/780/1 447/544/1
f 466/784/1 468/781/1 594/782/1
f 596/785/1 594/782/1 595/783/1
f 597/786/1 595/783/1 445/542/1
f 464/787/1 466/784/1 596/785/1
f 598/788/1 596/785/1 597/786/1
f 599/789/1 597/786/1 443/540/1
f 464/787/1 598/788/1 600/790/1
f 598/788/1 599/789/1 601/792/1
f 599/789/1 441/536/1 439/534/1
f 462/791/1 600/790/1 602/793/1
f 600/790/1 601/792/1 603/795/1
f 601/792/1 439/534/1 437/532/1
f 460/794/1 602/793/1 604/796/1
f 602/793/1 603/795/1 605/798/1
f 603/795/1 437/532/1 435/530/1
f 458/797/1 604/796/1 606/799/1
f 604/796/1 605/798/1 607/801/1
f 605/798/1 435/530/1 433/531/1
f 456/800/1 606/799/1 608/802/1
f 606/799/1 607/801/1 609/804/1
f 609/804/1 607/801/1 433/531/1
f 453/803/1 608/802/1 610/805/1
f 610/805/1 608/802/1 609/804/1
f 611/807/1 609/804/1 431/525/1
f 389/808/13 388/809/116 558/728/13
f 388/809/116 612/810/117 560/730/113
f 612/810/117 408/495/12 407/497/14
f 454/811/11 610/2347/11 551/812/11
f 610/813/11 611/815/11 553/715/11
f 611/815/11 404/2348/11 403/816/11
f 393/817/1 564/818/1 588/775/1
f 564/818/1 565/819/1 590/777/1
f 565/819/1 396/486/1 395/488/1
f 402/820/2 401/2349/2 408/821/2
f 408/821/2 612/822/2 568/741/2
f 612/822/2 388/480/2 387/482/2
f 613/823/2 614/2350/2 615/824/2
f 617/826/118 618/2351/118 619/827/118
f 621/829/1 622/1161/1 623/830/1
f 626/832/119 627/2352/121 628/833/120
f 629/835/122 630/2353/122 631/836/122
f 634/838/123 627/2352/123 626/832/123
f 636/840/124 637/2354/124 638/841/124
f 639/843/125 640/2355/127 637/844/124
f 641/846/126 642/850/129 640/847/127
f 643/849/128 644/2356/131 642/850/129
f 645/851/130 646/2357/133 644/852/131
f 647/854/132 648/2358/135 646/855/133
f 647/857/132 649/1007/136 650/858/134
f 649/860/136 651/863/138 652/861/137
f 651/863/138 653/998/140 654/864/139
f 653/865/140 655/868/142 656/866/141
f 625/834/121 628/833/120 656/866/141
f 657/869/1 658/873/1 631/870/1
f 657/869/1 659/875/1 660/872/1
f 661/874/1 662/877/1 660/872/1
f 663/876/1 664/879/1 662/877/1
f 665/878/1 666/881/1 664/879/1
f 667/880/1 668/883/1 666/881/1
f 667/880/1 669/884/1 670/882/1
f 669/884/1 671/886/1 672/885/1
f 671/886/1 673/888/1 674/887/1
f 673/888/1 675/890/1 676/889/1
f 621/829/1 624/831/1 676/889/1
f 678/891/143 679/2359/143 680/892/143
f 681/894/144 682/898/146 679/895/143
f 681/894/144 683/976/147 684/897/145
f 683/899/147 685/902/149 686/900/148
f 685/902/149 687/967/151 688/903/150
f 687/904/151 689/908/154 690/905/152
f 691/907/153 692/910/156 690/905/152
f 693/909/155 694/2360/158 692/910/156
f 695/911/157 696/915/160 694/912/158
f 697/914/159 698/917/161 696/915/160
f 697/914/159 617/2361/118 620/916/118
f 700/918/2 701/922/2 702/919/2
f 700/918/2 703/923/2 704/921/2
f 703/923/2 705/925/2 706/924/2
f 705/925/2 707/927/2 708/926/2
f 707/927/2 709/929/2 710/928/2
f 709/929/2 711/932/2 712/930/2
f 713/931/2 714/934/2 712/930/2
f 715/933/2 716/936/2 714/934/2
f 717/935/2 718/938/2 716/936/2
f 719/937/2 720/939/2 718/938/2
f 719/937/2 613/823/2 616/825/2
f 616/940/118 721/2362/118 722/941/162
f 722/941/162 721/2362/118 723/943/118
f 723/943/118 617/2361/118 697/914/159
f 718/945/165 720/942/163 722/941/162
f 725/946/166 722/941/162 724/944/164
f 726/947/167 724/944/164 697/914/159
f 716/948/168 718/945/165 725/946/166
f 727/949/169 725/946/166 726/947/167
f 728/950/170 726/947/167 695/911/157
f 714/951/171 716/2363/168 727/952/169
f 729/953/172 727/952/169 728/954/170
f 728/954/170 693/909/155 691/907/153
f 712/956/174 714/951/171 729/953/172
f 731/957/175 729/953/172 730/955/173
f 730/955/173 691/907/153 689/908/154
f 712/956/174 731/957/175 733/959/177
f 731/957/175 732/958/176 734/961/179
f 734/961/179 732/958/176 689/908/154
f 710/962/178 733/965/177 735/963/180
f 733/965/177 734/2364/179 736/966/182
f 736/966/182 734/2364/179 687/967/151
f 708/964/181 735/963/180 737/968/183
f 735/963/180 736/966/182 738/970/185
f 738/970/185 736/966/182 685/902/149
f 706/971/184 737/974/183 739/972/186
f 737/974/183 738/2365/185 740/975/188
f 740/975/188 738/2365/185 683/976/147
f 704/973/187 739/972/186 741/977/143
f 739/972/186 740/975/188 742/979/143
f 742/979/143 740/975/188 681/894/144
f 701/980/143 741/2366/143 743/981/143
f 743/981/143 741/2366/143 742/983/143
f 744/984/143 742/983/143 678/891/143
f 624/985/121 745/988/121 746/986/189
f 745/988/121 747/1048/216 748/989/191
f 748/989/191 747/1048/216 625/834/121
f 676/987/190 746/986/189 749/990/192
f 746/986/189 748/989/191 750/992/194
f 750/992/194 748/989/191 655/868/142
f 674/993/193 749/996/192 751/994/195
f 749/996/192 750/2367/194 752/997/197
f 752/997/197 750/2367/194 653/998/140
f 672/995/196 751/994/195 753/999/198
f 751/994/195 752/997/197 754/1001/200
f 754/1001/200 752/997/197 651/863/138
f 670/1002/199 753/1005/198 755/1003/201
f 753/1005/198 754/2368/200 756/1006/135
f 756/1006/135 754/2368/200 649/1007/136
f 666/1008/203 668/2369/202 755/1009/201
f 757/1010/204 755/1009/201 756/1011/135
f 756/1011/135 647/854/132 645/856/130
f 664/1013/206 666/2370/203 757/1014/204
f 759/1015/207 757/1014/204 758/1016/205
f 758/1016/205 645/851/130 643/853/128
f 662/1018/209 664/2371/206 759/1019/207
f 761/1020/210 759/1019/207 760/1021/208
f 760/1021/208 643/849/128 641/846/126
f 660/1023/212 662/1018/209 761/1020/210
f 763/1024/213 761/1020/210 762/1022/211
f 762/1022/211 641/846/126 639/848/125
f 660/1026/212 763/2372/213 765/1027/124
f 765/1027/124 763/2372/213 764/1029/214
f 766/1030/124 764/1029/214 639/843/125
f 658/1031/124 765/2373/124 632/1032/124
f 632/1032/124 765/2373/124 766/1034/124
f 766/1034/124 636/840/124 635/842/124
f 768/1036/123 769/1040/123 623/1037/123
f 768/1036/123 770/1041/123 771/1039/123
f 770/1041/123 633/839/123 626/832/123
f 773/1042/122 635/1046/122 638/1043/122
f 773/1042/122 774/1047/122 767/1045/122
f 629/835/122 632/837/122 767/1045/122
f 623/1037/121 769/1040/121 745/988/121
f 769/1040/121 771/1039/121 747/1048/216
f 747/1048/216 771/1039/121 626/832/119
f 615/1049/118 775/1052/118 721/1050/118
f 775/1052/118 776/1054/118 723/1053/118
f 776/1054/118 618/2351/118 617/826/118
f 677/893/122 777/1155/122 778/1055/122
f 777/1056/122 779/1059/122 780/1057/122
f 779/1059/122 629/1158/122 774/1060/122
f 744/984/122 778/1055/122 781/1061/122
f 778/1058/122 780/1057/122 782/1062/122
f 780/1057/122 774/1060/122 773/1064/122
f 702/982/122 743/981/122 781/1061/122
f 781/1063/122 782/1062/122 783/1066/122
f 782/1062/122 773/1064/122 772/1068/122
f 776/1069/217 775/1151/227 784/1070/218
f 785/1071/219 784/1070/218 786/1072/218
f 787/1073/123 786/1072/218 633/839/123
f 776/1069/217 785/1071/219 788/1074/220
f 785/1071/219 787/1073/123 789/1076/222
f 787/1073/123 770/1041/123 768/1036/123
f 618/1075/221 788/1074/220 790/1077/223
f 788/1074/220 789/1076/222 791/1079/225
f 789/1076/222 768/1036/123 622/1038/215
f 656/1080/2 628/1163/2 792/1081/2
f 792/1081/2 794/1084/2 795/1083/2
f 794/1084/2 613/823/2 719/937/2
f 656/1080/2 793/1082/2 796/1085/2
f 793/1082/2 795/1083/2 797/1087/2
f 795/1083/2 719/937/2 717/935/2
f 654/1086/2 796/1085/2 798/1088/2
f 796/1085/2 797/1087/2 799/1090/2
f 797/1087/2 717/935/2 715/933/2
f 652/1089/2 798/1088/2 800/1091/2
f 798/1088/2 799/1090/2 801/1093/2
f 799/1090/2 715/933/2 713/931/2
f 650/1092/2 800/1091/2 802/1094/2
f 800/1091/2 801/1093/2 803/1096/2
f 801/1093/2 713/931/2 711/932/2
f 646/1097/2 648/1095/2 802/1094/2
f 804/1098/2 802/1094/2 803/1096/2
f 805/1099/2 803/1096/2 711/932/2
f 644/1100/2 646/1097/2 804/1098/2
f 806/1101/2 804/1098/2 805/1099/2
f 807/1102/2 805/1099/2 709/929/2
f 642/1103/2 644/1100/2 806/1101/2
f 808/1104/2 806/1101/2 807/1102/2
f 809/1105/2 807/1102/2 707/927/2
f 640/1106/2 642/1103/2 808/1104/2
f 810/1107/2 808/1104/2 809/1105/2
f 811/1108/2 809/1105/2 705/925/2
f 637/1109/2 640/1106/2 810/1107/2
f 810/1107/2 811/1108/2 813/1111/2
f 811/1108/2 703/923/2 700/918/2
f 638/1112/2 637/1109/2 812/1110/2
f 772/1113/2 812/1110/2 813/1111/2
f 813/1111/2 700/918/2 699/920/2
f 698/1115/1 620/1159/1 814/1116/1
f 815/1117/1 814/1116/1 816/1118/1
f 816/1118/1 621/829/1 675/890/1
f 696/1120/1 698/1115/1 815/1117/1
f 818/1121/1 815/1117/1 817/1119/1
f 819/1122/1 817/1119/1 675/890/1
f 694/1123/1 696/1120/1 818/1121/1
f 820/1124/1 818/1121/1 819/1122/1
f 821/1125/1 819/1122/1 673/888/1
f 692/1126/1 694/1123/1 820/1124/1
f 822/1127/1 820/1124/1 821/1125/1
f 823/1128/1 821/1125/1 671/886/1
f 690/1129/1 692/1126/1 822/1127/1
f 824/1130/1 822/1127/1 823/1128/1
f 825/1131/1 823/1128/1 669/884/1
f 690/1129/1 824/1130/1 826/1132/1
f 824/1130/1 825/1131/1 827/1134/1
f 825/1131/1 667/880/1 665/878/1
f 688/1133/1 826/1132/1 828/1135/1
f 826/1132/1 827/1134/1 829/1137/1
f 827/1134/1 665/878/1 663/876/1
f 686/1136/1 828/1135/1 830/1138/1
f 828/1135/1 829/1137/1 831/1140/1
f 829/1137/1 663/876/1 661/874/1
f 684/1139/1 830/1138/1 832/1141/1
f 830/1138/1 831/1140/1 833/1143/1
f 831/1140/1 661/874/1 659/875/1
f 679/1144/1 682/1142/1 832/1141/1
f 832/1141/1 833/1143/1 835/1146/1
f 835/1146/1 833/1143/1 659/875/1
f 680/1147/1 679/1144/1 834/1145/1
f 834/1145/1 835/1146/1 837/1149/1
f 835/1146/1 657/869/1 630/871/1
f 615/1150/226 614/1152/228 784/1070/218
f 614/1152/228 838/1153/123 786/1072/218
f 838/1153/123 634/838/123 633/839/123
f 677/893/122 680/892/122 836/1154/122
f 777/1056/122 836/2374/122 837/1156/122
f 779/1059/122 837/1156/122 630/1157/122
f 620/1159/1 619/2375/1 790/1160/1
f 790/1160/1 791/2376/1 816/1118/1
f 816/1118/1 791/2376/1 622/1161/1
f 627/1162/2 634/1164/2 792/1081/2
f 634/1164/2 838/1165/2 794/1084/2
f 838/1165/2 614/2350/2 613/823/2
f 840/1166/2 841/2377/2 842/1167/2
f 844/1169/229 845/2378/229 846/1170/229
f 847/1172/1 848/1515/1 849/1173/1
f 852/1175/230 853/2379/230 854/1176/230
f 855/1178/231 856/2380/231 857/1179/231
f 860/1181/232 853/2381/232 852/1182/232
f 862/1184/233 863/1188/233 864/1185/233
f 865/1187/234 866/2382/236 863/1188/233
f 865/1189/234 867/1192/237 868/1190/235
f 867/1192/237 869/1194/239 870/1193/238
f 869/1194/239 871/1196/241 872/1195/240
f 871/1196/241 873/1364/243 874/1197/242
f 873/1198/243 875/1358/246 876/1199/244
f 877/1201/245 878/2383/248 876/1202/244
f 879/1204/247 880/2384/250 878/1205/248
f 881/1207/249 882/1211/251 880/1208/250
f 881/1207/249 851/1339/230 854/1210/230
f 883/1212/1 884/1216/1 857/1213/1
f 885/1215/1 886/1218/1 884/1216/1
f 885/1215/1 887/1219/1 888/1217/1
f 887/1219/1 889/1221/1 890/1220/1
f 889/1221/1 891/1223/1 892/1222/1
f 891/1223/1 893/1226/1 894/1224/1
f 895/1225/1 896/1228/1 894/1224/1
f 897/1227/1 898/1230/1 896/1228/1
f 899/1229/1 900/1232/1 898/1230/1
f 901/1231/1 902/1233/1 900/1232/1
f 901/1231/1 847/1172/1 850/1174/1
f 903/1234/252 904/2385/255 905/1235/253
f 907/1237/254 908/2386/257 905/1238/253
f 909/1240/256 910/2387/259 908/1241/257
f 911/1243/258 912/1247/261 910/1244/259
f 913/1246/260 914/1249/263 912/1247/261
f 913/1246/260 915/1250/264 916/1248/262
f 915/1250/264 917/1309/266 918/1251/265
f 917/1252/266 919/1303/268 920/1253/267
f 919/1255/268 921/1258/270 922/1256/269
f 921/1258/270 923/1294/272 924/1259/271
f 843/1171/229 846/1170/229 924/1260/271
f 926/1262/2 927/1266/2 928/1263/2
f 929/1265/2 930/1268/2 927/1266/2
f 931/1267/2 932/1270/2 930/1268/2
f 933/1269/2 934/1272/2 932/1270/2
f 935/1271/2 936/1274/2 934/1272/2
f 937/1273/2 938/1276/2 936/1274/2
f 937/1273/2 939/1277/2 940/1275/2
f 939/1277/2 941/1279/2 942/1278/2
f 941/1279/2 943/1281/2 944/1280/2
f 943/1281/2 945/1283/2 946/1282/2
f 839/1168/2 842/1167/2 946/1282/2
f 842/1284/229 947/1402/229 948/1285/273
f 948/1285/273 947/1402/229 949/1287/229
f 949/1287/229 843/1171/229 923/1261/272
f 946/1289/274 948/1292/273 951/1290/276
f 948/1292/273 950/2388/275 952/1293/278
f 952/1293/278 950/2388/275 923/1294/272
f 944/1291/277 951/1290/276 953/1295/279
f 951/1290/276 952/1293/278 954/1297/281
f 954/1297/281 952/1293/278 921/1258/270
f 942/1298/280 953/1301/279 955/1299/282
f 953/1301/279 954/2389/281 956/1302/284
f 956/1302/284 954/2389/281 919/1303/268
f 940/1304/283 955/1307/282 957/1305/285
f 955/1307/282 956/2390/284 958/1308/287
f 958/1308/287 956/2390/284 917/1309/266
f 938/1306/286 957/1305/285 959/1310/288
f 957/1305/285 958/1308/287 960/1312/290
f 960/1312/290 958/1308/287 915/1250/264
f 934/1313/291 936/1311/289 959/1310/288
f 961/1314/292 959/1310/288 960/1312/290
f 960/1312/290 913/1246/260 911/1243/258
f 932/1316/294 934/1313/291 961/1314/292
f 963/1317/295 961/1314/292 962/1315/293
f 962/1315/293 911/1243/258 909/1245/256
f 930/1319/297 932/2391/294 963/1320/295
f 965/1321/298 963/1320/295 964/1322/296
f 964/1322/296 909/1240/256 907/1242/254
f 927/1324/300 930/2392/297 965/1325/298
f 967/1326/301 965/1325/298 966/1327/299
f 966/1327/299 907/1237/254 904/1239/255
f 928/1329/252 927/2393/300 967/1330/301
f 967/1330/301 968/1333/302 970/1332/252
f 968/1333/302 904/2385/255 903/1234/252
f 850/1334/230 971/1337/230 972/1335/303
f 971/1337/230 973/2394/230 974/1338/305
f 974/1338/305 973/2394/230 851/1339/230
f 900/1340/306 902/1336/304 972/1335/303
f 975/1341/307 972/1335/303 974/1338/305
f 974/1338/305 881/1207/249 879/1209/247
f 898/1343/309 900/2395/306 975/1344/307
f 977/1345/310 975/1344/307 976/1346/308
f 976/1346/308 879/1204/247 877/1206/245
f 896/1348/312 898/2396/309 977/1349/310
f 979/1350/313 977/1349/310 978/1351/311
f 980/1352/314 978/1351/311 877/1201/245
f 896/1353/312 979/1356/313 981/1354/315
f 979/1356/313 980/2397/314 982/1357/317
f 982/1357/317 980/2397/314 875/1358/246
f 894/1359/316 981/1362/315 983/1360/318
f 981/1362/315 982/2398/317 984/1363/320
f 984/1363/320 982/2398/317 873/1364/243
f 892/1361/319 983/1360/318 985/1365/321
f 983/1360/318 984/1363/320 986/1367/323
f 986/1367/323 984/1363/320 871/1196/241
f 890/1366/322 985/1365/321 987/1368/324
f 985/1365/321 986/1367/323 988/1370/326
f 988/1370/326 986/1367/323 869/1194/239
f 888/1369/325 987/1368/324 989/1371/327
f 987/1368/324 988/1370/326 990/1373/329
f 990/1373/329 988/1370/326 867/1192/237
f 886/1374/328 989/1377/327 991/1375/233
f 989/1377/327 990/1379/329 992/1378/233
f 990/1379/329 865/1187/234 862/1184/233
f 884/1376/233 991/1375/233 858/1380/233
f 991/1375/233 992/1378/233 993/1382/233
f 992/1378/233 862/1184/233 861/1186/233
f 994/1383/232 995/1387/232 849/1384/232
f 996/1386/232 997/1388/232 995/1387/232
f 859/1183/232 852/1182/232 997/1388/232
f 999/1389/231 861/1393/231 864/1390/231
f 1000/1392/231 993/1394/231 861/1393/231
f 855/1178/231 858/1180/231 993/1394/231
f 849/1395/230 995/1398/230 971/1396/230
f 995/1398/230 997/1400/230 973/1399/230
f 997/1400/230 852/1175/230 851/1177/230
f 841/1401/229 1001/1403/229 947/1402/229
f 1001/1403/229 1002/1404/229 949/1287/229
f 1002/1404/229 844/1169/229 843/1171/229
f 903/1234/231 1003/1508/231 1004/1405/231
f 1004/1405/231 1003/1508/231 1005/1406/231
f 1005/1408/231 855/1511/231 1000/1409/231
f 970/1332/231 1004/1405/231 1007/1411/231
f 1004/1405/231 1006/1407/231 1008/1412/231
f 1006/1410/231 1000/1409/231 999/1413/231
f 928/1329/231 969/1331/231 1007/1411/231
f 925/1415/231 1007/1411/231 1008/1412/231
f 1008/1414/231 999/1413/231 998/1417/231
f 1001/1419/232 1010/1422/232 1011/1420/232
f 1010/1422/232 1012/1506/232 1013/1423/232
f 1012/1424/232 859/1183/232 996/1386/232
f 1002/1421/232 1011/1420/232 1014/1426/232
f 1011/1420/232 1013/1423/232 1015/1428/232
f 1013/1425/232 996/1386/232 994/1383/232
f 844/1427/232 1014/1426/232 1016/1430/232
f 1016/1430/232 1014/1426/232 1015/1428/232
f 1017/1433/232 1015/1429/232 994/1383/232
f 882/1434/2 854/1517/2 1018/1435/2
f 1018/1435/2 1020/1438/2 1021/1437/2
f 1020/1438/2 839/1168/2 945/1283/2
f 880/1439/2 882/1434/2 1019/1436/2
f 1022/1440/2 1019/1436/2 1021/1437/2
f 1023/1441/2 1021/1437/2 945/1283/2
f 878/1442/2 880/1439/2 1022/1440/2
f 1024/1443/2 1022/1440/2 1023/1441/2
f 1025/1444/2 1023/1441/2 943/1281/2
f 876/1445/2 878/1442/2 1024/1443/2
f 1026/1446/2 1024/1443/2 1025/1444/2
f 1027/1447/2 1025/1444/2 941/1279/2
f 874/1448/2 876/1445/2 1026/1446/2
f 1028/1449/2 1026/1446/2 1027/1447/2
f 1029/1450/2 1027/1447/2 939/1277/2
f 874/1448/2 1028/1449/2 1030/1451/2
f 1028/1449/2 1029/1450/2 1031/1453/2
f 1029/1450/2 937/1273/2 935/1271/2
f 872/1452/2 1030/1451/2 1032/1454/2
f 1030/1451/2 1031/1453/2 1033/1456/2
f 1031/1453/2 935/1271/2 933/1269/2
f 870/1455/2 1032/1454/2 1034/1457/2
f 1032/1454/2 1033/1456/2 1035/1459/2
f 1033/1456/2 933/1269/2 931/1267/2
f 868/1458/2 1034/1457/2 1036/1460/2
f 1034/1457/2 1035/1459/2 1037/1462/2
f 1035/1459/2 931/1267/2 929/1265/2
f 863/1463/2 866/1461/2 1036/1460/2
f 1036/1460/2 1037/1462/2 1039/1465/2
f 1037/1462/2 929/1265/2 926/1262/2
f 864/1466/2 863/1463/2 1038/1464/2
f 998/1467/2 1038/1464/2 1039/1465/2
f 1039/1465/2 926/1262/2 925/1264/2
f 924/1469/1 846/1513/1 1040/1470/1
f 1041/1471/1 1040/1470/1 1042/1472/1
f 1042/1472/1 847/1172/1 901/1231/1
f 924/1469/1 1041/1471/1 1044/1474/1
f 1041/1471/1 1043/1473/1 1045/1476/1
f 1043/1473/1 901/1231/1 899/1229/1
f 922/1475/1 1044/1474/1 1046/1477/1
f 1044/1474/1 1045/1476/1 1047/1479/1
f 1045/1476/1 899/1229/1 897/1227/1
f 920/1478/1 1046/1477/1 1048/1480/1
f 1046/1477/1 1047/1479/1 1049/1482/1
f 1047/1479/1 897/1227/1 895/1225/1
f 918/1481/1 1048/1480/1 1050/1483/1
f 1048/1480/1 1049/1482/1 1051/1485/1
f 1049/1482/1 895/1225/1 893/1226/1
f 914/1486/1 916/1484/1 1050/1483/1
f 1052/1487/1 1050/1483/1 1051/1485/1
f 1053/1488/1 1051/1485/1 893/1226/1
f 912/1489/1 914/1486/1 1052/1487/1
f 1054/1490/1 1052/1487/1 1053/1488/1
f 1055/1491/1 1053/1488/1 891/1223/1
f 910/1492/1 912/1489/1 1054/1490/1
f 1056/1493/1 1054/1490/1 1055/1491/1
f 1057/1494/1 1055/1491/1 889/1221/1
f 908/1495/1 910/1492/1 1056/1493/1
f 1058/1496/1 1056/1493/1 1057/1494/1
f 1059/1497/1 1057/1494/1 887/1219/1
f 905/1498/1 908/1495/1 1058/1496/1
f 1060/1499/1 1058/1496/1 1059/1497/1
f 1061/1500/1 1059/1497/1 885/1215/1
f 906/1501/1 905/1498/1 1060/1499/1
f 1062/1502/1 1060/1499/1 1061/1500/1
f 1061/1500/1 883/1212/1 856/1214/1
f 841/1504/232 840/1505/232 1010/1422/232
f 840/1505/232 1064/2399/232 1012/1506/232
f 1064/1507/232 860/1181/232 859/1183/232
f 906/1236/231 1062/1509/231 1003/1508/231
f 1062/1509/231 1063/2400/231 1005/1406/231
f 1063/1510/231 856/2401/231 855/1511/231
f 845/1512/1 1016/2402/1 1040/1470/1
f 1040/1470/1 1016/2402/1 1017/1514/1
f 1042/1472/1 1017/1514/1 848/1515/1
f 853/1516/2 860/2403/2 1018/1435/2
f 1018/1435/2 860/2403/2 1064/1518/2
f 1020/1438/2 1064/1518/2 840/1166/2
f 1065/1519/2 1066/1868/2 1067/1520/2
f 1069/1522/330 1070/2404/330 1071/1523/330
f 1074/1525/1 1075/2405/1 1076/1526/1
f 1078/1528/331 1079/2406/331 1080/1529/332
f 1082/1531/334 1083/1727/334 1084/1532/334
f 1086/1534/335 1079/2407/335 1078/1535/335
f 1087/1537/336 1088/1540/336 1089/1538/336
f 1088/1540/336 1091/1543/339 1092/1541/337
f 1093/1542/338 1094/1545/341 1092/1541/337
f 1095/1544/340 1096/1547/343 1094/1545/341
f 1095/1544/340 1097/1548/344 1098/1546/342
f 1097/1548/344 1099/1550/346 1100/1549/345
f 1099/1550/346 1101/1711/349 1102/1551/347
f 1103/1552/348 1104/2408/351 1102/1553/347
f 1103/1555/348 1105/1700/352 1106/1556/350
f 1105/1558/352 1107/1561/354 1108/1559/353
f 1107/1561/354 1077/1691/333 1080/1562/332
f 1109/1563/1 1110/1567/1 1083/1564/1
f 1109/1563/1 1111/1568/1 1112/1566/1
f 1111/1568/1 1113/1570/1 1114/1569/1
f 1113/1570/1 1115/1572/1 1116/1571/1
f 1115/1572/1 1117/1574/1 1118/1573/1
f 1117/1574/1 1119/1577/1 1120/1575/1
f 1121/1576/1 1122/1579/1 1120/1575/1
f 1123/1578/1 1124/1581/1 1122/1579/1
f 1125/1580/1 1126/1583/1 1124/1581/1
f 1127/1582/1 1128/1584/1 1126/1583/1
f 1073/1527/1 1076/1526/1 1128/1584/1
f 1130/1585/355 1131/2409/355 1132/1586/355
f 1130/1588/355 1133/1680/355 1134/1589/355
f 1135/1591/356 1136/2410/358 1134/1592/355
f 1137/1594/357 1138/1598/360 1136/1595/358
f 1139/1597/359 1140/1600/362 1138/1598/360
f 1141/1599/361 1142/1602/364 1140/1600/362
f 1141/1599/361 1143/1603/365 1144/1601/363
f 1143/1603/365 1145/1657/367 1146/1604/366
f 1145/1605/367 1147/1651/369 1148/1606/368
f 1147/1608/369 1149/1645/371 1150/1609/370
f 1069/1522/330 1072/1524/330 1150/1611/370
f 1152/1613/2 1153/1617/2 1154/1614/2
f 1152/1613/2 1155/1619/2 1156/1616/2
f 1157/1618/2 1158/1621/2 1156/1616/2
f 1159/1620/2 1160/1623/2 1158/1621/2
f 1161/1622/2 1162/1625/2 1160/1623/2
f 1163/1624/2 1164/1627/2 1162/1625/2
f 1163/1624/2 1165/1628/2 1166/1626/2
f 1165/1628/2 1167/1630/2 1168/1629/2
f 1167/1630/2 1169/1632/2 1170/1631/2
f 1169/1632/2 1171/1634/2 1172/1633/2
f 1171/1634/2 1065/1519/2 1068/1521/2
f 1068/1635/372 1173/1638/375 1174/1636/373
f 1173/1638/375 1175/1745/330 1176/1639/376
f 1176/1639/376 1175/1745/330 1069/1522/330
f 1172/1640/374 1174/1643/373 1177/1641/377
f 1174/1643/373 1176/2411/376 1178/1644/379
f 1178/1644/379 1176/2411/376 1149/1645/371
f 1170/1646/378 1177/1649/377 1179/1647/380
f 1177/1649/377 1178/2412/379 1180/1650/382
f 1180/1650/382 1178/2412/379 1147/1651/369
f 1168/1652/381 1179/1655/380 1181/1653/383
f 1179/1655/380 1180/2413/382 1182/1656/385
f 1182/1656/385 1180/2413/382 1145/1657/367
f 1166/1654/384 1181/1653/383 1183/1658/386
f 1181/1653/383 1182/1656/385 1184/1660/388
f 1184/1660/388 1182/1656/385 1143/1603/365
f 1162/1661/389 1164/1659/387 1183/1658/386
f 1185/1662/390 1183/1658/386 1184/1660/388
f 1184/1660/388 1141/1599/361 1139/1597/359
f 1160/1664/392 1162/1661/389 1185/1662/390
f 1187/1665/393 1185/1662/390 1186/1663/391
f 1186/1663/391 1139/1597/359 1137/1594/357
f 1158/1667/395 1160/1664/392 1187/1665/393
f 1189/1668/396 1187/1665/393 1188/1666/394
f 1188/1666/394 1137/1594/357 1135/1596/356
f 1156/1670/398 1158/2414/395 1189/1671/396
f 1191/1672/399 1189/1671/396 1190/1673/397
f 1190/1673/397 1135/1591/356 1133/1593/355
f 1156/1675/398 1191/1678/399 1193/1676/355
f 1191/1678/399 1192/2415/355 1194/1679/355
f 1194/1679/355 1192/2415/355 1133/1680/355
f 1153/1681/355 1193/1684/355 1195/1682/355
f 1193/1684/355 1194/2416/355 1196/1685/355
f 1196/1685/355 1194/2416/355 1130/1585/355
f 1076/1686/400 1197/1689/403 1198/1687/401
f 1197/1689/403 1199/2417/429 1200/1690/404
f 1200/1690/404 1199/2417/429 1077/1691/333
f 1128/1688/402 1198/1687/401 1201/1692/405
f 1198/1687/401 1200/1690/404 1202/1694/407
f 1202/1694/407 1200/1690/404 1107/1561/354
f 1124/1695/408 1126/2418/406 1201/1696/405
f 1203/1697/409 1201/1696/405 1202/1698/407
f 1204/1699/410 1202/1698/407 1105/1700/352
f 1122/1701/411 1124/2419/408 1203/1702/409
f 1205/1703/412 1203/1702/409 1204/1704/410
f 1204/1704/410 1103/1552/348 1101/1554/349
f 1122/1706/411 1205/1709/412 1207/1707/414
f 1205/1709/412 1206/2420/413 1208/1710/416
f 1208/1710/416 1206/2420/413 1101/1711/349
f 1120/1708/415 1207/1707/414 1209/1712/417
f 1207/1707/414 1208/1710/416 1210/1714/419
f 1210/1714/419 1208/1710/416 1099/1550/346
f 1118/1713/418 1209/1712/417 1211/1715/420
f 1209/1712/417 1210/1714/419 1212/1717/422
f 1212/1717/422 1210/1714/419 1097/1548/344
f 1114/1718/423 1116/1716/421 1211/1715/420
f 1213/1719/424 1211/1715/420 1212/1717/422
f 1212/1717/422 1095/1544/340 1093/1542/338
f 1114/1718/423 1213/1719/424 1215/1721/426
f 1213/1719/424 1214/1720/425 1216/1723/428
f 1216/1723/428 1214/1720/425 1093/1542/338
f 1110/1724/336 1112/1722/427 1215/1721/426
f 1217/1725/336 1215/1721/426 1216/1723/428
f 1218/1726/336 1216/1723/428 1091/1543/339
f 1110/1724/336 1217/1725/336 1084/1532/336
f 1217/1725/336 1218/1726/336 1219/1728/336
f 1218/1726/336 1088/1540/336 1087/1537/336
f 1074/1729/335 1220/1732/335 1221/1730/335
f 1220/1732/335 1222/1734/335 1223/1733/335
f 1085/1536/335 1078/1535/335 1223/1733/335
f 1225/1735/334 1087/1537/334 1090/1539/334
f 1226/1737/334 1219/1728/334 1087/1537/334
f 1081/1533/334 1084/1532/334 1219/1728/334
f 1075/1738/331 1221/2421/331 1197/1739/403
f 1197/1739/403 1221/2421/331 1223/1741/331
f 1223/1741/331 1078/1528/331 1077/1530/333
f 1067/1743/330 1227/1744/330 1173/1638/375
f 1227/1744/330 1228/1746/330 1175/1745/330
f 1228/1746/330 1070/2404/330 1069/1522/330
f 1129/1587/334 1229/1858/334 1230/1747/334
f 1229/1748/334 1231/1860/334 1232/1749/334
f 1231/1751/334 1081/1862/334 1226/1752/334
f 1195/1682/334 1196/1685/334 1230/1747/334
f 1230/1750/334 1232/1749/334 1234/1755/334
f 1234/1757/334 1232/1753/334 1226/1752/334
f 1195/1682/334 1233/1754/334 1151/1759/334
f 1233/1756/334 1234/1755/334 1235/1760/334
f 1235/1762/334 1234/1757/334 1225/1758/334
f 1227/1764/335 1236/1854/335 1237/1765/335
f 1236/1767/335 1238/1770/335 1239/1768/335
f 1238/1770/335 1085/1856/335 1222/1771/335
f 1228/1766/335 1237/1765/335 1240/1772/335
f 1237/1769/335 1239/1768/335 1241/1774/335
f 1239/1768/335 1222/1771/335 1220/1776/335
f 1071/1777/335 1070/1773/335 1240/1772/335
f 1240/1775/335 1241/1774/335 1243/1779/335
f 1241/1774/335 1220/1776/335 1074/1781/335
f 1108/1782/2 1080/1866/2 1244/1783/2
f 1245/1784/2 1244/1783/2 1246/1785/2
f 1247/1786/2 1246/1785/2 1065/1519/2
f 1106/1787/2 1108/1782/2 1245/1784/2
f 1248/1788/2 1245/1784/2 1247/1786/2
f 1249/1789/2 1247/1786/2 1171/1634/2
f 1104/1790/2 1106/1787/2 1248/1788/2
f 1250/1791/2 1248/1788/2 1249/1789/2
f 1251/1792/2 1249/1789/2 1169/1632/2
f 1102/1793/2 1104/1790/2 1250/1791/2
f 1252/1794/2 1250/1791/2 1251/1792/2
f 1253/1795/2 1251/1792/2 1167/1630/2
f 1100/1796/2 1102/1793/2 1252/1794/2
f 1254/1797/2 1252/1794/2 1253/1795/2
f 1255/1798/2 1253/1795/2 1165/1628/2
f 1100/1796/2 1254/1797/2 1256/1799/2
f 1254/1797/2 1255/1798/2 1257/1801/2
f 1255/1798/2 1163/1624/2 1161/1622/2
f 1098/1800/2 1256/1799/2 1258/1802/2
f 1256/1799/2 1257/1801/2 1259/1804/2
f 1257/1801/2 1161/1622/2 1159/1620/2
f 1096/1803/2 1258/1802/2 1260/1805/2
f 1258/1802/2 1259/1804/2 1261/1807/2
f 1259/1804/2 1159/1620/2 1157/1618/2
f 1094/1806/2 1260/1805/2 1262/1808/2
f 1260/1805/2 1261/1807/2 1263/1810/2
f 1261/1807/2 1157/1618/2 1155/1619/2
f 1092/1809/2 1262/1808/2 1264/1811/2
f 1264/1811/2 1262/1808/2 1263/1810/2
f 1265/1813/2 1263/1810/2 1155/1619/2
f 1090/1814/2 1089/1812/2 1264/1811/2
f 1264/1811/2 1265/1813/2 1235/1816/2
f 1265/1813/2 1152/1613/2 1151/1615/2
f 1072/1817/1 1266/1820/1 1267/1818/1
f 1266/1820/1 1268/1822/1 1269/1821/1
f 1268/1822/1 1073/1527/1 1127/1582/1
f 1150/1819/1 1267/1818/1 1270/1823/1
f 1267/1818/1 1269/1821/1 1271/1825/1
f 1269/1821/1 1127/1582/1 1125/1580/1
f 1148/1824/1 1270/1823/1 1272/1826/1
f 1270/1823/1 1271/1825/1 1273/1828/1
f 1271/1825/1 1125/1580/1 1123/1578/1
f 1146/1827/1 1272/1826/1 1274/1829/1
f 1272/1826/1 1273/1828/1 1275/1831/1
f 1273/1828/1 1123/1578/1 1121/1576/1
f 1144/1830/1 1274/1829/1 1276/1832/1
f 1274/1829/1 1275/1831/1 1277/1834/1
f 1275/1831/1 1121/1576/1 1119/1577/1
f 1140/1835/1 1142/1833/1 1276/1832/1
f 1278/1836/1 1276/1832/1 1277/1834/1
f 1279/1837/1 1277/1834/1 1119/1577/1
f 1138/1838/1 1140/1835/1 1278/1836/1
f 1280/1839/1 1278/1836/1 1279/1837/1
f 1281/1840/1 1279/1837/1 1117/1574/1
f 1136/1841/1 1138/1838/1 1280/1839/1
f 1282/1842/1 1280/1839/1 1281/1840/1
f 1283/1843/1 1281/1840/1 1115/1572/1
f 1134/1844/1 1136/1841/1 1282/1842/1
f 1282/1842/1 1283/1843/1 1285/1846/1
f 1283/1843/1 1113/1570/1 1111/1568/1
f 1134/1844/1 1284/1845/1 1286/1847/1
f 1284/1845/1 1285/1846/1 1287/1849/1
f 1285/1846/1 1111/1568/1 1109/1563/1
f 1132/1850/1 1131/1848/1 1286/1847/1
f 1288/1851/1 1286/1847/1 1287/1849/1
f 1289/1852/1 1287/1849/1 1109/1563/1
f 1227/1764/335 1067/2422/335 1066/1853/335
f 1236/1767/335 1066/2423/335 1290/1855/335
f 1290/1855/335 1086/2424/335 1085/1856/335
f 1129/1587/334 1132/1586/334 1288/1857/334
f 1288/1859/334 1289/2425/334 1231/1860/334
f 1231/1751/334 1289/2426/334 1082/1861/334
f 1071/1863/1 1242/1864/1 1266/1820/1
f 1242/1864/1 1243/1865/1 1268/1822/1
f 1243/1865/1 1074/1525/1 1073/1527/1
f 1080/1866/2 1079/2427/2 1086/1867/2
f 1086/1867/2 1290/2428/2 1246/1785/2
f 1246/1785/2 1290/2428/2 1066/1868/2
f 1292/1869/1 1293/1915/1 1294/1870/1
f 1296/1872/1 1297/1875/1 1298/1873/1
f 1297/1875/1 1299/1877/1 1300/1876/1
f 1299/1877/1 1301/2429/1 1302/1878/1
f 1302/1878/1 1301/2429/1 1303/1879/1
f 1305/1881/1 1302/1878/1 1304/1880/1
f 1307/1883/1 1300/1876/1 1302/1878/1
f 1298/1873/1 1300/1876/1 1307/1883/1
f 1295/1874/1 1298/1873/1 1308/1884/1
f 1305/1881/1 1306/1882/1 1311/1886/1
f 1312/1888/1 1307/1883/1 1305/1881/1
f 1308/1884/1 1307/1883/1 1312/1888/1
f 1309/1885/1 1308/1884/1 1313/1889/1
f 1312/1888/1 1310/1887/1 1316/1891/1
f 1313/1889/1 1312/1888/1 1315/1892/1
f 1310/1887/1 1311/1886/1 1318/1894/1
f 1319/1895/1 1316/1891/1 1318/1894/1
f 1314/1890/1 1313/1889/1 1317/1893/1
f 1322/1898/1 1321/1897/1 1317/1893/1
f 1317/1893/1 1315/1892/1 1324/1900/1
f 1326/1901/1 1327/1904/1 1328/1902/1
f 1327/1904/1 1319/1895/1 1320/1896/1
f 1328/1902/1 1327/1904/1 1329/1905/1
f 1332/1907/1 1326/1901/1 1325/1903/1
f 1333/1909/1 1322/1898/1 1323/1899/1
f 1334/1910/1 1333/1909/1 1332/1907/1
f 1335/1911/1 1334/1910/1 1331/1908/1
f 1331/1908/1 1325/1903/1 1337/1913/1
f 1337/1913/1 1325/1903/1 1328/1902/1
f 1293/1915/1 1337/1913/1 1338/1914/1
f 1336/1912/1 1337/1913/1 1293/1915/1
f 1294/1870/1 1293/1915/1 1339/1916/1
f 1328/1902/1 1330/1906/1 1341/1918/1
f 1338/1914/1 1341/1918/1 1342/1919/1
f 1339/1916/1 1342/1919/1 1343/1920/1
f 1340/1917/1 1343/1920/1 1345/1921/1
f 1335/1911/1 1336/1912/1 1292/1869/1
f 1346/1923/1 1292/1869/1 1291/1871/1
f 1347/1924/1 1291/1871/1 1349/1925/1
f 1350/1927/1 1348/1926/1 1349/1925/1
f 1351/1928/1 1349/1925/1 1352/1929/1
f 1349/1925/1 1291/1871/1 1294/1870/1
f 1352/1929/1 1344/1922/1 1354/1931/1
f 1344/1922/1 1345/1921/1 1355/1932/1
f 1357/1933/2 1358/1978/2 1359/1934/2
f 1361/1936/2 1362/1940/2 1363/1937/2
f 1364/1939/2 1365/1942/2 1362/1940/2
f 1366/1941/2 1367/1944/2 1365/1942/2
f 1366/1941/2 1368/1946/2 1369/1943/2
f 1370/1945/2 1371/2430/2 1368/1946/2
f 1372/1947/2 1370/1945/2 1366/1941/2
f 1372/1947/2 1364/1939/2 1361/1936/2
f 1373/1948/2 1361/1936/2 1360/1938/2
f 1376/1950/2 1371/2430/2 1370/1945/2
f 1377/1952/2 1375/1951/2 1370/1945/2
f 1377/1952/2 1372/1947/2 1373/1948/2
f 1378/1953/2 1373/1948/2 1374/1949/2
f 1381/1955/2 1375/1951/2 1377/1952/2
f 1380/1956/2 1377/1952/2 1378/1953/2
f 1383/1958/2 1376/1950/2 1375/1951/2
f 1384/1959/2 1385/1969/2 1383/1958/2
f 1386/1960/2 1382/1957/2 1378/1953/2
f 1387/1961/2 1388/1963/2 1382/1957/2
f 1389/1962/2 1384/1959/2 1381/1955/2
f 1389/1962/2 1380/1956/2 1382/1957/2
f 1391/1964/2 1389/1962/2 1388/1963/2
f 1392/1966/2 1384/1959/2 1389/1962/2
f 1394/1967/2 1392/1966/2 1391/1964/2
f 1392/1966/2 1395/1970/2 1385/1969/2
f 1394/1967/2 1396/2311/2 1395/1970/2
f 1393/1968/2 1391/1964/2 1390/1965/2
f 1398/1972/2 1390/1965/2 1388/1963/2
f 1399/1973/2 1397/1971/2 1390/1965/2
f 1400/1974/2 1401/1976/2 1397/1971/2
f 1402/1975/2 1393/1968/2 1397/1971/2
f 1403/1977/2 1404/2312/2 1402/1975/2
f 1358/1978/2 1402/1975/2 1401/1976/2
f 1357/1933/2 1405/1980/2 1403/1977/2
f 1407/1979/2 1408/2315/2 1405/1980/2
f 1359/1934/2 1401/1976/2 1400/1974/2
f 1356/1935/2 1359/1934/2 1409/1982/2
f 1412/1984/2 1356/1935/2 1410/1983/2
f 1414/1986/2 1412/1984/2 1411/1985/2
f 1414/1986/2 1415/1990/2 1416/1988/2
f 1412/1984/2 1416/1988/2 1357/1933/2
f 1416/1988/2 1406/1981/2 1405/1980/2
f 1417/1989/2 1406/1981/2 1416/1988/2
f 1417/1989/2 1418/2431/2 1407/1979/2
f 1419/1991/3 1420/2020/3 1303/1992/3
f 1422/1994/3 1423/2011/3 1424/1995/3
f 1421/1996/3 1424/1995/3 1426/1997/3
f 1425/1998/3 1426/1997/3 1428/1999/3
f 1427/2000/3 1428/1999/3 1430/2001/3
f 1429/2002/3 1430/2001/3 1432/2003/3
f 1431/2004/3 1432/2003/3 1434/2005/3
f 1432/2003/3 1435/2007/3 1419/1991/3
f 1430/2001/3 1436/2008/3 1435/2007/3
f 1428/1999/3 1437/2009/3 1436/2008/3
f 1426/1997/3 1438/2010/3 1437/2009/3
f 1424/1995/3 1439/2012/3 1438/2010/3
f 1423/2011/3 1440/2025/3 1439/2012/3
f 1442/2013/3 1422/1994/3 1421/1996/3
f 1441/2014/3 1421/1996/3 1425/1998/3
f 1443/2015/3 1425/1998/3 1427/2000/3
f 1444/2016/3 1427/2000/3 1429/2002/3
f 1445/2017/3 1429/2002/3 1431/2004/3
f 1446/2018/3 1431/2004/3 1433/2006/3
f 1435/2007/3 1448/2021/3 1420/2020/3
f 1436/2008/3 1449/2022/3 1448/2021/3
f 1437/2009/3 1450/2023/3 1449/2022/3
f 1438/2010/3 1451/2024/3 1450/2023/3
f 1439/2012/3 1452/2026/3 1451/2024/3
f 1440/2025/3 1453/2031/3 1452/2026/3
f 1447/2019/3 1433/2006/3 1297/2027/3
f 1433/2006/3 1434/2005/3 1299/2029/3
f 1434/2005/3 1419/1991/3 1301/1993/3
f 1367/2030/3 1369/2432/3 1453/2031/3
f 1365/2032/3 1367/2030/3 1440/2025/3
f 1362/2033/3 1365/2032/3 1423/2011/3
f 1363/2034/3 1362/2033/3 1422/1994/3
f 1311/2035/4 1454/2114/4 1455/2036/4
f 1457/2038/4 1458/2041/4 1459/2039/4
f 1458/2041/4 1460/2043/4 1461/2042/4
f 1460/2043/4 1462/2045/4 1463/2044/4
f 1462/2045/4 1408/2093/4 1407/2046/4
f 1463/2044/4 1407/2046/4 1418/2047/4
f 1461/2042/4 1463/2044/4 1464/2048/4
f 1459/2039/4 1461/2042/4 1465/2049/4
f 1456/2040/4 1459/2039/4 1466/2050/4
f 1469/2052/4 1470/2056/4 1471/2053/4
f 1471/2053/4 1470/2056/4 1456/2040/4
f 1472/2055/4 1457/2038/4 1456/2040/4
f 1473/2057/4 1472/2055/4 1470/2056/4
f 1475/2058/4 1469/2052/4 1468/2054/4
f 1345/2060/4 1475/2058/4 1474/2059/4
f 1343/2062/4 1476/2064/4 1475/2058/4
f 1342/2063/4 1477/2068/4 1476/2064/4
f 1330/2065/4 1478/2070/4 1479/2066/4
f 1341/2067/4 1479/2066/4 1477/2068/4
f 1329/2069/4 1480/2106/4 1478/2070/4
f 1482/2071/4 1483/2092/4 1484/2072/4
f 1486/2074/4 1482/2071/4 1481/2073/4
f 1488/2076/4 1489/2085/4 1490/2077/4
f 1487/2078/4 1490/2077/4 1482/2071/4
f 1492/2079/4 1487/2078/4 1486/2074/4
f 1491/2080/4 1486/2074/4 1485/2075/4
f 1494/2082/4 1488/2076/4 1487/2078/4
f 1495/2083/4 1496/2084/4 1488/2076/4
f 1496/2084/4 1497/2087/4 1489/2085/4
f 1498/2086/4 1499/2088/4 1497/2087/4
f 1499/2088/4 1383/2125/4 1385/2089/4
f 1497/2087/4 1385/2089/4 1395/2090/4
f 1489/2085/4 1395/2090/4 1396/2091/4
f 1490/2077/4 1396/2091/4 1483/2092/4
f 1481/2073/4 1484/2072/4 1408/2093/4
f 1485/2075/4 1481/2073/4 1462/2045/4
f 1493/2081/4 1485/2075/4 1460/2043/4
f 1500/2094/4 1493/2081/4 1458/2041/4
f 1501/2095/4 1500/2094/4 1457/2038/4
f 1502/2096/4 1501/2095/4 1472/2055/4
f 1476/2064/4 1473/2057/4 1469/2052/4
f 1477/2068/4 1502/2096/4 1473/2057/4
f 1479/2066/4 1503/2097/4 1502/2096/4
f 1503/2097/4 1504/2099/4 1501/2095/4
f 1505/2098/4 1506/2101/4 1504/2099/4
f 1507/2100/4 1508/2105/4 1506/2101/4
f 1509/2102/4 1491/2080/4 1493/2081/4
f 1510/2103/4 1492/2079/4 1491/2080/4
f 1511/2104/4 1494/2082/4 1492/2079/4
f 1504/2099/4 1509/2102/4 1500/2094/4
f 1506/2101/4 1510/2103/4 1509/2102/4
f 1508/2105/4 1511/2104/4 1510/2103/4
f 1478/2070/4 1505/2098/4 1503/2097/4
f 1480/2106/4 1507/2100/4 1505/2098/4
f 1512/2107/4 1513/2109/4 1507/2100/4
f 1320/2108/4 1512/2107/4 1480/2106/4
f 1318/2037/4 1455/2036/4 1512/2107/4
f 1455/2036/4 1514/2110/4 1513/2109/4
f 1513/2109/4 1515/2111/4 1508/2105/4
f 1514/2110/4 1516/2113/4 1515/2111/4
f 1517/2112/4 1518/2131/4 1516/2113/4
f 1454/2114/4 1517/2112/4 1514/2110/4
f 1519/2115/4 1520/2119/4 1517/2112/4
f 1306/2116/4 1519/2115/4 1454/2114/4
f 1304/2117/4 1521/2118/4 1519/2115/4
f 1521/2118/4 1522/2138/4 1520/2119/4
f 1524/2120/4 1525/2122/4 1495/2083/4
f 1525/2122/4 1498/2086/4 1496/2084/4
f 1526/2123/4 1527/2126/4 1498/2086/4
f 1528/2124/4 1376/2129/4 1383/2125/4
f 1527/2126/4 1528/2124/4 1499/2088/4
f 1529/2127/4 1530/2128/4 1528/2124/4
f 1530/2128/4 1371/2137/4 1376/2129/4
f 1531/2130/4 1526/2123/4 1525/2122/4
f 1523/2121/4 1495/2083/4 1494/2082/4
f 1515/2111/4 1523/2121/4 1511/2104/4
f 1516/2113/4 1524/2120/4 1523/2121/4
f 1518/2131/4 1531/2130/4 1524/2120/4
f 1532/2132/4 1533/2133/4 1531/2130/4
f 1533/2133/4 1534/2134/4 1526/2123/4
f 1520/2119/4 1532/2132/4 1518/2131/4
f 1534/2134/4 1529/2127/4 1527/2126/4
f 1535/2135/4 1536/2136/4 1530/2128/4
f 1536/2136/4 1368/2150/4 1371/2137/4
f 1522/2138/4 1537/2144/4 1532/2132/4
f 1303/2139/4 1420/2140/4 1521/2118/4
f 1420/2140/4 1448/2145/4 1522/2138/4
f 1538/2141/4 1535/2135/4 1529/2127/4
f 1450/2142/4 1451/2147/4 1538/2141/4
f 1537/2144/4 1539/2143/4 1533/2133/4
f 1539/2143/4 1538/2141/4 1534/2134/4
f 1448/2145/4 1449/2146/4 1537/2144/4
f 1449/2146/4 1450/2142/4 1539/2143/4
f 1451/2147/4 1452/2148/4 1535/2135/4
f 1452/2148/4 1453/2149/4 1536/2136/4
f 1453/2149/4 1369/2433/4 1368/2150/4
f 1354/2151/6 1355/2434/6 1474/2152/6
f 1541/2154/6 1542/2158/6 1414/2155/6
f 1543/2157/6 1544/2160/6 1542/2158/6
f 1545/2159/6 1546/2162/431 1544/2160/6
f 1547/2161/430 1548/2164/433 1546/2162/431
f 1547/2161/430 1549/2166/6 1550/2163/432
f 1551/2165/6 1552/2168/6 1550/2163/432
f 1553/2167/6 1554/2170/6 1552/2168/6
f 1350/2169/6 1351/2171/6 1554/2170/6
f 1351/2171/6 1353/2187/6 1555/2172/6
f 1554/2170/6 1555/2172/6 1556/2173/6
f 1552/2168/6 1556/2173/6 1557/2174/434
f 1548/2164/433 1550/2163/432 1557/2174/434
f 1548/2164/433 1558/2175/435 1559/2176/436
f 1546/2162/431 1559/2176/436 1560/2177/6
f 1544/2160/6 1560/2177/6 1561/2178/6
f 1542/2158/6 1561/2178/6 1415/2179/6
f 1561/2178/6 1562/2181/6 1417/2180/6
f 1560/2177/6 1563/2182/437 1562/2181/6
f 1559/2176/436 1564/2184/439 1563/2182/437
f 1559/2176/436 1558/2175/435 1565/2183/438
f 1557/2174/434 1566/2185/6 1565/2183/438
f 1556/2173/6 1567/2186/6 1566/2185/6
f 1555/2172/6 1540/2153/6 1567/2186/6
f 1353/2187/6 1354/2151/6 1540/2153/6
f 1540/2153/6 1474/2152/6 1468/2188/6
f 1567/2186/6 1468/2188/6 1471/2189/6
f 1566/2185/6 1471/2189/6 1467/2190/6
f 1565/2183/438 1467/2190/6 1466/2191/440
f 1563/2182/437 1564/2184/439 1466/2191/440
f 1563/2182/437 1465/2192/6 1464/2193/6
f 1562/2181/6 1464/2193/6 1418/2194/6
f 1447/2195/5 1296/2435/5 1295/2196/5
f 1570/2198/5 1571/2202/5 1572/2199/5
f 1573/2201/5 1574/2212/5 1571/2202/5
f 1575/2203/5 1576/2210/5 1568/2197/5
f 1575/2203/5 1577/2204/5 1579/2205/5
f 1577/2204/5 1309/2208/5 1314/2207/5
f 1568/2197/5 1295/2196/5 1309/2208/5
f 1446/2209/5 1447/2195/5 1568/2197/5
f 1445/2211/5 1446/2209/5 1576/2210/5
f 1444/2213/5 1445/2211/5 1574/2212/5
f 1443/2214/5 1444/2213/5 1573/2201/5
f 1580/2215/5 1573/2201/5 1570/2198/5
f 1441/2217/5 1443/2214/5 1580/2215/5
f 1582/2218/5 1580/2215/5 1581/2216/5
f 1574/2212/5 1576/2210/5 1575/2203/5
f 1571/2202/5 1575/2203/5 1578/2206/5
f 1578/2206/5 1579/2205/5 1585/2220/5
f 1579/2205/5 1314/2207/5 1321/2222/5
f 1585/2220/5 1321/2222/5 1322/2223/5
f 1586/2224/5 1322/2223/5 1333/2225/5
f 1587/2226/5 1333/2225/5 1334/2227/5
f 1588/2228/5 1334/2227/5 1335/2229/5
f 1591/2231/5 1588/2228/5 1589/2230/5
f 1569/2200/5 1572/2199/5 1593/2233/5
f 1592/2234/5 1593/2233/5 1595/2235/5
f 1594/2236/5 1595/2235/5 1597/2237/5
f 1581/2216/5 1570/2198/5 1569/2200/5
f 1583/2219/5 1581/2216/5 1598/2239/5
f 1601/2241/5 1583/2219/5 1599/2240/5
f 1600/2242/5 1599/2240/5 1603/2243/5
f 1602/2244/5 1603/2243/5 1605/2245/5
f 1386/2247/5 1602/2244/5 1604/2246/5
f 1387/2248/5 1604/2246/5 1606/2249/5
f 1398/2250/5 1606/2249/5 1607/2251/5
f 1399/2252/5 1607/2251/5 1608/2253/5
f 1609/2255/5 1582/2218/5 1583/2219/5
f 1442/2256/5 1441/2217/5 1582/2218/5
f 1363/2257/5 1442/2256/5 1609/2255/5
f 1360/2258/5 1609/2255/5 1601/2241/5
f 1374/2259/5 1601/2241/5 1600/2242/5
f 1379/2260/5 1600/2242/5 1602/2244/5
f 1584/2221/5 1585/2220/5 1586/2224/5
f 1611/2262/5 1587/2226/5 1588/2228/5
f 1610/2261/5 1586/2224/5 1587/2226/5
f 1572/2199/5 1578/2206/5 1584/2221/5
f 1593/2233/5 1584/2221/5 1610/2261/5
f 1595/2235/5 1610/2261/5 1611/2262/5
f 1597/2237/5 1611/2262/5 1591/2231/5
f 1612/2263/5 1591/2231/5 1590/2232/5
f 1604/2246/5 1605/2245/5 1614/2265/5
f 1606/2249/5 1614/2265/5 1615/2266/5
f 1607/2251/5 1615/2266/5 1616/2267/5
f 1615/2266/5 1617/2269/5 1618/2268/5
f 1614/2265/5 1619/2270/5 1617/2269/5
f 1605/2245/5 1620/2271/5 1619/2270/5
f 1603/2243/5 1621/2272/5 1620/2271/5
f 1599/2240/5 1598/2239/5 1621/2272/5
f 1621/2272/5 1598/2239/5 1569/2200/5
f 1620/2271/5 1621/2272/5 1592/2234/5
f 1620/2271/5 1594/2236/5 1596/2238/5
f 1596/2238/5 1597/2237/5 1612/2263/5
f 1622/2273/5 1612/2263/5 1613/2264/5
f 1619/2270/5 1596/2238/5 1622/2273/5
f 1617/2269/5 1622/2273/5 1623/2274/5
f 1589/2230/5 1335/2229/5 1346/2275/5
f 1590/2232/5 1589/2230/5 1624/2276/5
f 1613/2264/5 1590/2232/5 1625/2277/5
f 1400/2254/5 1608/2253/5 1627/2279/5
f 1627/2279/5 1629/2283/5 1630/2281/5
f 1608/2253/5 1616/2267/5 1629/2283/5
f 1616/2267/5 1618/2268/5 1631/2284/5
f 1618/2268/5 1623/2274/5 1632/2285/5
f 1623/2274/5 1613/2264/5 1626/2278/5
f 1632/2285/5 1626/2278/5 1634/2286/5
f 1409/2280/5 1627/2279/5 1628/2282/5
f 1633/2287/5 1634/2286/5 1636/2289/5
f 1638/2291/5 1347/2299/5 1348/2292/5
f 1637/2293/5 1348/2292/5 1350/2294/5
f 1639/2296/5 1637/2293/5 1553/2295/5
f 1636/2289/5 1639/2296/5 1551/2297/5
f 1624/2276/5 1346/2275/5 1347/2299/5
f 1625/2277/5 1624/2276/5 1638/2291/5
f 1626/2278/5 1625/2277/5 1640/2300/5
f 1640/2300/5 1638/2291/5 1637/2293/5
f 1634/2286/5 1640/2300/5 1639/2296/5
f 1635/2290/5 1636/2289/5 1549/2298/5
f 1631/2284/5 1632/2285/5 1633/2287/5
f 1629/2283/5 1631/2284/5 1641/2302/5
f 1642/2303/5 1635/2290/5 1547/2301/5
f 1641/2302/5 1633/2287/5 1635/2290/5
f 1630/2281/5 1641/2302/5 1642/2303/5
f 1628/2282/5 1630/2281/5 1643/2305/5
f 1643/2305/5 1642/2303/5 1545/2304/5
f 1644/2306/5 1643/2305/5 1543/2307/5
f 1410/2288/5 1628/2282/5 1644/2306/5
f 1411/2309/5 1644/2306/5 1541/2308/5
f 1396/2311/2 1394/1967/2 1404/2312/2
f 1483/2313/2 1404/2312/2 1403/1977/2
f 1408/2315/2 1484/2314/2 1403/1977/2
f 1404/2312/2 1394/1967/2 1393/1968/2
f 1332/1907/1 1323/1899/1 1324/1900/1
f 1352/1929/1 1294/1870/1 1340/1917/1
f 1326/1901/1 1324/1900/1 1319/1895/1
f 1324/1900/1 1315/1892/1 1316/1891/1
