# Blender 4.5.4 LTS
# www.blender.org
mtllib Untitled.mtl
o Cube.064_Cube.000
v 1.596529 4.801617 -0.799999
v 1.596529 5.201617 -0.799999
v 1.596529 5.201617 -0.399999
v 1.596529 4.801617 -0.399999
v 1.596529 4.801617 -1.599999
v 1.596529 5.201617 -1.599999
v 1.596529 5.201617 -1.199999
v 1.596529 4.801617 -1.199999
v 1.596529 4.401617 -0.799999
v 1.596529 4.401617 -0.399999
v 1.596529 4.401617 -1.199999
v 1.596529 4.401617 -1.599999
v 1.596529 4.001617 -1.599999
v 1.596529 4.001617 -1.199999
v 1.596529 4.001617 -0.799999
v 1.596529 4.001617 -0.399999
v 1.596529 5.201617 0.000001
v 1.596529 4.801617 0.000001
v 1.596529 4.401617 0.000001
v 1.596529 4.001617 0.000001
v 1.596529 3.601617 -1.199999
v 1.596529 3.601617 -0.799999
v 1.596529 3.601617 -0.399999
v 1.596529 3.601617 -1.599999
v 1.596529 5.601617 -1.199999
v 1.596529 5.601617 -0.799999
v 1.596529 5.601617 -1.599999
v 1.596529 6.001617 -1.599999
v 1.596529 6.001616 -1.199999
v 1.596529 6.001616 -0.799999
v 1.596529 3.201617 -1.599999
v 1.596529 3.201617 -1.199999
v 1.596529 3.201617 -0.799999
v 1.596529 3.201617 -0.399999
v 1.596529 3.601617 0.000001
v 1.596529 2.801618 -1.599999
v 1.596529 2.801617 -1.199999
v 1.596529 2.801617 -0.800000
v 1.596529 2.801617 -0.400000
v 1.596529 3.201617 0.000001
v 1.596529 2.801617 0.000000
v 1.596529 5.601617 -0.399999
v 1.596529 5.601617 0.000001
v 1.596529 6.001616 -0.399999
v 1.596529 6.001616 0.000001
v 1.596529 5.201617 0.400001
v 1.596529 4.801617 0.400001
v 1.596529 5.601617 0.400001
v 1.596529 6.001616 0.400001
v 1.596529 3.601617 0.400001
v 1.596529 3.201617 0.400001
v 1.596529 3.601617 0.800001
v 1.596529 3.201617 0.800000
v 1.596529 2.801617 0.400000
v 1.596529 2.801617 0.800000
v 1.596529 3.201617 1.200000
v 1.596529 2.801617 1.200000
v 1.596529 3.601617 1.200001
v 1.596529 4.001617 0.400001
v 1.596529 4.001617 0.800001
v 1.596529 4.001617 1.200000
v 1.596529 4.401617 0.400001
v 1.596529 4.401617 0.800001
v 1.596529 4.401617 1.200001
v 1.596528 3.201616 1.600000
v 1.596529 2.801616 1.600000
v 1.596529 3.601616 1.600001
v 1.596529 4.001616 1.600000
v 1.596529 4.801617 0.800001
v 1.596529 5.201617 0.800001
v 1.596529 5.201617 1.200001
v 1.596529 4.801617 1.200001
v 1.596528 4.401616 1.600001
v 1.596528 4.801616 1.600001
v 1.596529 5.201616 1.600001
v 1.596529 5.601617 0.800001
v 1.596529 5.601617 1.200001
v 1.596529 5.601616 1.600001
v 1.596529 6.001616 0.800001
v 1.596529 6.001616 1.200001
v 1.596528 6.001617 1.600001
v -1.603471 4.801617 -0.799999
v -1.603471 4.801617 -0.399999
v -1.603471 5.201617 -0.399999
v -1.603471 5.201617 -0.799999
v -1.603471 4.801617 -1.599999
v -1.603471 4.801617 -1.199999
v -1.603471 5.201617 -1.199999
v -1.603471 5.201617 -1.599999
v -1.603471 4.401617 -0.799999
v -1.603471 4.401617 -0.399999
v -1.603471 4.401617 -1.199999
v -1.603471 4.401617 -1.599999
v -1.603471 4.001617 -1.599999
v -1.603471 4.001617 -1.199999
v -1.603471 4.001617 -0.799999
v -1.603471 4.001617 -0.399999
v -1.603471 4.801617 0.000001
v -1.603471 5.201617 0.000001
v -1.603471 4.401617 0.000001
v -1.603471 4.001617 0.000001
v -1.603471 3.601617 -1.199999
v -1.603471 3.601617 -0.799999
v -1.603471 3.601617 -0.399999
v -1.603471 3.601617 -1.599999
v -1.603471 5.601617 -0.799999
v -1.603471 5.601617 -1.199999
v -1.603471 5.601617 -1.599999
v -1.603471 6.001616 -1.199999
v -1.603471 6.001617 -1.599999
v -1.603471 6.001616 -0.799999
v -1.603471 3.201617 -1.599999
v -1.603471 3.201617 -1.199999
v -1.603471 3.201617 -0.799999
v -1.603471 3.201617 -0.399999
v -1.603471 3.601617 0.000001
v -1.603471 2.801618 -1.599999
v -1.603471 2.801617 -1.199999
v -1.603471 2.801617 -0.800000
v -1.603471 2.801617 -0.400000
v -1.603471 2.801617 0.000000
v -1.603471 3.201617 0.000001
v -1.603471 5.601617 0.000001
v -1.603471 5.601617 -0.399999
v -1.603471 6.001616 -0.399999
v -1.603471 6.001616 0.000001
v -1.603471 4.801617 0.400001
v -1.603471 5.201617 0.400001
v -1.603471 5.601617 0.400001
v -1.603471 6.001616 0.400001
v -1.603471 3.201617 0.400001
v -1.603471 3.601617 0.400001
v -1.603471 3.201617 0.800000
v -1.603471 3.601617 0.800001
v -1.603471 2.801617 0.400000
v -1.603471 2.801617 0.800000
v -1.603471 2.801617 1.200000
v -1.603471 3.201617 1.200000
v -1.603471 3.601617 1.200001
v -1.603471 4.001617 0.800001
v -1.603471 4.001617 0.400001
v -1.603471 4.001617 1.200000
v -1.603471 4.401617 0.800001
v -1.603471 4.401617 0.400001
v -1.603471 4.401617 1.200001
v -1.603471 2.801616 1.600000
v -1.603471 3.201616 1.600000
v -1.603471 3.601616 1.600001
v -1.603471 4.001616 1.600000
v -1.603471 4.801617 0.800001
v -1.603471 5.201617 0.800001
v -1.603471 4.801617 1.200001
v -1.603471 5.201617 1.200001
v -1.603471 4.401616 1.600001
v -1.603471 4.801616 1.600001
v -1.603471 5.201616 1.600001
v -1.603471 5.601617 0.800001
v -1.603471 5.601617 1.200001
v -1.603471 5.601616 1.600001
v -1.603471 6.001616 0.800001
v -1.603471 6.001616 1.200001
v -1.603471 6.001617 1.600001
v -0.803471 6.001616 0.800001
v -1.203471 6.001616 0.800001
v -1.203471 6.001616 1.200001
v -0.803471 6.001616 1.200001
v -1.203471 6.001616 -0.799999
v -1.203471 6.001616 -0.399999
v -1.203471 6.001616 -1.199999
v -1.203471 6.001617 -1.599999
v -0.803471 6.001617 -1.599999
v -0.803471 6.001616 -1.199999
v -0.803471 6.001616 -0.799999
v -0.403471 6.001617 -1.599999
v -0.403471 6.001616 -1.199999
v -1.203471 6.001616 0.000001
v -0.003471 6.001616 -0.799999
v -0.403471 6.001616 -0.799999
v -0.403471 6.001616 -0.399999
v -0.003471 6.001616 -0.399999
v -0.403471 6.001616 0.000001
v -0.003471 6.001616 0.000001
v -0.803471 6.001616 -0.399999
v -0.803471 6.001616 0.000001
v -0.803471 6.001616 0.400001
v -0.403471 6.001616 0.400001
v 0.396529 6.001616 0.000001
v -0.003471 6.001616 0.400001
v 0.396529 6.001616 0.400001
v -0.403471 6.001616 0.800001
v -0.003471 6.001616 0.800001
v -1.203471 6.001616 0.400001
v -0.003471 6.001616 -1.199999
v -0.003471 6.001617 -1.599999
v 0.396529 6.001617 -1.599999
v 0.396529 6.001616 -1.199999
v 0.396529 6.001616 -0.799999
v 0.396529 6.001616 -0.399999
v 0.796529 6.001616 -0.399999
v 0.796529 6.001616 0.000001
v 1.196528 6.001617 1.600001
v 1.196529 5.601616 1.600001
v 1.196529 6.001616 1.200001
v 1.196529 6.001616 0.800001
v 1.196529 6.001616 0.400001
v 1.196529 6.001616 0.000001
v 1.196529 6.001616 -0.399999
v 1.196529 6.001617 -1.599999
v 1.196529 6.001616 -1.199999
v 0.796529 6.001617 -1.599999
v 0.796529 6.001616 -1.199999
v 0.796529 6.001616 -0.799999
v 1.196529 6.001616 -0.799999
v 0.796529 6.001617 1.600001
v 0.796529 5.601616 1.600001
v 0.796529 6.001616 1.200001
v -0.403471 6.001616 1.200001
v -0.003471 6.001616 1.200001
v 0.396529 6.001616 0.800001
v 0.796529 6.001616 0.400001
v 0.796529 6.001616 0.800001
v 0.396529 6.001616 1.200001
v 0.396529 6.001617 1.600001
v 0.396529 5.601616 1.600001
v -0.003471 6.001617 1.600001
v -0.003471 5.601616 1.600001
v -0.403471 6.001617 1.600001
v -0.403471 5.601616 1.600001
v -0.803471 6.001617 1.600001
v -0.803471 5.601616 1.600001
v -1.203471 6.001617 1.600001
v -1.203471 5.601616 1.600001
v -0.403471 4.801616 1.600001
v -0.403471 5.201616 1.600001
v -0.803471 5.201616 1.600001
v -0.803471 4.801616 1.600001
v 1.196528 5.201616 1.600001
v 0.796529 5.201616 1.600001
v 0.396529 5.201616 1.600001
v -0.003471 5.201616 1.600001
v -1.203471 5.201616 1.600001
v -1.203471 4.801616 1.600001
v 1.196528 4.801616 1.600001
v -0.003471 4.801616 1.600001
v 0.396529 4.801616 1.600001
v 0.796529 4.801616 1.600001
v 1.196528 4.401616 1.600001
v 0.796529 4.401616 1.600001
v 0.396529 4.401616 1.600001
v -0.003471 4.401616 1.600001
v -0.403471 4.401616 1.600001
v -0.803471 4.401616 1.600001
v -1.203471 4.401616 1.600001
v -1.203471 4.001616 1.600000
v 1.196528 4.001616 1.600000
v 0.796529 4.001616 1.600000
v -0.803471 4.001616 1.600000
v -0.403471 4.001616 1.600000
v 0.396529 4.001616 1.600000
v -0.003471 4.001616 1.600000
v 1.196528 3.601616 1.600001
v 0.796529 3.601616 1.600001
v 0.396529 3.601616 1.600001
v -0.003471 3.601616 1.600001
v -0.403471 3.601616 1.600001
v -0.803471 3.601616 1.600001
v -1.203471 3.601616 1.600001
v 1.196528 3.201616 1.600000
v 0.796529 3.201616 1.600000
v 0.396529 3.201616 1.600000
v -0.003471 3.201616 1.600000
v -0.403471 3.201616 1.600000
v -0.803471 3.201616 1.600000
v -1.203471 3.201616 1.600000
v 1.196529 2.801616 1.600000
v 0.796529 2.801616 1.600000
v 0.396529 2.801616 1.600000
v -0.003471 2.801616 1.600000
v -0.403471 2.801616 1.600000
v -0.803471 2.801616 1.600000
v -1.203471 2.801616 1.600000
v 1.196529 2.801618 -1.599999
v 1.196529 3.201617 -1.599999
v 1.196529 4.401617 -1.599999
v 1.196529 4.801617 -1.599999
v 1.196529 4.001617 -1.599999
v 1.196529 3.601617 -1.599999
v 0.796529 3.601617 -1.599999
v 0.796529 4.001617 -1.599999
v 0.796529 3.201617 -1.599999
v -0.003471 4.401617 -1.599999
v -0.003471 4.801617 -1.599999
v 0.396529 4.801617 -1.599999
v 0.396529 4.401617 -1.599999
v -0.003471 5.201617 -1.599999
v 0.396529 5.201617 -1.599999
v 0.796529 4.801617 -1.599999
v 0.796529 4.401617 -1.599999
v 0.396529 4.001617 -1.599999
v 0.396529 3.601617 -1.599999
v -0.003471 3.601617 -1.599999
v -0.003471 4.001617 -1.599999
v -0.403471 4.001617 -1.599999
v -0.403471 4.401617 -1.599999
v 0.396529 3.201617 -1.599999
v 0.796529 5.201617 -1.599999
v 1.196529 5.201617 -1.599999
v -0.003471 5.601617 -1.599999
v 0.396529 5.601617 -1.599999
v 0.796529 5.601617 -1.599999
v 1.196529 5.601617 -1.599999
v -0.403471 5.601617 -1.599999
v -0.403471 5.201617 -1.599999
v -0.403471 4.801617 -1.599999
v -0.803471 4.401617 -1.599999
v -0.803471 4.801617 -1.599999
v -1.203471 5.601617 -1.599999
v -0.803471 5.201617 -1.599999
v -0.803471 5.601617 -1.599999
v -1.203471 5.201617 -1.599999
v -1.203471 4.801617 -1.599999
v -0.003471 3.201617 -1.599999
v -0.403471 3.201617 -1.599999
v -0.403471 3.601617 -1.599999
v -1.203471 3.601617 -1.599999
v -1.203471 3.201617 -1.599999
v -1.203471 4.001617 -1.599999
v -1.203471 4.401617 -1.599999
v -0.803471 4.001617 -1.599999
v -0.803471 3.601617 -1.599999
v -0.803471 3.201617 -1.599999
v 0.796529 2.801618 -1.599999
v 0.396529 2.801618 -1.599999
v -0.003471 2.801618 -1.599999
v -0.403471 2.801618 -1.599999
v -0.803471 2.801618 -1.599999
v -1.203471 2.801618 -1.599999
v -1.203471 2.801617 1.200000
v -0.003471 2.801617 -0.800000
v 0.396529 2.801617 -0.800000
v 0.396529 2.801617 -0.400000
v -0.003471 2.801617 -0.400000
v 0.796529 2.801617 -0.800000
v 0.796529 2.801617 -0.400000
v 0.796529 2.801617 0.000000
v 0.396529 2.801617 0.000000
v -0.003471 2.801617 0.000000
v 0.396529 2.801617 0.400000
v -0.003471 2.801617 0.400000
v 0.796529 2.801617 0.400000
v 0.796529 2.801617 0.800000
v 0.396529 2.801617 0.800000
v -0.003471 2.801617 0.800000
v -0.803471 2.801617 0.400000
v -0.403471 2.801617 0.400000
v -0.403471 2.801617 0.800000
v -0.803471 2.801617 0.800000
v -0.403471 2.801617 0.000000
v -0.803471 2.801617 0.000000
v -0.803471 2.801617 -0.400000
v -0.403471 2.801617 -0.400000
v -0.403471 2.801617 -0.800000
v -0.803471 2.801617 -0.800000
v 1.196529 2.801617 -0.800000
v 1.196529 2.801617 -0.400000
v 1.196529 2.801617 0.800000
v 1.196529 2.801617 1.200000
v 0.796529 2.801617 1.200000
v 0.396529 2.801617 1.200000
v -0.003471 2.801617 1.200000
v -0.403471 2.801617 1.200000
v -0.803471 2.801617 1.200000
v 1.196529 2.801617 0.400000
v 1.196529 2.801617 0.000000
v 0.796529 2.801617 -1.199999
v 1.196529 2.801617 -1.199999
v 0.396529 2.801617 -1.199999
v -0.003471 2.801617 -1.199999
v -0.403471 2.801617 -1.199999
v -0.803471 2.801617 -1.199999
v -1.203471 2.801617 0.800000
v -1.203471 2.801617 0.400000
v -1.203471 2.801617 0.000000
v -1.203471 2.801617 -0.400000
v -1.203471 2.801617 -0.800000
v -1.203471 2.801617 -1.199999
v 0.019097 -1.956046 -0.213895
v 0.019097 -1.661128 -0.484123
v 0.019097 -1.931356 -0.779041
v 0.019097 -2.226274 -0.508813
v 1.219097 -2.226274 -0.508813
v 1.219097 -1.931356 -0.779041
v 1.619097 -1.931356 -0.779041
v 1.619097 -2.226274 -0.508813
v 1.619097 -1.415590 0.375942
v 1.619097 -1.120672 0.105714
v 1.619097 -0.850444 0.400632
v 1.619097 -1.145362 0.670860
v 0.419097 -1.145362 0.670860
v 0.419097 -0.850444 0.400632
v 0.019097 -0.850444 0.400632
v 0.019097 -1.145362 0.670860
v 1.219097 -5.142524 2.869036
v 1.619097 -5.142524 2.869036
v 1.619097 -4.963667 3.226820
v 1.219097 -4.963667 3.226821
v 0.419097 -1.120672 0.105714
v 0.019097 -1.120672 0.105714
v 0.419097 -4.963667 3.226821
v 0.419097 -4.605881 3.047965
v 0.019097 -4.605881 3.047965
v 0.019097 -4.963667 3.226821
v 0.419097 -4.248097 2.869108
v 0.019097 -4.248097 2.869108
v 0.419097 -3.886035 2.691830
v 0.019097 -3.882452 2.693154
v 0.419097 -3.510997 2.514800
v 0.019097 -3.508260 2.515233
v 0.419097 -3.136969 2.326679
v 0.019097 -3.133359 2.326119
v 0.419097 -2.754935 2.112225
v 0.019097 -2.751775 2.110113
v 0.419097 -2.368237 1.823611
v 0.019097 -2.369597 1.825873
v 0.419097 -2.040982 1.529479
v 0.019097 -2.041688 1.532593
v 0.419097 -1.735744 1.237631
v 0.019097 -1.735778 1.239254
v 0.419097 -1.439479 0.948407
v 0.019097 -1.439250 0.950493
v 1.619097 -4.784739 2.690180
v 1.619097 -4.605881 3.047965
v 1.619097 -4.426954 2.511322
v 1.619097 -4.248097 2.869108
v 1.619097 -4.068862 2.332680
v 1.619097 -3.887549 2.691271
v 1.619097 -3.697665 2.160364
v 1.619097 -3.511586 2.514707
v 1.619097 -3.330520 1.977842
v 1.619097 -3.136839 2.326659
v 1.619097 -2.962731 1.774345
v 1.619097 -2.753684 2.111389
v 1.619097 -2.607755 1.503644
v 1.619097 -2.367567 1.822498
v 1.619097 -2.297829 1.218117
v 1.619097 -2.040409 1.526950
v 1.619097 -2.000916 0.935042
v 1.619097 -1.735710 1.235994
v 1.619097 -1.710509 0.646170
v 1.619097 -1.439778 0.945680
v 1.219097 -5.679094 1.795681
v 1.219097 -5.321309 1.616824
v 1.619097 -5.321309 1.616824
v 1.619097 -5.679094 1.795682
v 1.219097 -4.963524 1.437968
v 1.619097 -4.963524 1.437968
v 1.219097 -4.605317 1.267357
v 1.619097 -4.605241 1.268857
v 1.219097 -4.251544 1.105661
v 1.619097 -4.251727 1.106962
v 1.219097 -3.911587 0.944219
v 1.619097 -3.912279 0.945604
v 1.219097 -3.616148 0.782095
v 1.619097 -3.614605 0.780997
v 1.219097 -3.358351 0.566252
v 1.619097 -3.353520 0.565659
v 1.219097 -3.086167 0.307191
v 1.619097 -3.082540 0.307967
v 1.219097 -2.808801 0.034802
v 1.619097 -2.804610 0.036614
v 1.219097 -2.521193 -0.238585
v 1.619097 -2.521193 -0.238585
v 0.019097 -5.500237 2.153467
v 0.019097 -5.142452 1.974610
v 0.019097 -5.321309 1.616824
v 0.019097 -5.679094 1.795682
v 0.019097 -4.784667 1.795753
v 0.019097 -4.963524 1.437968
v 0.019097 -4.423584 1.626689
v 0.019097 -4.604931 1.274912
v 0.019097 -4.064812 1.459159
v 0.019097 -4.252240 1.110591
v 0.019097 -3.714136 1.288584
v 0.019097 -3.913693 0.948431
v 0.019097 -3.388815 1.106374
v 0.019097 -3.614228 0.780729
v 0.019097 -3.100377 0.875716
v 0.019097 -3.349184 0.565127
v 0.019097 -2.817197 0.611431
v 0.019097 -3.077557 0.309033
v 0.019097 -2.532892 0.337180
v 0.019097 -2.798870 0.039094
v 0.019097 -2.250964 0.056333
v 0.019097 -2.521193 -0.238585
v 0.419097 -2.226274 -0.508813
v 0.419097 -2.521193 -0.238585
v 0.819097 -2.226274 -0.508813
v 0.819097 -2.521193 -0.238585
v 0.419097 -2.803855 0.036940
v 0.819097 -2.810799 0.033939
v 0.419097 -3.082708 0.307931
v 0.819097 -3.088018 0.306795
v 0.419097 -3.354910 0.565830
v 0.819097 -3.360976 0.566575
v 0.419097 -3.615927 0.781937
v 0.819097 -3.616445 0.782305
v 0.419097 -3.912825 0.946696
v 0.819097 -3.910784 0.942615
v 0.419097 -4.251933 1.108414
v 0.819097 -4.251378 1.104486
v 0.419097 -4.605100 1.271608
v 0.819097 -4.605374 1.266244
v 0.419097 -4.963524 1.437968
v 0.819097 -4.963524 1.437968
v 0.419097 -5.321309 1.616824
v 0.819097 -5.321309 1.616824
v 0.419097 -5.679094 1.795681
v 0.819097 -5.679094 1.795681
v 1.219097 -1.145362 0.670860
v 1.219097 -1.439824 0.945258
v 0.819097 -1.145362 0.670860
v 0.819097 -1.439896 0.944603
v 1.219097 -1.735697 1.235378
v 0.819097 -1.735687 1.234859
v 1.219097 -2.040106 1.525611
v 0.819097 -2.039880 1.524615
v 1.219097 -2.366621 1.820925
v 0.819097 -2.365820 1.819592
v 1.219097 -2.756696 2.113403
v 0.819097 -2.758569 2.114654
v 1.219097 -3.139529 2.327077
v 0.819097 -3.141087 2.327318
v 1.219097 -3.513227 2.514448
v 0.819097 -3.514079 2.514313
v 1.219097 -3.889306 2.690622
v 0.819097 -3.890086 2.690334
v 1.219097 -4.248097 2.869108
v 0.819097 -4.248097 2.869108
v 1.219097 -4.605881 3.047965
v 0.819097 -4.605881 3.047965
v 0.819097 -4.963667 3.226821
v 1.219097 -1.120672 0.105714
v 1.219097 -0.850444 0.400632
v 0.819097 -1.120672 0.105714
v 0.819097 -0.850444 0.400632
v 0.019097 -5.142524 2.869036
v 0.419097 -5.142524 2.869037
v 0.819097 -5.142524 2.869036
v 0.419097 -1.931356 -0.779041
v 0.819097 -1.931356 -0.779041
v 1.219097 -5.500237 2.153466
v 0.819097 -5.500237 2.153466
v 1.219097 -5.321380 2.511251
v 0.819097 -5.321380 2.511252
v 0.419097 -5.500237 2.153466
v 0.419097 -5.321380 2.511251
v 0.019097 -5.321380 2.511252
v 0.419097 -1.661128 -0.484123
v 0.819097 -1.661128 -0.484123
v 0.419097 -1.390900 -0.189204
v 0.819097 -1.399668 -0.186656
v 1.219097 -1.661128 -0.484123
v 1.219097 -1.390900 -0.189204
v 1.619097 -1.661128 -0.484123
v 1.619097 -1.390900 -0.189204
v 0.019097 -1.757273 0.268171
v 0.019097 -1.708935 0.650858
v 0.019097 -1.685818 0.081024
v 0.019097 -1.980737 0.351252
v 0.019097 -2.000293 0.937618
v 0.019097 -2.266669 0.635915
v 0.019097 -2.323869 1.176396
v 0.019097 -2.563385 0.892947
v 0.019097 -2.608632 1.506929
v 0.019097 -2.851949 1.189049
v 0.019097 -2.961031 1.773237
v 0.019097 -3.169776 1.436070
v 0.019097 -3.327257 1.978279
v 0.019097 -3.520206 1.630534
v 0.019097 -3.694416 2.161964
v 0.019097 -3.880033 1.808715
v 0.019097 -4.063744 2.336251
v 0.019097 -4.244562 1.979259
v 0.019097 -4.426954 2.511322
v 0.019097 -4.605810 2.153538
v 0.019097 -4.784739 2.690180
v 0.019097 -4.963595 2.332394
v 1.619097 -1.956046 -0.213895
v 1.619097 -2.250964 0.056333
v 1.619097 -1.685818 0.081024
v 1.619097 -1.980737 0.351252
v 1.619097 -2.538440 0.332645
v 1.619097 -2.270246 0.630169
v 1.619097 -2.821783 0.608586
v 1.619097 -2.559592 0.910295
v 1.619097 -3.103951 0.874836
v 1.619097 -2.853310 1.186325
v 1.619097 -3.388864 1.106410
v 1.619097 -3.170123 1.436214
v 1.619097 -3.713866 1.285772
v 1.619097 -3.522195 1.628331
v 1.619097 -4.065557 1.455481
v 1.619097 -3.882466 1.805641
v 1.619097 -4.425701 1.620403
v 1.619097 -4.248024 1.974681
v 1.619097 -4.784667 1.795753
v 1.619097 -4.605810 2.153537
v 1.619097 -5.142452 1.974610
v 1.619097 -4.963595 2.332394
v 1.619097 -5.500237 2.153466
v 1.619097 -5.321380 2.511251
v 0.019097 -1.402124 -0.185942
v -1.620102 -1.750137 -0.279755
v -1.620102 -1.411187 -0.067356
v -1.620102 -1.198788 -0.406304
v -1.620102 -1.537737 -0.618704
v -0.420102 -1.537737 -0.618704
v -0.420102 -1.198788 -0.406304
v -0.020102 -1.198788 -0.406304
v -0.020102 -1.537737 -0.618704
v -0.020102 -2.174936 0.398142
v -0.020102 -1.835987 0.610542
v -0.020102 -2.048386 0.949490
v -0.020102 -2.387336 0.737091
v -1.220102 -2.387228 0.737110
v -1.220102 -2.048386 0.949490
v -1.620102 -2.048386 0.949490
v -1.620102 -2.387336 0.737091
v -0.420102 -5.700767 -2.319682
v -0.020102 -5.700767 -2.319682
v -0.020102 -5.969768 -2.023644
v -0.420102 -5.969768 -2.023644
v -1.220102 -1.835987 0.610542
v -1.620102 -1.835987 0.610542
v -1.220102 -5.969768 -2.023644
v -1.220102 -5.673728 -1.754643
v -1.620102 -5.673728 -1.754643
v -1.620102 -5.969768 -2.023645
v -1.220102 -5.377689 -1.485644
v -1.620102 -5.377689 -1.485644
v -1.220102 -5.082239 -1.207979
v -1.620102 -5.082396 -1.205664
v -1.220102 -4.783168 -0.928769
v -1.620102 -4.782940 -0.927013
v -1.220102 -4.474628 -0.647826
v -1.620102 -4.473723 -0.645961
v -1.220102 -4.137791 -0.367262
v -1.620102 -4.137793 -0.367263
v -1.220102 -3.776639 -0.118615
v -1.620102 -3.778720 -0.118994
v -1.220102 -3.422808 0.102579
v -1.620102 -3.424616 0.102841
v -1.220102 -3.073238 0.315127
v -1.620102 -3.075520 0.315935
v -1.220102 -2.726285 0.524691
v -1.620102 -2.726285 0.524691
v -0.020102 -5.404728 -2.050683
v -0.020102 -5.673728 -1.754644
v -0.020102 -5.108690 -1.781682
v -0.020102 -5.377689 -1.485644
v -0.020102 -4.815078 -1.505729
v -0.020102 -5.082371 -1.206038
v -0.020102 -4.519535 -1.229047
v -0.020102 -4.782971 -0.927252
v -0.020102 -4.217985 -0.953352
v -0.020102 -4.473832 -0.646184
v -0.020102 -3.897153 -0.684804
v -0.020102 -4.137879 -0.367330
v -0.020102 -3.552042 -0.448236
v -0.020102 -3.778714 -0.118993
v -0.020102 -3.205213 -0.232242
v -0.020102 -3.424644 0.102845
v -0.020102 -2.858983 -0.022370
v -0.020102 -3.075403 0.315893
v -0.020102 -2.513885 0.185742
v -0.020102 -2.726285 0.524691
v -0.420102 -4.893767 -3.207798
v -0.420102 -4.597728 -2.938798
v -0.020102 -4.597728 -2.938797
v -0.020102 -4.893767 -3.207797
v -0.420102 -4.301690 -2.669798
v -0.020102 -4.301690 -2.669798
v -0.420102 -4.013936 -2.397978
v -0.020102 -4.015975 -2.397285
v -0.420102 -3.728813 -2.129283
v -0.020102 -3.730451 -2.129068
v -0.420102 -3.448058 -1.869417
v -0.020102 -3.449972 -1.869785
v -0.420102 -3.174834 -1.637118
v -0.020102 -3.174792 -1.637086
v -0.420102 -2.877526 -1.436416
v -0.020102 -2.876615 -1.434600
v -0.420102 -2.551696 -1.236061
v -0.020102 -2.551441 -1.234309
v -0.420102 -2.238305 -1.010182
v -0.020102 -2.216286 -1.031373
v -0.420102 -1.876686 -0.831104
v -0.020102 -1.876686 -0.831104
v -1.620102 -5.162767 -2.911760
v -1.620102 -4.866728 -2.642760
v -1.620102 -4.597728 -2.938797
v -1.620102 -4.893767 -3.207797
v -1.620102 -4.570690 -2.373759
v -1.620102 -4.301690 -2.669798
v -1.620102 -4.281238 -2.100329
v -1.620102 -4.016349 -2.397158
v -1.620102 -3.992540 -1.829072
v -1.620102 -3.730710 -2.129034
v -1.620102 -3.704834 -1.563988
v -1.620102 -3.450250 -1.869838
v -1.620102 -3.415683 -1.319737
v -1.620102 -3.174927 -1.637188
v -1.620102 -3.102519 -1.107108
v -1.620102 -2.876661 -1.434692
v -1.620102 -2.769672 -0.901571
v -1.620102 -2.551471 -1.234517
v -1.620102 -2.430645 -0.696626
v -1.620102 -2.216275 -1.031577
v -1.620102 -2.089085 -0.492155
v -1.620102 -1.876686 -0.831104
v -1.220102 -1.537737 -0.618704
v -1.220102 -1.876686 -0.831104
v -0.820102 -1.537737 -0.618704
v -0.820102 -1.876686 -0.831104
v -1.220102 -2.216162 -1.033691
v -0.820102 -2.216038 -1.035997
v -1.220102 -2.551704 -1.236120
v -0.820102 -2.551958 -1.237860
v -1.220102 -2.877527 -1.436419
v -0.820102 -2.878498 -1.438351
v -1.220102 -3.174906 -1.637172
v -0.820102 -3.174884 -1.637156
v -1.220102 -3.448255 -1.869455
v -0.820102 -3.446023 -1.869027
v -1.220102 -3.728988 -2.129260
v -0.820102 -3.727123 -2.129504
v -1.220102 -4.014181 -2.397895
v -0.820102 -4.011856 -2.398686
v -1.220102 -4.301690 -2.669798
v -0.820102 -4.301690 -2.669798
v -1.220102 -4.597728 -2.938797
v -0.820102 -4.597727 -2.938798
v -1.220102 -4.893767 -3.207797
v -0.820102 -4.893767 -3.207797
v -0.420102 -2.387336 0.737091
v -0.420102 -2.726285 0.524691
v -0.820102 -2.387336 0.737091
v -0.820102 -2.726285 0.524691
v -0.420102 -3.073087 0.315073
v -0.820102 -3.070808 0.314266
v -0.420102 -3.422765 0.102573
v -0.820102 -3.420889 0.102303
v -0.420102 -3.776576 -0.118603
v -0.820102 -3.774332 -0.118194
v -0.420102 -4.137833 -0.367294
v -0.820102 -4.137798 -0.367268
v -0.420102 -4.474707 -0.647987
v -0.820102 -4.475641 -0.649915
v -0.420102 -4.783189 -0.928934
v -0.820102 -4.783412 -0.930656
v -0.420102 -5.082222 -1.208224
v -0.820102 -5.082073 -1.210429
v -0.420102 -5.377689 -1.485644
v -0.820102 -5.377689 -1.485645
v -0.420102 -5.673728 -1.754644
v -0.820102 -5.673728 -1.754644
v -0.820102 -5.969768 -2.023644
v -0.420102 -1.835987 0.610542
v -0.420102 -2.048386 0.949490
v -0.820102 -1.835987 0.610542
v -0.820102 -2.048386 0.949490
v -1.620102 -5.700767 -2.319682
v -1.220102 -5.700767 -2.319682
v -0.820102 -5.700767 -2.319682
v -1.220102 -1.198788 -0.406304
v -0.820102 -1.198788 -0.406304
v -0.420102 -5.162767 -2.911760
v -0.820102 -5.162767 -2.911759
v -0.420102 -5.431767 -2.615721
v -0.820102 -5.431767 -2.615721
v -1.220102 -5.162767 -2.911760
v -1.220102 -5.431767 -2.615721
v -1.620102 -5.431767 -2.615721
v -1.220102 -1.412466 -0.067657
v -0.820102 -1.411187 -0.067356
v -1.220102 -1.623587 0.271593
v -0.820102 -1.623587 0.271593
v -0.420102 -1.411187 -0.067356
v -0.420102 -1.623587 0.271593
v -0.020102 -1.416039 -0.064734
v -0.020102 -1.653246 0.252333
v -1.620102 -2.174936 0.398142
v -1.620102 -2.513885 0.185742
v -1.620102 -1.962536 0.059194
v -1.620102 -2.301485 -0.153206
v -1.620102 -2.859142 -0.022260
v -1.620102 -2.643808 -0.361066
v -1.620102 -3.205214 -0.232242
v -1.620102 -2.986758 -0.567981
v -1.620102 -3.552073 -0.448231
v -1.620102 -3.326810 -0.778524
v -1.620102 -3.897104 -0.684766
v -1.620102 -3.656408 -1.002262
v -1.620102 -4.217960 -0.953146
v -1.620102 -3.960757 -1.259303
v -1.620102 -4.519584 -1.228805
v -1.620102 -4.255266 -1.529920
v -1.620102 -4.815216 -1.505335
v -1.620102 -4.547040 -1.804338
v -1.620102 -5.108690 -1.781682
v -1.620102 -4.839690 -2.077721
v -1.620102 -5.404728 -2.050683
v -1.620102 -5.135728 -2.346721
v -0.020102 -1.942799 -0.216890
v -0.020102 -2.089085 -0.492155
v -0.020102 -1.962536 0.059194
v -0.020102 -2.301485 -0.153206
v -0.020102 -2.430637 -0.696649
v -0.020102 -2.643662 -0.361262
v -0.020102 -2.769688 -0.901480
v -0.020102 -2.986743 -0.568001
v -0.020102 -3.102517 -1.107093
v -0.020102 -3.326782 -0.778564
v -0.020102 -3.415615 -1.319686
v -0.020102 -3.656406 -1.002261
v -0.020102 -3.704609 -1.564016
v -0.020102 -3.960644 -1.259445
v -0.020102 -3.992308 -1.829184
v -0.020102 -4.255108 -1.530123
v -0.020102 -4.280882 -2.100569
v -0.020102 -4.546767 -1.804691
v -0.020102 -4.570690 -2.373758
v -0.020102 -4.839690 -2.077722
v -0.020102 -4.866728 -2.642760
v -0.020102 -5.135728 -2.346721
v -0.020102 -5.162767 -2.911760
v -0.020102 -5.431767 -2.615721
v -1.620102 -1.623587 0.271593
v -3.232859 2.176766 -0.235127
v -3.232860 2.500643 -0.469869
v -3.232860 2.265901 -0.793746
v -3.232859 1.942023 -0.559004
v -2.032859 1.942024 -0.559004
v -2.032860 2.265901 -0.793746
v -1.632859 2.265901 -0.793747
v -1.632859 1.942024 -0.559005
v -1.632859 2.646250 0.412626
v -1.632859 2.970127 0.177884
v -1.632859 3.204869 0.501761
v -1.632859 2.880992 0.736504
v -2.832859 2.880992 0.736504
v -2.832859 3.204869 0.501762
v -3.232859 3.204869 0.501762
v -3.232859 2.880991 0.736504
v -2.032857 1.987130 3.435103
v -1.632857 1.987130 3.435102
v -1.632857 2.361640 3.294593
v -2.032857 2.361640 3.294593
v -2.832859 2.970127 0.177885
v -3.232859 2.970127 0.177885
v -2.832857 2.361640 3.294593
v -2.832857 2.221129 2.920084
v -3.232857 2.221129 2.920084
v -3.232857 2.361640 3.294593
v -2.832857 2.080618 2.545575
v -3.232857 2.080619 2.545574
v -2.832857 1.914288 2.178004
v -3.232857 1.890456 2.184407
v -2.832858 1.706414 1.842384
v -3.232857 1.688581 1.851155
v -2.832858 1.522102 1.559328
v -3.232857 1.502295 1.579178
v -2.832858 1.398558 1.450455
v -3.232857 1.392126 1.472046
v -2.832858 1.538324 1.447552
v -3.232858 1.537789 1.444969
v -2.832858 1.844602 1.330628
v -3.232858 1.841394 1.325173
v -2.832859 2.196217 1.164217
v -3.232858 2.189639 1.156796
v -2.832859 2.557115 0.971246
v -3.232859 2.557115 0.971246
v -1.632857 1.846621 3.060594
v -1.632857 2.221129 2.920084
v -1.632857 1.706110 2.686085
v -1.632857 2.080618 2.545574
v -1.632857 1.513768 2.310855
v -1.632858 1.883237 2.186347
v -1.632858 1.324442 1.948495
v -1.632858 1.684586 1.853119
v -1.632858 1.156312 1.619573
v -1.632858 1.499587 1.581892
v -1.632858 1.084833 1.389345
v -1.632858 1.392166 1.471913
v -1.632858 1.276887 1.237137
v -1.632858 1.537006 1.441183
v -1.632858 1.599703 1.054283
v -1.632858 1.839203 1.321448
v -1.632858 1.958900 0.856739
v -1.632858 2.184972 1.151528
v -1.632859 2.322373 0.647368
v -1.632859 2.557115 0.971245
v -2.032857 0.863604 3.856633
v -2.032857 0.723094 3.482126
v -1.632857 0.723094 3.482125
v -1.632857 0.863604 3.856634
v -2.032857 0.565618 3.090667
v -1.632857 0.561797 3.086850
v -2.032857 0.370962 2.640937
v -1.632857 0.368291 2.637475
v -2.032857 0.212817 2.178127
v -1.632857 0.210186 2.172775
v -2.032858 0.110816 1.632869
v -1.632858 0.110377 1.629799
v -2.032858 0.225670 0.934044
v -1.632858 0.218007 0.959277
v -2.032858 0.532697 0.506942
v -1.632858 0.518550 0.522724
v -2.032859 0.886519 0.193965
v -1.632859 0.874262 0.201088
v -2.032859 1.273521 -0.082477
v -1.632859 1.256936 -0.076846
v -2.032859 1.618147 -0.324263
v -1.632859 1.618147 -0.324263
v -3.232857 1.238113 3.716124
v -3.232857 1.097603 3.341615
v -3.232857 0.723094 3.482126
v -3.232857 0.863604 3.856634
v -3.232857 0.957092 2.967106
v -3.232857 0.566045 3.091094
v -3.232857 0.749218 2.540616
v -3.232857 0.370684 2.640577
v -3.232857 0.582312 2.118999
v -3.232857 0.212100 2.176668
v -3.232858 0.452052 1.658276
v -3.232858 0.110807 1.632806
v -3.232858 0.498192 1.132007
v -3.232858 0.218882 0.956400
v -3.232858 0.776298 0.769276
v -3.232858 0.521298 0.519658
v -3.232859 1.123808 0.487803
v -3.232859 0.877621 0.199137
v -3.232859 1.504330 0.236120
v -3.232859 1.262848 -0.078852
v -3.232859 1.852889 -0.000385
v -3.232859 1.618147 -0.324262
v -2.832860 1.942023 -0.559004
v -2.832859 1.618147 -0.324262
v -2.432859 1.942024 -0.559004
v -2.432859 1.618147 -0.324263
v -2.832859 1.277294 -0.083757
v -2.432859 1.287721 -0.087298
v -2.832859 0.888761 0.192662
v -2.432858 0.896452 0.188192
v -2.832859 0.534723 0.504681
v -2.432858 0.543608 0.494768
v -2.832858 0.226463 0.931433
v -2.432858 0.231149 0.916001
v -2.832858 0.111186 1.635454
v -2.432858 0.112627 1.645527
v -2.832857 0.214233 2.181006
v -2.432857 0.218498 2.189680
v -2.832857 0.372600 2.643061
v -2.432857 0.376368 2.647945
v -2.832857 0.568404 3.093451
v -2.432857 0.573401 3.098443
v -2.832857 0.723094 3.482126
v -2.432857 0.723094 3.482125
v -2.832857 0.863604 3.856634
v -2.432857 0.863604 3.856634
v -2.032859 2.880992 0.736504
v -2.032859 2.557115 0.971245
v -2.432859 2.880992 0.736504
v -2.432858 2.557115 0.971246
v -2.032858 2.192916 1.160493
v -2.432858 2.203732 1.172696
v -2.032858 1.842914 1.327756
v -2.432858 1.847972 1.336358
v -2.032858 1.537616 1.444129
v -2.432858 1.537337 1.442783
v -2.032858 1.398718 1.449915
v -2.432858 1.426143 1.357850
v -2.032858 1.519988 1.561446
v -2.432858 1.547024 1.534353
v -2.032858 1.703591 1.843773
v -2.432858 1.722177 1.834632
v -2.032857 1.909464 2.179300
v -2.432857 1.932814 2.173027
v -2.032857 2.080619 2.545574
v -2.432857 2.080619 2.545575
v -2.032857 2.221130 2.920084
v -2.432857 2.221130 2.920084
v -2.432857 2.361640 3.294593
v -2.032859 2.970127 0.177885
v -2.032859 3.204869 0.501762
v -2.432859 2.970127 0.177885
v -2.432859 3.204869 0.501762
v -3.232857 1.987130 3.435103
v -2.832857 1.987130 3.435103
v -2.432857 1.987130 3.435103
v -2.832860 2.265901 -0.793746
v -2.432860 2.265901 -0.793746
v -2.032857 1.238113 3.716124
v -2.432857 1.238113 3.716124
v -2.032857 1.612622 3.575614
v -2.432857 1.612622 3.575614
v -2.832857 1.238113 3.716124
v -2.832857 1.612622 3.575614
v -3.232857 1.612623 3.575614
v -2.832860 2.500643 -0.469869
v -2.432859 2.500643 -0.469869
v -2.832860 2.735385 -0.145992
v -2.432859 2.735385 -0.145992
v -2.032860 2.500643 -0.469869
v -2.032859 2.735385 -0.145992
v -1.632859 2.500643 -0.469869
v -1.632859 2.735385 -0.145992
v -3.232859 2.646250 0.412627
v -3.232859 2.322372 0.647369
v -3.232859 2.411508 0.088750
v -3.232859 2.087631 0.323492
v -3.232859 1.965322 0.860854
v -3.232859 1.744885 0.553526
v -3.232858 1.602999 1.057037
v -3.232858 1.368709 0.777009
v -3.232858 1.278585 1.239770
v -3.232858 1.027024 1.014257
v -3.232858 1.084862 1.389246
v -3.232858 0.781508 1.293554
v -3.232857 1.159504 1.618155
v -3.232857 0.812062 1.657402
v -3.232857 1.329216 1.947953
v -3.232857 0.964580 2.044777
v -3.232857 1.522377 2.310976
v -3.232857 1.146246 2.436205
v -3.232857 1.706110 2.686086
v -3.232857 1.331601 2.826596
v -3.232857 1.846621 3.060594
v -3.232857 1.472111 3.201105
v -1.632859 2.176766 -0.235128
v -1.632859 1.852889 -0.000386
v -1.632859 2.411508 0.088749
v -1.632859 2.087631 0.323491
v -1.632859 1.497205 0.236629
v -1.632859 1.737209 0.551610
v -1.632858 1.119817 0.488721
v -1.632858 1.364441 0.776051
v -1.632858 0.773287 0.771153
v -1.632858 1.024219 1.013832
v -1.632858 0.497645 1.133793
v -1.632858 0.781518 1.293524
v -1.632858 0.450796 1.655489
v -1.632858 0.809107 1.656025
v -1.632857 0.579129 2.115634
v -1.632858 0.959787 2.042949
v -1.632857 0.745772 2.537956
v -1.632857 1.137471 2.433097
v -1.632857 0.951920 2.963781
v -1.632857 1.331601 2.826595
v -1.632857 1.097603 3.341614
v -1.632857 1.472111 3.201105
v -1.632857 1.238113 3.716124
v -1.632857 1.612622 3.575614
v -3.232859 2.735385 -0.145992
v 1.632858 2.786568 -0.301900
v 1.632858 2.980894 0.047725
v 1.632858 3.330519 -0.146601
v 1.632858 3.136194 -0.496226
v 2.832859 3.136193 -0.496226
v 2.832859 3.330519 -0.146601
v 3.232859 3.330518 -0.146601
v 3.232859 3.136193 -0.496226
v 3.232859 2.087318 0.086752
v 3.232859 2.281645 0.436377
v 3.232858 1.932020 0.630703
v 3.232859 1.737694 0.281077
v 2.032858 1.737694 0.281077
v 2.032858 1.932020 0.630702
v 1.632858 1.932020 0.630702
v 1.632858 1.737695 0.281077
v 2.832859 -0.951758 -2.019041
v 3.232859 -0.951758 -2.019041
v 3.232859 -1.050549 -1.631432
v 2.832859 -1.050549 -1.631432
v 2.032858 2.281645 0.436377
v 1.632858 2.281645 0.436377
v 2.032859 -1.050549 -1.631432
v 2.032859 -0.662941 -1.532641
v 1.632859 -0.662941 -1.532641
v 1.632859 -1.050549 -1.631433
v 2.032859 -0.275332 -1.433849
v 1.632859 -0.275332 -1.433849
v 2.032859 0.113125 -1.349218
v 1.632859 0.113624 -1.357540
v 2.032859 0.491668 -1.298659
v 1.632859 0.490852 -1.304855
v 2.032859 0.841436 -1.236542
v 1.632859 0.837867 -1.244222
v 2.032859 1.113873 -1.174360
v 1.632859 1.107198 -1.179977
v 2.032859 1.181666 -1.061488
v 1.632859 1.191145 -1.059093
v 2.032858 1.283829 -0.778364
v 1.632858 1.294319 -0.779223
v 2.032858 1.420605 -0.439474
v 1.632858 1.428237 -0.441746
v 2.032858 1.556597 -0.074479
v 1.632858 1.566431 -0.078889
v 3.232859 -0.564150 -1.920250
v 3.232859 -0.662941 -1.532641
v 3.232859 -0.176541 -1.821458
v 3.232859 -0.275333 -1.433849
v 3.232859 0.211067 -1.722667
v 3.232859 0.112652 -1.341326
v 3.232859 0.605582 -1.663516
v 3.232859 0.492213 -1.294519
v 3.232859 0.978085 -1.586448
v 3.232859 0.842749 -1.233718
v 3.232859 1.296993 -1.496304
v 3.232859 1.114023 -1.174233
v 3.232859 1.443979 -1.316422
v 3.232859 1.181580 -1.061510
v 3.232859 1.585037 -0.995488
v 3.232859 1.280280 -0.778074
v 3.232859 1.743030 -0.639888
v 3.232859 1.415951 -0.438089
v 3.232859 1.892993 -0.262873
v 3.232859 1.548363 -0.070787
v 2.832859 -0.655383 -3.181866
v 2.832859 -0.267775 -3.083075
v 3.232859 -0.267775 -3.083075
v 3.232859 -0.655384 -3.181866
v 2.832859 0.119833 -2.984282
v 3.232859 0.119833 -2.984283
v 2.832859 0.507441 -2.885492
v 3.232859 0.507441 -2.885492
v 2.832859 0.939020 -2.794533
v 3.232859 0.943525 -2.795335
v 2.832859 1.365373 -2.676609
v 3.232859 1.372633 -2.675617
v 2.832859 1.814044 -2.488834
v 3.232859 1.821672 -2.483513
v 2.832859 2.270770 -2.069083
v 3.232859 2.266251 -2.078024
v 2.832859 2.540050 -1.648541
v 3.232859 2.538959 -1.657106
v 2.832859 2.751949 -1.252017
v 3.232859 2.752355 -1.257219
v 2.832859 2.941867 -0.845851
v 3.232859 2.941867 -0.845851
v 1.632859 -0.754175 -2.794258
v 1.632859 -0.366566 -2.695466
v 1.632859 -0.267775 -3.083076
v 1.632859 -0.655383 -3.181866
v 1.632859 0.021041 -2.596675
v 1.632859 0.119833 -2.984282
v 1.632859 0.415057 -2.502560
v 1.632859 0.518567 -2.889714
v 1.632859 0.836419 -2.421414
v 1.632859 0.954074 -2.797214
v 1.632859 1.245447 -2.314309
v 1.632859 1.384517 -2.673994
v 1.632859 1.647310 -2.154324
v 1.632859 1.829430 -2.478103
v 1.632859 1.993595 -1.826035
v 1.632859 2.261585 -2.087259
v 1.632859 2.223891 -1.443429
v 1.632859 2.537116 -1.671598
v 1.632859 2.419624 -1.059485
v 1.632859 2.753375 -1.270289
v 1.632858 2.597150 -0.662223
v 1.632859 2.945354 -0.862709
v 2.032859 3.136193 -0.496226
v 2.032859 2.942813 -0.850425
v 2.432858 3.136193 -0.496226
v 2.432858 2.941867 -0.845851
v 2.032859 2.752653 -1.261032
v 2.432859 2.751665 -1.248367
v 2.032859 2.538651 -1.659532
v 2.432859 2.540713 -1.643328
v 2.032859 2.266531 -2.077471
v 2.432859 2.273900 -2.062890
v 2.032859 1.821096 -2.483916
v 2.432859 1.808802 -2.492490
v 2.032859 1.374420 -2.675373
v 2.432859 1.360980 -2.677209
v 2.032859 0.946367 -2.795841
v 2.432859 0.934499 -2.793727
v 2.032859 0.508429 -2.885866
v 2.432859 0.507441 -2.885491
v 2.032859 0.119833 -2.984282
v 2.432859 0.119833 -2.984282
v 2.032859 -0.267775 -3.083075
v 2.432859 -0.267775 -3.083075
v 2.032859 -0.655383 -3.181865
v 2.432859 -0.655383 -3.181866
v 2.832859 1.737694 0.281077
v 2.832859 1.544837 -0.069206
v 2.432858 1.737694 0.281077
v 2.432858 1.543421 -0.068571
v 2.832859 1.412262 -0.436991
v 2.432858 1.410275 -0.436399
v 2.832859 1.273488 -0.777518
v 2.432858 1.269268 -0.777173
v 2.832859 1.173377 -1.063584
v 2.432858 1.167832 -1.064985
v 2.832859 1.119791 -1.169379
v 2.432859 1.123732 -1.166063
v 2.832859 0.845024 -1.228826
v 2.432859 0.846453 -1.225751
v 2.832859 0.492589 -1.291666
v 2.432859 0.492794 -1.290110
v 2.832859 0.112494 -1.338704
v 2.432859 0.112433 -1.337675
v 2.832859 -0.275332 -1.433849
v 2.432859 -0.275332 -1.433849
v 2.832859 -0.662941 -1.532641
v 2.432859 -0.662941 -1.532641
v 2.432859 -1.050549 -1.631433
v 2.832859 2.281645 0.436377
v 2.832858 1.932020 0.630703
v 2.432858 2.281645 0.436377
v 2.432858 1.932020 0.630702
v 1.632859 -0.951757 -2.019041
v 2.032859 -0.951757 -2.019041
v 2.432859 -0.951758 -2.019041
v 2.032858 3.330519 -0.146601
v 2.432858 3.330519 -0.146601
v 2.832859 -0.754175 -2.794259
v 2.432859 -0.754175 -2.794258
v 2.832859 -0.852966 -2.406650
v 2.432859 -0.852966 -2.406649
v 2.032859 -0.754175 -2.794258
v 2.032859 -0.852966 -2.406649
v 1.632859 -0.852966 -2.406649
v 2.032858 2.980894 0.047725
v 2.432858 2.980894 0.047725
v 2.032858 2.631269 0.242051
v 2.432858 2.631269 0.242051
v 2.832859 2.980894 0.047725
v 2.832859 2.631269 0.242051
v 3.232859 2.980894 0.047725
v 3.232859 2.631269 0.242051
v 1.632858 2.087319 0.086752
v 1.632858 1.906158 -0.272679
v 1.632858 2.436944 -0.107574
v 1.632858 2.247181 -0.462820
v 1.632858 1.755305 -0.647467
v 1.632858 2.084052 -0.850103
v 1.632859 1.598857 -1.001202
v 1.632859 1.907015 -1.218377
v 1.632859 1.453158 -1.316742
v 1.632859 1.720270 -1.569237
v 1.632859 1.291803 -1.501031
v 1.632859 1.470457 -1.826533
v 1.632859 0.976708 -1.596755
v 1.632859 1.110123 -1.952117
v 1.632859 0.607441 -1.674183
v 1.632859 0.720556 -2.044574
v 1.632859 0.215389 -1.735933
v 1.632859 0.313037 -2.114683
v 1.632859 -0.176541 -1.821458
v 1.632859 -0.077749 -2.209066
v 1.632859 -0.564149 -1.920250
v 1.632859 -0.465358 -2.307858
v 3.232859 2.786568 -0.301900
v 3.232859 2.592242 -0.651525
v 3.232859 2.436943 -0.107574
v 3.232859 2.242617 -0.457199
v 3.232859 2.414292 -1.045158
v 3.232859 2.070485 -0.833685
v 3.232859 2.220617 -1.428490
v 3.232859 1.896364 -1.205944
v 3.232859 1.994729 -1.816937
v 3.232859 1.714380 -1.563101
v 3.232859 1.641760 -2.157776
v 3.232859 1.470672 -1.825308
v 3.232859 1.235391 -2.312020
v 3.232859 1.105106 -1.944221
v 3.232859 0.825901 -2.415568
v 3.232859 0.711842 -2.032086
v 3.232859 0.408650 -2.497883
v 3.232859 0.309859 -2.110274
v 3.232859 0.021041 -2.596675
v 3.232859 -0.077750 -2.209066
v 3.232859 -0.366567 -2.695466
v 3.232859 -0.465358 -2.307858
v 3.232859 -0.754175 -2.794258
v 3.232859 -0.852966 -2.406649
v 1.632858 2.631270 0.242051
v 1.596529 -1.241819 -0.400000
v 1.596529 -0.841819 -0.400000
v 1.596529 -0.841819 -0.000000
v 1.596529 -1.241819 -0.000000
v 1.596529 2.358181 -0.800000
v 1.596529 2.758180 -0.800000
v 1.596529 2.758180 -0.400000
v 1.596529 2.358181 -0.400000
v 1.596529 2.758180 0.000000
v 1.596529 2.358181 0.000000
v 1.596529 2.758180 0.400000
v 1.596529 2.358181 0.400000
v 1.596529 2.758181 0.800000
v 1.596529 2.358181 0.800000
v 1.596529 1.958180 0.400000
v 1.596529 1.958180 0.800000
v 1.596529 1.958181 0.000000
v 1.596529 1.958181 -0.400000
v 1.596529 1.958180 -0.800000
v 1.596529 1.558181 0.400000
v 1.596529 1.558180 0.800000
v 1.596529 1.558181 0.000000
v 1.596529 1.558180 -0.400000
v 1.596529 1.558181 -0.800000
v 1.596529 1.158180 0.000000
v 1.596529 1.158181 0.400000
v 1.596529 1.158181 -0.400000
v 1.596529 1.158180 0.800000
v 1.596529 0.758180 0.400000
v 1.596529 0.758180 0.800000
v 1.596529 1.158181 -0.800000
v 1.596529 0.758181 -0.800000
v 1.596529 0.758181 -0.400000
v 1.596529 0.758181 0.000000
v 1.596529 -0.041819 -0.000000
v 1.596529 0.358181 0.000000
v 1.596529 0.358181 0.400000
v 1.596529 -0.041820 0.400000
v 1.596529 0.358180 0.800000
v 1.596529 -0.041820 0.800000
v 1.596529 -0.041819 -0.400000
v 1.596529 0.358181 -0.400000
v 1.596529 0.358181 -0.800000
v 1.596529 -0.041819 -0.800000
v 1.596529 -0.441819 -0.800000
v 1.596529 -0.441819 -0.400000
v 1.596529 -0.441819 -0.000000
v 1.596529 -0.441819 0.400000
v 1.596529 -0.841819 0.400000
v 1.596529 -1.241819 0.400000
v 1.596529 -0.441819 0.800000
v 1.596529 -0.841820 0.800000
v 1.596529 -1.241819 0.800000
v 1.596529 -1.641819 0.400000
v 1.596529 -1.641819 0.800000
v 1.596529 -0.841819 -0.800000
v 1.596529 -1.241819 -0.800000
v 1.596529 -1.641819 -0.800000
v 1.596529 -1.641819 -0.400000
v 1.596529 -2.041819 -0.800000
v 1.596529 -2.041819 -0.400000
v 1.596529 -1.641819 -0.000000
v 1.596529 -2.041820 -0.000000
v 1.596529 -2.041819 0.400000
v 1.596529 -2.041820 0.800000
v -1.603471 -1.241819 -0.400000
v -1.603471 -1.241819 -0.000000
v -1.603471 -0.841819 -0.000000
v -1.603471 -0.841819 -0.400000
v -1.603471 2.358181 -0.800000
v -1.603471 2.358181 -0.400000
v -1.603471 2.758180 -0.400000
v -1.603471 2.758180 -0.800000
v -1.603471 2.358181 0.000000
v -1.603471 2.758180 0.000000
v -1.603471 2.358181 0.400000
v -1.603471 2.758180 0.400000
v -1.603471 2.358181 0.800000
v -1.603471 2.758181 0.800000
v -1.603471 1.958180 0.400000
v -1.603471 1.958180 0.800000
v -1.603471 1.958181 0.000000
v -1.603471 1.958181 -0.400000
v -1.603471 1.958180 -0.800000
v -1.603471 1.558181 0.400000
v -1.603471 1.558180 0.800000
v -1.603471 1.558181 0.000000
v -1.603471 1.558180 -0.400000
v -1.603471 1.558181 -0.800000
v -1.603471 1.158180 0.000000
v -1.603471 1.158181 0.400000
v -1.603471 1.158181 -0.400000
v -1.603471 1.158180 0.800000
v -1.603471 0.758180 0.400000
v -1.603471 0.758180 0.800000
v -1.603471 1.158181 -0.800000
v -1.603471 0.758181 -0.800000
v -1.603471 0.758181 -0.400000
v -1.603471 0.758181 0.000000
v -1.603471 0.358181 -0.400000
v -1.603471 0.358181 0.000000
v -1.603471 0.358181 0.400000
v -1.603471 -0.041819 -0.000000
v -1.603471 -0.041820 0.400000
v -1.603471 0.358180 0.800000
v -1.603471 -0.041820 0.800000
v -1.603471 -0.041819 -0.400000
v -1.603471 0.358181 -0.800000
v -1.603471 -0.041819 -0.800000
v -1.603471 -0.441819 -0.800000
v -1.603471 -0.441819 -0.400000
v -1.603471 -0.441819 -0.000000
v -1.603471 -0.841819 0.400000
v -1.603471 -0.441819 0.400000
v -1.603471 -1.241819 0.400000
v -1.603471 -1.641819 0.400000
v -1.603471 -1.641819 0.800000
v -1.603471 -1.241819 0.800000
v -1.603471 -0.841819 -0.800000
v -1.603471 -1.241819 -0.800000
v -1.603471 -1.641819 -0.800000
v -1.603471 -1.641819 -0.400000
v -1.603471 -2.041819 -0.800000
v -1.603471 -2.041819 -0.400000
v -1.603471 -2.041820 -0.000000
v -1.603471 -1.641819 -0.000000
v -1.603471 -2.041819 0.400000
v -1.603471 -2.041820 0.800000
v 1.196529 2.758180 0.400000
v 1.196529 2.758181 0.800000
v -0.803471 2.758180 -0.400000
v -1.203471 2.758180 -0.400000
v -1.203471 2.758180 0.000000
v -0.803471 2.758180 0.000000
v -0.403471 2.758180 -0.400000
v -0.403471 2.758180 0.000000
v -0.003471 2.758180 -0.400000
v -0.003471 2.758180 0.000000
v 0.396529 2.758180 -0.400000
v 0.396529 2.758180 0.000000
v 0.796529 2.758180 -0.400000
v 0.796529 2.758180 0.000000
v 1.196529 2.758180 -0.400000
v 1.196529 2.758180 0.000000
v 0.796529 2.758180 0.400000
v 0.396529 2.758180 0.400000
v -0.003471 2.758180 0.400000
v -0.403471 2.758180 0.400000
v -0.803471 2.758180 0.400000
v -1.203471 2.758180 0.400000
v -0.803471 2.758180 -0.800000
v -1.203471 2.758180 -0.800000
v -0.403471 2.758180 -0.800000
v -0.003471 2.758180 -0.800000
v 0.396529 2.758180 -0.800000
v 0.796529 2.758180 -0.800000
v 1.196529 2.758180 -0.800000
v 0.796529 2.758181 0.800000
v 0.396529 2.758181 0.800000
v -0.003471 2.758181 0.800000
v -0.403471 2.758181 0.800000
v -0.803471 2.758181 0.800000
v -1.203471 2.758181 0.800000
v 1.196529 1.558180 0.800000
v 1.196529 1.158180 0.800000
v -0.003471 -1.641819 0.800000
v -0.003471 -1.241819 0.800000
v -0.403471 -1.241819 0.800000
v -0.403471 -1.641819 0.800000
v -0.803471 -1.241819 0.800000
v -0.803471 -1.641819 0.800000
v -1.203471 -1.241819 0.800000
v -1.203471 -1.641819 0.800000
v -1.203471 -2.041820 0.800000
v -0.803471 -2.041820 0.800000
v -0.403471 -2.041820 0.800000
v -0.003471 -2.041820 0.800000
v 0.796529 -2.041820 0.800000
v 0.796529 -1.641819 0.800000
v 0.396529 -1.641819 0.800000
v 0.396529 -2.041820 0.800000
v 0.396529 -1.241819 0.800000
v 0.796529 -1.241819 0.800000
v 1.196529 -2.041820 0.800000
v 1.196529 -1.641819 0.800000
v 1.196529 -1.241819 0.800000
v 1.196529 -0.841820 0.800000
v 1.196529 -0.041820 0.800000
v 1.196529 -0.441819 0.800000
v 1.196529 0.358180 0.800000
v -1.203471 -0.841820 0.800000
v -1.203471 -0.441819 0.800000
v -1.603471 -0.441819 0.800000
v -1.603471 -0.841820 0.800000
v -0.803471 -0.841820 0.800000
v -0.803471 -0.441819 0.800000
v -0.803471 -0.041820 0.800000
v -0.803471 0.358180 0.800000
v -1.203471 0.358180 0.800000
v -1.203471 -0.041820 0.800000
v -0.403471 -0.441819 0.800000
v -0.403471 -0.041820 0.800000
v -0.403471 -0.841820 0.800000
v -0.403471 0.358180 0.800000
v -0.403471 0.758180 0.800000
v -0.803471 0.758180 0.800000
v -1.203471 0.758180 0.800000
v -0.803471 1.158180 0.800000
v -1.203471 1.158180 0.800000
v -0.003471 -0.841820 0.800000
v 0.396529 -0.841820 0.800000
v 0.796529 -0.841820 0.800000
v 0.796529 -0.441819 0.800000
v 0.396529 -0.441819 0.800000
v 0.796529 -0.041820 0.800000
v 0.396529 -0.041820 0.800000
v 0.796529 0.358180 0.800000
v 0.396529 0.358180 0.800000
v -0.003471 -0.441819 0.800000
v -0.003471 -0.041820 0.800000
v -0.003471 0.358180 0.800000
v 1.196529 0.758180 0.800000
v 0.796529 0.758180 0.800000
v 0.796529 1.158180 0.800000
v 0.396529 0.758180 0.800000
v 0.396529 1.158180 0.800000
v 0.796529 1.558180 0.800000
v 0.396529 1.558180 0.800000
v 1.196529 1.958180 0.800000
v 0.796529 1.958180 0.800000
v 1.196529 2.358181 0.800000
v 0.796529 2.358181 0.800000
v -0.003471 0.758180 0.800000
v -0.003471 1.158180 0.800000
v -0.403471 1.158180 0.800000
v -0.403471 1.558180 0.800000
v -0.803471 1.558180 0.800000
v -1.203471 1.558180 0.800000
v -0.803471 1.958180 0.800000
v -1.203471 1.958180 0.800000
v -0.003471 1.558180 0.800000
v 0.396529 1.958180 0.800000
v -0.003471 1.958180 0.800000
v -0.403471 1.958180 0.800000
v -0.803471 2.358181 0.800000
v -1.203471 2.358181 0.800000
v 0.396529 2.358181 0.800000
v -0.403471 2.358181 0.800000
v -0.003471 2.358181 0.800000
v 1.196529 -2.041820 0.400000
v -1.203471 -2.041819 -0.800000
v -1.203471 -2.041820 -0.400000
v -0.803471 -2.041819 -0.800000
v -0.803471 -2.041820 -0.400000
v -0.403471 -2.041819 -0.800000
v -0.403471 -2.041820 -0.400000
v -0.003471 -2.041819 -0.800000
v -0.003471 -2.029031 -0.390788
v 0.396529 -2.041819 -0.800000
v 0.396529 -2.041820 -0.400000
v 0.796529 -2.041819 -0.800000
v 0.796529 -2.041820 -0.400000
v 1.196529 -2.041819 -0.800000
v 1.196529 -2.041820 -0.400000
v 1.196529 -2.041820 -0.000000
v 0.796529 -2.041820 -0.000000
v 0.396529 -2.041820 -0.000000
v -0.003471 -2.041820 -0.000000
v -0.403471 -2.041820 -0.000000
v -0.803471 -2.041820 -0.000000
v -1.203471 -2.041820 -0.000000
v -1.203471 -2.041820 0.400000
v -0.803471 -2.041820 0.400000
v -0.403471 -2.040590 0.398312
v -0.003471 -2.041820 0.400000
v 0.396529 -2.041820 0.400000
v 0.796529 -2.041820 0.400000
v 1.196529 2.358181 -0.800000
v -0.003471 1.558181 -0.800000
v -0.003471 1.958180 -0.800000
v 0.396529 1.958180 -0.800000
v 0.396529 1.558181 -0.800000
v -0.003471 2.358181 -0.800000
v 0.396529 2.358181 -0.800000
v 0.796529 1.958180 -0.800000
v 0.796529 2.358181 -0.800000
v 1.196529 1.958180 -0.800000
v 0.796529 1.558181 -0.800000
v 1.196529 1.558181 -0.800000
v -0.403471 2.358181 -0.800000
v -0.403471 1.958180 -0.800000
v -0.803471 2.358181 -0.800000
v -0.803471 1.958180 -0.800000
v 0.796529 1.158181 -0.800000
v 1.196529 1.158181 -0.800000
v 1.196529 0.758181 -0.800000
v 1.196529 0.358181 -0.800000
v 1.196529 -0.041819 -0.800000
v 1.196529 -0.441819 -0.800000
v 0.796529 -0.441819 -0.800000
v 0.796529 -0.041819 -0.800000
v -0.003471 1.158181 -0.800000
v 0.396529 1.158181 -0.800000
v -0.003471 0.758181 -0.800000
v 0.396529 0.758181 -0.800000
v -0.003471 0.358181 -0.800000
v 0.396529 0.358181 -0.800000
v -0.403471 1.558181 -0.800000
v -0.803471 1.558181 -0.800000
v -1.203471 1.558181 -0.800000
v -1.203471 1.958180 -0.800000
v -1.203471 1.158181 -0.800000
v -0.803471 1.158181 -0.800000
v -1.203471 0.758181 -0.800000
v -0.803471 0.758181 -0.800000
v -1.203471 0.358181 -0.800000
v -1.203471 -0.041819 -0.800000
v -1.203471 -0.441819 -0.800000
v -1.203471 2.358181 -0.800000
v 0.796529 0.758181 -0.800000
v 0.796529 0.358181 -0.800000
v 0.396529 -0.041819 -0.800000
v 0.396529 -0.441819 -0.800000
v -0.803471 0.358181 -0.800000
v -0.803471 -0.041819 -0.800000
v -0.803471 -0.441819 -0.800000
v -0.403471 -0.041819 -0.800000
v -0.403471 -0.441819 -0.800000
v -0.403471 0.358181 -0.800000
v -0.403471 0.758181 -0.800000
v -0.403471 1.158181 -0.800000
v -0.003471 -0.041819 -0.800000
v -0.003471 -0.441819 -0.800000
v 1.196529 -0.841819 -0.800000
v 0.796529 -0.841819 -0.800000
v 0.396529 -0.841819 -0.800000
v -1.203471 -0.841819 -0.800000
v -1.203471 -1.241819 -0.800000
v -0.803471 -0.841819 -0.800000
v -0.803471 -1.241819 -0.800000
v -0.403471 -0.841819 -0.800000
v -0.003471 -0.841819 -0.800000
v -0.003471 -1.241819 -0.800000
v 0.396529 -1.241819 -0.800000
v -0.003471 -1.641819 -0.800000
v 0.396529 -1.641819 -0.800000
v 1.196529 -1.641819 -0.800000
v 1.196529 -1.241819 -0.800000
v 0.796529 -1.641819 -0.800000
v 0.796529 -1.241819 -0.800000
v -0.403471 -1.241819 -0.800000
v -0.403471 -1.641819 -0.800000
v -0.803471 -1.641819 -0.800000
v -1.203471 -1.641819 -0.800000
vn 1.0000 -0.0000 -0.0000
vn -1.0000 -0.0000 -0.0000
vn -0.0000 1.0000 -0.0000
vn -0.0000 -0.0000 1.0000
vn -0.0000 -0.0000 -1.0000
vn -0.0000 -1.0000 -0.0000
vn -0.0000 -0.6756 -0.7373
vn 0.0015 0.6806 0.7326
vn -0.0000 0.6756 0.7373
vn 0.0010 0.6817 0.7316
vn -0.0000 -0.8945 0.4471
vn -0.0007 0.7334 -0.6798
vn -0.0065 0.7329 -0.6803
vn -0.0000 0.7373 -0.6756
vn -0.0000 0.4471 0.8945
vn 0.0018 0.4436 0.8962
vn 0.0017 0.4419 0.8971
vn 0.0047 0.4334 0.9012
vn 0.0044 0.4324 0.9017
vn 0.0047 0.4381 0.8989
vn 0.0044 0.4391 0.8984
vn 0.0025 0.4695 0.8829
vn 0.0023 0.4707 0.8823
vn 0.0017 0.5451 0.8384
vn 0.0014 0.5457 0.8380
vn 0.0031 0.6341 0.7732
vn 0.0024 0.6330 0.7741
vn 0.0045 0.6799 0.7333
vn 0.0035 0.6796 0.7336
vn 0.0048 0.6949 0.7191
vn 0.0036 0.6948 0.7191
vn 0.0039 0.6923 0.7216
vn 0.0028 0.6930 0.7209
vn -0.0000 -0.4471 -0.8945
vn 0.0008 -0.4385 -0.8987
vn 0.0009 -0.4378 -0.8991
vn 0.0022 -0.4228 -0.9062
vn 0.0024 -0.4222 -0.9065
vn 0.0027 -0.4225 -0.9064
vn 0.0028 -0.4226 -0.9063
vn 0.0018 -0.4553 -0.8903
vn 0.0017 -0.4560 -0.8900
vn 0.0018 -0.5638 -0.8259
vn 0.0022 -0.5636 -0.8261
vn 0.0042 -0.6656 -0.7463
vn 0.0055 -0.6647 -0.7471
vn 0.0063 -0.6949 -0.7191
vn 0.0083 -0.6945 -0.7195
vn 0.0054 -0.6952 -0.7188
vn 0.0072 -0.6962 -0.7178
vn 0.0019 -0.6828 -0.7306
vn 0.0026 -0.6842 -0.7293
vn -0.0031 -0.6892 -0.7246
vn -0.0038 -0.6864 -0.7272
vn -0.0016 -0.6825 -0.7309
vn -0.0090 -0.6994 -0.7146
vn -0.0103 -0.6974 -0.7166
vn -0.0040 -0.6948 -0.7192
vn -0.0107 -0.6916 -0.7222
vn -0.0115 -0.6927 -0.7211
vn -0.0040 -0.6946 -0.7194
vn -0.0069 -0.6612 -0.7502
vn -0.0070 -0.6632 -0.7484
vn -0.0021 -0.6659 -0.7460
vn -0.0026 -0.5631 -0.8264
vn -0.0031 -0.5635 -0.8261
vn -0.0011 -0.5643 -0.8256
vn -0.0024 -0.4592 -0.8883
vn -0.0039 -0.4576 -0.8891
vn -0.0017 -0.4554 -0.8903
vn -0.0050 -0.4260 -0.9047
vn -0.0070 -0.4249 -0.9052
vn -0.0032 -0.4231 -0.9061
vn -0.0050 -0.4192 -0.9079
vn -0.0066 -0.4207 -0.9072
vn -0.0032 -0.4228 -0.9062
vn -0.0019 -0.4324 -0.9017
vn -0.0025 -0.4347 -0.9006
vn -0.0012 -0.4381 -0.8989
vn -0.0007 0.6912 0.7227
vn -0.0002 0.6788 0.7343
vn -0.0003 0.6786 0.7345
vn -0.0008 0.6910 0.7228
vn 0.0008 0.6790 0.7341
vn 0.0021 0.6912 0.7227
vn -0.0012 0.6953 0.7187
vn -0.0012 0.6952 0.7188
vn 0.0025 0.6950 0.7190
vn -0.0016 0.6805 0.7328
vn -0.0014 0.6805 0.7328
vn 0.0022 0.6803 0.7329
vn -0.0014 0.6356 0.7720
vn -0.0012 0.6360 0.7717
vn 0.0014 0.6359 0.7718
vn -0.0010 0.5456 0.8381
vn -0.0008 0.5449 0.8385
vn 0.0006 0.5444 0.8388
vn -0.0015 0.4687 0.8834
vn -0.0012 0.4680 0.8837
vn 0.0009 0.4679 0.8838
vn -0.0025 0.4366 0.8997
vn -0.0019 0.4364 0.8998
vn 0.0018 0.4366 0.8996
vn -0.0023 0.4343 0.9008
vn -0.0017 0.4347 0.9006
vn 0.0020 0.4348 0.9005
vn -0.0009 0.4455 0.8953
vn -0.0006 0.4461 0.8950
vn 0.0008 0.4459 0.8951
vn -0.0025 0.7356 -0.6774
vn -0.0000 0.7338 -0.6793
vn -0.0007 0.7412 -0.6712
vn -0.0000 0.7408 -0.6718
vn -0.0014 0.7373 -0.6756
vn -0.0000 0.7374 -0.6755
vn -0.0026 0.7390 -0.6737
vn -0.0051 0.7373 -0.6756
vn -0.0066 0.7417 -0.6707
vn -0.0131 0.7374 -0.6754
vn -0.0000 0.5310 -0.8474
vn -0.0000 -0.5310 0.8474
vn -0.0000 -0.5310 0.8473
vn 0.0001 -0.5310 0.8473
vn 0.0001 -0.5310 0.8474
vn -0.0000 -0.7401 -0.6725
vn -0.0000 0.8474 0.5310
vn -0.0000 -0.6725 0.7401
vn 0.0012 -0.6787 0.7344
vn 0.0011 -0.6795 0.7337
vn 0.0030 -0.6836 0.7298
vn 0.0030 -0.6841 0.7294
vn 0.0031 -0.6779 0.7352
vn 0.0030 -0.6774 0.7356
vn 0.0018 -0.6568 0.7541
vn 0.0017 -0.6562 0.7546
vn 0.0011 -0.6042 0.7969
vn 0.0011 -0.6042 0.7968
vn 0.0018 -0.5487 0.8360
vn 0.0018 -0.5494 0.8356
vn 0.0032 -0.5248 0.8512
vn 0.0031 -0.5254 0.8508
vn 0.0032 -0.5183 0.8552
vn 0.0031 -0.5177 0.8556
vn 0.0012 -0.5240 0.8517
vn 0.0012 -0.5230 0.8523
vn -0.0000 0.6725 -0.7401
vn 0.0012 0.6796 -0.7336
vn 0.0012 0.6805 -0.7327
vn 0.0032 0.6862 -0.7274
vn 0.0032 0.6868 -0.7268
vn 0.0035 0.6826 -0.7308
vn 0.0034 0.6822 -0.7312
vn 0.0021 0.6637 -0.7480
vn 0.0020 0.6631 -0.7485
vn 0.0013 0.6046 -0.7966
vn 0.0012 0.6046 -0.7966
vn 0.0022 0.5418 -0.8405
vn 0.0021 0.5425 -0.8401
vn 0.0037 0.5374 -0.8433
vn -0.0163 0.5379 -0.8429
vn 0.0034 0.5153 -0.8570
vn -0.0360 0.5134 -0.8574
vn 0.0013 0.5048 -0.8632
vn -0.0182 0.5036 -0.8638
vn -0.0012 0.5207 -0.8537
vn -0.0012 0.5218 -0.8531
vn 0.0098 0.5144 -0.8575
vn -0.0031 0.5138 -0.8579
vn -0.0033 0.5145 -0.8575
vn 0.0197 0.5152 -0.8568
vn -0.0034 0.5206 -0.8538
vn -0.0035 0.5201 -0.8541
vn 0.0099 0.5283 -0.8490
vn -0.0020 0.5424 -0.8401
vn -0.0021 0.5417 -0.8406
vn -0.0000 0.5411 -0.8410
vn -0.0012 0.6044 -0.7967
vn -0.0013 0.6045 -0.7966
vn -0.0000 0.6045 -0.7966
vn -0.0021 0.6629 -0.7487
vn -0.0022 0.6636 -0.7481
vn -0.0001 0.6642 -0.7475
vn -0.0036 0.6820 -0.7313
vn -0.0038 0.6824 -0.7309
vn -0.0002 0.6829 -0.7305
vn -0.0034 0.6870 -0.7266
vn -0.0035 0.6864 -0.7273
vn -0.0002 0.6857 -0.7279
vn -0.0013 0.6808 -0.7325
vn -0.0013 0.6798 -0.7334
vn -0.0001 0.6788 -0.7343
vn -0.0012 -0.5232 0.8522
vn -0.0012 -0.5242 0.8516
vn -0.0000 -0.5251 0.8510
vn -0.0031 -0.5177 0.8556
vn -0.0031 -0.5183 0.8552
vn 0.0001 -0.5189 0.8548
vn -0.0032 -0.5253 0.8509
vn -0.0032 -0.5247 0.8513
vn 0.0001 -0.5242 0.8516
vn -0.0018 -0.5494 0.8356
vn -0.0018 -0.5487 0.8360
vn -0.0000 -0.5480 0.8365
vn -0.0011 -0.6043 0.7968
vn -0.0011 -0.6042 0.7968
vn -0.0000 -0.6042 0.7968
vn -0.0017 -0.6563 0.7545
vn -0.0017 -0.6569 0.7540
vn 0.0001 -0.6575 0.7535
vn -0.0029 -0.6775 0.7355
vn -0.0029 -0.6780 0.7351
vn 0.0001 -0.6784 0.7347
vn -0.0028 -0.6840 0.7295
vn -0.0028 -0.6835 0.7299
vn 0.0002 -0.6831 0.7304
vn -0.0011 -0.6793 0.7339
vn -0.0011 -0.6785 0.7346
vn 0.0001 -0.6778 0.7353
vn 0.0221 0.8587 0.5121
vn 0.0110 0.8531 0.5216
vn -0.0008 0.8470 0.5317
vn -0.0000 0.8465 0.5323
vn -0.0008 0.8474 0.5310
vn -0.0000 0.8478 0.5303
vn -0.0004 0.8476 0.5307
vn 0.0017 0.8465 0.5324
vn 0.0126 0.8414 0.5403
vn 0.0229 0.8476 0.5302
vn 0.0034 0.8456 0.5339
vn 0.0255 0.8350 0.5496
vn 0.0457 0.8473 0.5292
vn 0.0016 0.8465 0.5323
vn 0.0016 0.8474 0.5310
vn 0.0008 0.8478 0.5303
vn -0.0000 -0.5869 -0.8097
vn -0.0000 0.5869 0.8097
vn -0.0000 0.3513 0.9363
vn -0.0000 0.8097 -0.5869
vn -0.0000 0.9363 -0.3513
vn -0.0135 0.9235 -0.3834
vn -0.0152 0.9182 -0.3958
vn -0.0383 0.8815 -0.4707
vn -0.0424 0.8755 -0.4814
vn -0.0556 0.8451 -0.5317
vn -0.0566 0.8410 -0.5381
vn -0.0825 0.7823 -0.6174
vn -0.0600 0.7594 -0.6478
vn -0.0510 0.9303 0.3633
vn -0.0470 0.9583 0.2819
vn 0.0350 0.1297 0.9909
vn 0.0059 0.2353 0.9719
vn -0.0137 0.3895 0.9209
vn -0.0154 0.3969 0.9177
vn -0.0169 0.4498 0.8930
vn -0.0159 0.4463 0.8948
vn -0.0065 0.5308 0.8475
vn -0.0060 0.5254 0.8508
vn -0.0000 -0.9363 0.3513
vn -0.0020 -0.9323 0.3616
vn -0.0013 -0.9316 0.3634
vn -0.0049 -0.9229 0.3849
vn -0.0032 -0.9225 0.3861
vn -0.0050 -0.9326 0.3608
vn -0.0033 -0.9331 0.3596
vn -0.0034 -0.9671 0.2545
vn -0.0023 -0.9676 0.2525
vn -0.0048 -0.9999 0.0109
vn -0.0038 -0.9999 0.0103
vn -0.0001 -0.9238 -0.3829
vn 0.0006 -0.9295 -0.3688
vn 0.0030 -0.7422 -0.6702
vn 0.0034 -0.7497 -0.6618
vn -0.0040 -0.6230 -0.7822
vn -0.0043 -0.6273 -0.7787
vn -0.0065 -0.5777 -0.8162
vn -0.0071 -0.5773 -0.8165
vn -0.0028 -0.5805 -0.8143
vn -0.0030 -0.5783 -0.8158
vn 0.0027 -0.5796 -0.8149
vn 0.0023 -0.5814 -0.8136
vn -0.0004 -0.5830 -0.8125
vn 0.0062 -0.5775 -0.8164
vn 0.0053 -0.5780 -0.8160
vn -0.0008 -0.5786 -0.8156
vn 0.0037 -0.6254 -0.7803
vn 0.0031 -0.6216 -0.7833
vn -0.0005 -0.6187 -0.7857
vn -0.0036 -0.7480 -0.6637
vn -0.0030 -0.7409 -0.6716
vn 0.0001 -0.7358 -0.6772
vn -0.0008 -0.9292 -0.3697
vn -0.0002 -0.9234 -0.3839
vn -0.0002 -0.9199 -0.3922
vn 0.0035 -0.9999 0.0118
vn 0.0041 -0.9999 0.0122
vn -0.0006 -0.9999 0.0167
vn 0.0018 -0.9671 0.2542
vn 0.0025 -0.9667 0.2558
vn -0.0006 -0.9661 0.2582
vn 0.0023 -0.9325 0.3612
vn 0.0034 -0.9322 0.3619
vn -0.0011 -0.9319 0.3628
vn 0.0021 -0.9230 0.3849
vn 0.0032 -0.9233 0.3841
vn -0.0011 -0.9236 0.3833
vn 0.0008 -0.9325 0.3613
vn 0.0013 -0.9329 0.3601
vn -0.0005 -0.9332 0.3594
vn 0.0073 0.5194 0.8545
vn 0.0086 0.5265 0.8501
vn 0.0015 0.5349 0.8449
vn 0.0190 0.4422 0.8967
vn 0.0225 0.4468 0.8944
vn 0.0040 0.4526 0.8917
vn 0.0181 0.3994 0.9166
vn 0.0197 0.3910 0.9202
vn 0.0046 0.3825 0.9240
vn -0.0049 0.2468 0.9690
vn -0.0311 0.1378 0.9900
vn 0.0035 0.0188 0.9998
vn 0.0466 0.9584 0.2818
vn 0.0549 0.9302 0.3628
vn 0.0063 0.7824 0.6227
vn 0.0618 0.7673 -0.6383
vn 0.0859 0.7873 -0.6106
vn 0.0025 0.8089 -0.5880
vn 0.0602 0.8426 -0.5351
vn 0.0618 0.8461 -0.5295
vn 0.0044 0.8508 -0.5255
vn 0.0462 0.8731 -0.4854
vn 0.0442 0.8796 -0.4736
vn 0.0040 0.8875 -0.4609
vn 0.0166 0.9152 -0.4026
vn 0.0158 0.9214 -0.3883
vn 0.0015 0.9280 -0.3725
vn -0.0000 0.8741 -0.4858
vn -0.0079 -0.8821 0.4709
vn -0.0000 -0.8741 0.4858
vn -0.0067 -0.8858 0.4639
vn -0.0000 -0.9690 -0.2470
vn -0.0000 0.4858 0.8741
vn -0.0000 -0.2470 0.9690
vn -0.0061 -0.2309 0.9730
vn -0.0052 -0.2249 0.9744
vn -0.0168 -0.1735 0.9847
vn -0.0141 -0.1692 0.9855
vn -0.0203 -0.1535 0.9879
vn -0.0170 -0.1544 0.9879
vn -0.0178 -0.1986 0.9799
vn -0.0147 -0.2002 0.9796
vn -0.0123 -0.5898 0.8074
vn -0.0100 -0.5703 0.8213
vn -0.0170 -0.9057 0.4236
vn -0.0141 -0.8953 0.4453
vn -0.0271 -0.9337 0.3571
vn -0.0226 -0.9338 0.3571
vn -0.0270 -0.9319 0.3617
vn -0.0229 -0.9319 0.3620
vn -0.0216 -0.9150 0.4029
vn -0.0184 -0.9174 0.3975
vn -0.0000 0.2470 -0.9690
vn -0.0011 0.2267 -0.9740
vn -0.0011 0.2257 -0.9742
vn -0.0028 0.2364 -0.9717
vn -0.0029 0.2363 -0.9717
vn -0.0017 0.3271 -0.9450
vn -0.0018 0.3301 -0.9440
vn -0.0025 0.5393 -0.8421
vn -0.0031 0.5424 -0.8401
vn -0.0050 0.7657 -0.6432
vn -0.0060 0.7630 -0.6464
vn -0.0055 0.8627 -0.5057
vn -0.0066 0.8618 -0.5071
vn -0.0044 0.8944 -0.4473
vn -0.0053 0.8948 -0.4464
vn -0.0014 0.8906 -0.4548
vn -0.0016 0.8912 -0.4537
vn 0.0126 0.8947 -0.4466
vn 0.0050 0.8783 -0.4781
vn 0.0035 0.8766 -0.4812
vn 0.0101 0.8929 -0.4502
vn 0.0009 0.8745 -0.4850
vn 0.0032 0.8906 -0.4547
vn 0.0134 0.8935 -0.4489
vn 0.0135 0.8937 -0.4484
vn 0.0050 0.8940 -0.4480
vn 0.0100 0.8586 -0.5125
vn 0.0117 0.8604 -0.5095
vn 0.0046 0.8628 -0.5055
vn 0.0074 0.7587 -0.6514
vn 0.0089 0.7621 -0.6474
vn 0.0032 0.7673 -0.6413
vn 0.0038 0.5449 -0.8385
vn 0.0045 0.5420 -0.8404
vn 0.0016 0.5370 -0.8436
vn 0.0035 0.3375 -0.9413
vn 0.0041 0.3325 -0.9431
vn 0.0016 0.3257 -0.9455
vn 0.0085 0.2393 -0.9709
vn 0.0081 0.2378 -0.9713
vn 0.0024 0.2363 -0.9717
vn 0.0093 0.2211 -0.9752
vn 0.0064 0.2238 -0.9746
vn 0.0012 0.2268 -0.9739
vn 0.0038 0.2425 -0.9701
vn 0.0021 0.2446 -0.9696
vn 0.0002 0.2468 -0.9691
vn 0.0072 -0.9122 0.4098
vn 0.0024 -0.8762 0.4819
vn 0.0017 -0.8754 0.4834
vn 0.0052 -0.9114 0.4115
vn -0.0040 -0.8765 0.4814
vn -0.0108 -0.9117 0.4107
vn 0.0113 -0.9342 0.3566
vn 0.0087 -0.9336 0.3583
vn -0.0125 -0.9326 0.3607
vn 0.0150 -0.9359 0.3519
vn 0.0122 -0.9352 0.3538
vn -0.0111 -0.9343 0.3564
vn 0.0108 -0.9129 0.4080
vn 0.0088 -0.9189 0.3944
vn -0.0064 -0.9205 0.3907
vn 0.0078 -0.5928 0.8053
vn 0.0064 -0.6098 0.7925
vn -0.0047 -0.6197 0.7848
vn 0.0094 -0.1930 0.9812
vn 0.0076 -0.1936 0.9810
vn -0.0075 -0.1956 0.9807
vn 0.0079 -0.1479 0.9890
vn 0.0061 -0.1492 0.9888
vn -0.0097 -0.1516 0.9884
vn 0.0050 -0.1792 0.9838
vn 0.0036 -0.1805 0.9836
vn -0.0087 -0.1797 0.9837
vn 0.0016 -0.2411 0.9705
vn 0.0011 -0.2421 0.9702
vn -0.0032 -0.2401 0.9707
vn 0.0079 -0.9999 0.0079
vn 0.0080 -1.0000 -0.0000
vn -0.0000 -0.9999 0.0158
vn -0.0000 -1.0000 -0.0004
vn -0.0079 -0.9999 0.0079
vn -0.0080 -1.0000 -0.0000
vn -0.0040 -1.0000 -0.0040
vn -0.0004 -1.0000 -0.0077
vn 0.0040 -1.0000 -0.0033
vn 0.0004 -1.0000 0.0004
vn 0.0008 -1.0000 -0.0000
vn -0.0008 -1.0000 -0.0000
vn -0.0008 -1.0000 -0.0008
vn -0.0000 -1.0000 -0.0015
vn 0.0008 -1.0000 -0.0008
vt 0.312907 0.370000
vt 0.312907 0.390000
vt 0.292719 0.390000
vt 0.292719 0.370000
vt 0.353282 0.370000
vt 0.353282 0.390000
vt 0.333094 0.390000
vt 0.333094 0.370000
vt 0.312907 0.350000
vt 0.292719 0.350000
vt 0.333094 0.350000
vt 0.353282 0.350000
vt 0.353282 0.330000
vt 0.333094 0.330000
vt 0.312907 0.330000
vt 0.292719 0.330000
vt 0.272532 0.390000
vt 0.272532 0.370000
vt 0.272532 0.350000
vt 0.272532 0.330000
vt 0.333094 0.310000
vt 0.312907 0.310000
vt 0.292719 0.310000
vt 0.353282 0.310000
vt 0.333094 0.410000
vt 0.312907 0.410000
vt 0.353282 0.410000
vt 0.353282 0.430000
vt 0.333094 0.430000
vt 0.312907 0.430000
vt 0.353282 0.290000
vt 0.333094 0.290000
vt 0.312907 0.290000
vt 0.292719 0.290000
vt 0.272532 0.310000
vt 0.353282 0.270000
vt 0.333094 0.270000
vt 0.312907 0.270000
vt 0.292719 0.270000
vt 0.272532 0.290000
vt 0.272532 0.270000
vt 0.292719 0.410000
vt 0.272532 0.410000
vt 0.292719 0.430000
vt 0.272532 0.430000
vt 0.252344 0.390000
vt 0.252344 0.370000
vt 0.252344 0.410000
vt 0.252344 0.430000
vt 0.252344 0.310000
vt 0.252344 0.290000
vt 0.232157 0.310000
vt 0.232157 0.290000
vt 0.252344 0.270000
vt 0.232157 0.270000
vt 0.211969 0.290000
vt 0.211969 0.270000
vt 0.211969 0.310000
vt 0.252344 0.330000
vt 0.232157 0.330000
vt 0.211969 0.330000
vt 0.252344 0.350000
vt 0.232157 0.350000
vt 0.211969 0.350000
vt 0.191782 0.290000
vt 0.191782 0.270000
vt 0.191782 0.310000
vt 0.191782 0.330000
vt 0.232157 0.370000
vt 0.232157 0.390000
vt 0.211969 0.390000
vt 0.211969 0.370000
vt 0.191782 0.350000
vt 0.191782 0.370000
vt 0.191782 0.390000
vt 0.232157 0.410000
vt 0.211969 0.410000
vt 0.191782 0.410000
vt 0.232157 0.430000
vt 0.211969 0.430000
vt 0.191782 0.430000
vt 0.434032 0.310000
vt 0.434032 0.330000
vt 0.413844 0.330000
vt 0.413844 0.310000
vt 0.434032 0.270000
vt 0.434032 0.290000
vt 0.413844 0.290000
vt 0.413844 0.270000
vt 0.454219 0.310000
vt 0.454219 0.330000
vt 0.454219 0.290000
vt 0.454219 0.270000
vt 0.474407 0.270000
vt 0.474407 0.290000
vt 0.474407 0.310000
vt 0.474407 0.330000
vt 0.434032 0.350000
vt 0.413844 0.350000
vt 0.454219 0.350000
vt 0.474407 0.350000
vt 0.494594 0.290000
vt 0.494594 0.310000
vt 0.494594 0.330000
vt 0.494594 0.270000
vt 0.393657 0.310000
vt 0.393657 0.290000
vt 0.393657 0.270000
vt 0.373469 0.290000
vt 0.373469 0.270000
vt 0.373469 0.310000
vt 0.514782 0.270000
vt 0.514782 0.290000
vt 0.514782 0.310000
vt 0.514782 0.330000
vt 0.494594 0.350000
vt 0.534969 0.270000
vt 0.534969 0.290000
vt 0.534969 0.310000
vt 0.534969 0.330000
vt 0.534969 0.350000
vt 0.514782 0.350000
vt 0.393657 0.350000
vt 0.393657 0.330000
vt 0.373469 0.330000
vt 0.373469 0.350000
vt 0.434032 0.370000
vt 0.413844 0.370000
vt 0.393657 0.370000
vt 0.373469 0.370000
vt 0.514782 0.370000
vt 0.494594 0.370000
vt 0.514782 0.390000
vt 0.494594 0.390000
vt 0.534969 0.370000
vt 0.534969 0.390000
vt 0.534969 0.410000
vt 0.514782 0.410000
vt 0.494594 0.410000
vt 0.474407 0.390000
vt 0.474407 0.370000
vt 0.474407 0.410000
vt 0.454219 0.390000
vt 0.454219 0.370000
vt 0.454219 0.410000
vt 0.534969 0.430000
vt 0.514782 0.430000
vt 0.494594 0.430000
vt 0.474407 0.430000
vt 0.434032 0.390000
vt 0.413844 0.390000
vt 0.434032 0.410000
vt 0.413844 0.410000
vt 0.454219 0.430000
vt 0.434032 0.430000
vt 0.413844 0.430000
vt 0.393657 0.390000
vt 0.393657 0.410000
vt 0.393657 0.430000
vt 0.373469 0.390000
vt 0.373469 0.410000
vt 0.373469 0.430000
vt 0.050469 0.570000
vt 0.050469 0.590000
vt 0.030281 0.590000
vt 0.030281 0.570000
vt 0.131219 0.590000
vt 0.131219 0.610000
vt 0.111031 0.610000
vt 0.111031 0.590000
vt 0.151406 0.590000
vt 0.151406 0.610000
vt 0.171594 0.590000
vt 0.171594 0.610000
vt 0.171594 0.570000
vt 0.151406 0.570000
vt 0.131219 0.570000
vt 0.171594 0.550000
vt 0.151406 0.550000
vt 0.090844 0.610000
vt 0.090844 0.590000
vt 0.131219 0.530000
vt 0.131219 0.550000
vt 0.111031 0.550000
vt 0.111031 0.530000
vt 0.090844 0.550000
vt 0.090844 0.530000
vt 0.111031 0.570000
vt 0.090844 0.570000
vt 0.070656 0.570000
vt 0.070656 0.550000
vt 0.090844 0.510000
vt 0.070656 0.530000
vt 0.070656 0.510000
vt 0.050469 0.550000
vt 0.050469 0.530000
vt 0.070656 0.590000
vt 0.070656 0.610000
vt 0.050469 0.610000
vt 0.030281 0.610000
vt 0.151406 0.530000
vt 0.171594 0.530000
vt 0.171594 0.510000
vt 0.151406 0.510000
vt 0.131219 0.510000
vt 0.111031 0.510000
vt 0.111031 0.490000
vt 0.090844 0.490000
vt 0.534969 0.150000
vt 0.534969 0.170000
vt 0.514782 0.170000
vt 0.514782 0.150000
vt 0.030281 0.450000
vt 0.030281 0.470000
vt 0.010094 0.470000
vt 0.010094 0.450000
vt 0.050469 0.450000
vt 0.050469 0.470000
vt 0.070656 0.450000
vt 0.070656 0.470000
vt 0.090844 0.450000
vt 0.090844 0.470000
vt 0.111031 0.450000
vt 0.111031 0.470000
vt 0.171594 0.450000
vt 0.171594 0.470000
vt 0.151406 0.470000
vt 0.151406 0.450000
vt 0.171594 0.490000
vt 0.151406 0.490000
vt 0.131219 0.490000
vt 0.131219 0.470000
vt 0.131219 0.450000
vt 0.494594 0.170000
vt 0.494594 0.150000
vt 0.030281 0.490000
vt 0.010094 0.490000
vt 0.030281 0.550000
vt 0.030281 0.530000
vt 0.050469 0.510000
vt 0.070656 0.490000
vt 0.050469 0.490000
vt 0.030281 0.510000
vt 0.474407 0.170000
vt 0.474407 0.150000
vt 0.010094 0.510000
vt 0.454219 0.170000
vt 0.454219 0.150000
vt 0.010094 0.530000
vt 0.434032 0.170000
vt 0.434032 0.150000
vt 0.010094 0.550000
vt 0.413844 0.170000
vt 0.413844 0.150000
vt 0.010094 0.570000
vt 0.393657 0.170000
vt 0.393657 0.150000
vt 0.010094 0.590000
vt 0.373469 0.170000
vt 0.373469 0.150000
vt 0.010094 0.610000
vt 0.434032 0.110000
vt 0.434032 0.130000
vt 0.413844 0.130000
vt 0.413844 0.110000
vt 0.514782 0.130000
vt 0.494594 0.130000
vt 0.474407 0.130000
vt 0.454219 0.130000
vt 0.393657 0.130000
vt 0.373469 0.130000
vt 0.393657 0.110000
vt 0.373469 0.110000
vt 0.534969 0.130000
vt 0.534969 0.110000
vt 0.514782 0.110000
vt 0.454219 0.110000
vt 0.474407 0.110000
vt 0.494594 0.110000
vt 0.534969 0.090000
vt 0.514782 0.090000
vt 0.494594 0.090000
vt 0.474407 0.090000
vt 0.454219 0.090000
vt 0.434032 0.090000
vt 0.413844 0.090000
vt 0.393657 0.090000
vt 0.373469 0.090000
vt 0.393657 0.070000
vt 0.373469 0.070000
vt 0.534969 0.070000
vt 0.514782 0.070000
vt 0.494594 0.070000
vt 0.413844 0.070000
vt 0.434032 0.070000
vt 0.474407 0.070000
vt 0.454219 0.070000
vt 0.534969 0.050000
vt 0.514782 0.050000
vt 0.494594 0.050000
vt 0.474407 0.050000
vt 0.454219 0.050000
vt 0.434032 0.050000
vt 0.413844 0.050000
vt 0.393657 0.050000
vt 0.373469 0.050000
vt 0.534969 0.030000
vt 0.514782 0.030000
vt 0.494594 0.030000
vt 0.474407 0.030000
vt 0.454219 0.030000
vt 0.434032 0.030000
vt 0.413844 0.030000
vt 0.393657 0.030000
vt 0.373469 0.030000
vt 0.534969 0.010000
vt 0.514782 0.010000
vt 0.494594 0.010000
vt 0.474407 0.010000
vt 0.454219 0.010000
vt 0.434032 0.010000
vt 0.413844 0.010000
vt 0.393657 0.010000
vt 0.373469 0.010000
vt 0.171594 0.290000
vt 0.151406 0.290000
vt 0.151406 0.270000
vt 0.171594 0.270000
vt 0.090844 0.290000
vt 0.070656 0.290000
vt 0.070656 0.270000
vt 0.090844 0.270000
vt 0.111031 0.290000
vt 0.111031 0.270000
vt 0.131219 0.290000
vt 0.131219 0.270000
vt 0.131219 0.310000
vt 0.111031 0.310000
vt 0.151406 0.310000
vt 0.090844 0.350000
vt 0.070656 0.350000
vt 0.070656 0.330000
vt 0.090844 0.330000
vt 0.050469 0.350000
vt 0.050469 0.330000
vt 0.070656 0.310000
vt 0.090844 0.310000
vt 0.111031 0.330000
vt 0.131219 0.330000
vt 0.131219 0.350000
vt 0.111031 0.350000
vt 0.111031 0.370000
vt 0.090844 0.370000
vt 0.151406 0.330000
vt 0.050469 0.310000
vt 0.050469 0.290000
vt 0.030281 0.350000
vt 0.030281 0.330000
vt 0.030281 0.310000
vt 0.050469 0.270000
vt 0.030281 0.290000
vt 0.030281 0.270000
vt 0.010094 0.290000
vt 0.010094 0.270000
vt 0.010094 0.310000
vt 0.010094 0.330000
vt 0.010094 0.350000
vt 0.030281 0.370000
vt 0.010094 0.370000
vt 0.050469 0.370000
vt 0.070656 0.370000
vt 0.090844 0.390000
vt 0.070656 0.390000
vt 0.030281 0.430000
vt 0.010094 0.430000
vt 0.010094 0.410000
vt 0.030281 0.410000
vt 0.050469 0.390000
vt 0.030281 0.390000
vt 0.010094 0.390000
vt 0.050469 0.410000
vt 0.070656 0.410000
vt 0.050469 0.430000
vt 0.070656 0.430000
vt 0.151406 0.350000
vt 0.151406 0.370000
vt 0.131219 0.370000
vt 0.151406 0.430000
vt 0.131219 0.430000
vt 0.131219 0.410000
vt 0.151406 0.410000
vt 0.111031 0.430000
vt 0.111031 0.410000
vt 0.090844 0.430000
vt 0.090844 0.410000
vt 0.111031 0.390000
vt 0.131219 0.390000
vt 0.151406 0.390000
vt 0.171594 0.310000
vt 0.171594 0.330000
vt 0.171594 0.350000
vt 0.171594 0.370000
vt 0.171594 0.390000
vt 0.171594 0.410000
vt 0.171594 0.430000
vt 0.333094 0.610000
vt 0.333094 0.590000
vt 0.353282 0.590000
vt 0.353282 0.610000
vt 0.232157 0.530000
vt 0.232157 0.510000
vt 0.252344 0.510000
vt 0.252344 0.530000
vt 0.232157 0.490000
vt 0.252344 0.490000
vt 0.272532 0.490000
vt 0.272532 0.510000
vt 0.272532 0.530000
vt 0.292719 0.510000
vt 0.292719 0.530000
vt 0.292719 0.490000
vt 0.312907 0.490000
vt 0.312907 0.510000
vt 0.312907 0.530000
vt 0.292719 0.570000
vt 0.292719 0.550000
vt 0.312907 0.550000
vt 0.312907 0.570000
vt 0.272532 0.550000
vt 0.272532 0.570000
vt 0.252344 0.570000
vt 0.252344 0.550000
vt 0.232157 0.550000
vt 0.232157 0.570000
vt 0.232157 0.470000
vt 0.252344 0.470000
vt 0.312907 0.470000
vt 0.333094 0.470000
vt 0.333094 0.490000
vt 0.333094 0.510000
vt 0.333094 0.530000
vt 0.333094 0.550000
vt 0.333094 0.570000
vt 0.292719 0.470000
vt 0.272532 0.470000
vt 0.211969 0.490000
vt 0.211969 0.470000
vt 0.211969 0.510000
vt 0.211969 0.530000
vt 0.211969 0.550000
vt 0.211969 0.570000
vt 0.312907 0.590000
vt 0.292719 0.590000
vt 0.272532 0.590000
vt 0.252344 0.590000
vt 0.232157 0.590000
vt 0.211969 0.590000
vt 0.353282 0.570000
vt 0.353282 0.550000
vt 0.353282 0.530000
vt 0.353282 0.510000
vt 0.353282 0.490000
vt 0.353282 0.470000
vt 0.333094 0.450000
vt 0.353282 0.450000
vt 0.312907 0.450000
vt 0.292719 0.450000
vt 0.272532 0.450000
vt 0.252344 0.450000
vt 0.232157 0.450000
vt 0.211969 0.450000
vt 0.191781 0.470000
vt 0.191782 0.450000
vt 0.191781 0.490000
vt 0.191781 0.510000
vt 0.191781 0.530000
vt 0.191781 0.550000
vt 0.191781 0.570000
vt 0.191781 0.590000
vt 0.191781 0.610000
vt 0.211969 0.610000
vt 0.232157 0.610000
vt 0.252344 0.610000
vt 0.272532 0.610000
vt 0.292719 0.610000
vt 0.312907 0.610000
vt 0.676282 0.230000
vt 0.676282 0.250000
vt 0.656095 0.250000
vt 0.656095 0.230000
vt 0.434032 0.780711
vt 0.434032 0.766569
vt 0.454219 0.766569
vt 0.454219 0.780711
vt 0.393657 0.670000
vt 0.393657 0.690000
vt 0.373469 0.690000
vt 0.373469 0.670000
vt 0.955444 0.070000
vt 0.969719 0.070000
vt 0.969719 0.090000
vt 0.955444 0.090000
vt 0.184854 0.870000
vt 0.184854 0.890000
vt 0.170580 0.890000
vt 0.170580 0.870000
vt 0.393657 0.724142
vt 0.373469 0.724142
vt 0.373469 0.710000
vt 0.393657 0.710000
vt 0.170580 0.830000
vt 0.156305 0.830000
vt 0.156305 0.810000
vt 0.170580 0.810000
vt 0.857970 0.430000
vt 0.872245 0.430000
vt 0.872245 0.450000
vt 0.857970 0.450000
vt 0.886519 0.430000
vt 0.886519 0.450000
vt 0.935256 0.030000
vt 0.920982 0.030000
vt 0.920982 0.010000
vt 0.935256 0.010000
vt 0.906707 0.030000
vt 0.906707 0.010000
vt 0.474407 0.810000
vt 0.488682 0.810000
vt 0.488682 0.830000
vt 0.474407 0.830000
vt 0.502956 0.810000
vt 0.502956 0.830000
vt 0.517231 0.810000
vt 0.517231 0.830000
vt 0.772742 0.850000
vt 0.787016 0.850000
vt 0.787016 0.870000
vt 0.772742 0.870000
vt 0.801291 0.850000
vt 0.801291 0.870000
vt 0.815566 0.850000
vt 0.815566 0.870000
vt 0.393657 0.450000
vt 0.393657 0.470000
vt 0.373469 0.470000
vt 0.373469 0.450000
vt 0.393657 0.490000
vt 0.373469 0.490000
vt 0.393657 0.510000
vt 0.373469 0.510000
vt 0.393657 0.530000
vt 0.373469 0.530000
vt 0.393657 0.550000
vt 0.373469 0.550000
vt 0.393657 0.570000
vt 0.373469 0.570000
vt 0.393657 0.590000
vt 0.373469 0.590000
vt 0.393657 0.610000
vt 0.373469 0.610000
vt 0.393657 0.630000
vt 0.373469 0.630000
vt 0.393657 0.650000
vt 0.373469 0.650000
vt 0.941169 0.430000
vt 0.955444 0.430000
vt 0.955444 0.450000
vt 0.941169 0.450000
vt 0.975631 0.730000
vt 0.989906 0.730000
vt 0.989906 0.750000
vt 0.975631 0.750000
vt 0.312907 0.790000
vt 0.327181 0.790000
vt 0.327181 0.810000
vt 0.312907 0.810000
vt 0.341456 0.790000
vt 0.341456 0.810000
vt 0.967690 0.850000
vt 0.981964 0.850000
vt 0.981964 0.870000
vt 0.967690 0.870000
vt 0.707281 0.910000
vt 0.693006 0.910000
vt 0.693006 0.890000
vt 0.707281 0.890000
vt 0.989906 0.490000
vt 0.975631 0.490000
vt 0.975631 0.470000
vt 0.989906 0.470000
vt 0.523144 0.870000
vt 0.508869 0.870000
vt 0.508869 0.850000
vt 0.523144 0.850000
vt 0.434032 0.823137
vt 0.434032 0.808995
vt 0.454219 0.808995
vt 0.454219 0.823137
vt 0.434032 0.794853
vt 0.454219 0.794853
vt 0.676282 0.010000
vt 0.676282 0.030000
vt 0.656095 0.030000
vt 0.656095 0.010000
vt 0.676282 0.050000
vt 0.656095 0.050000
vt 0.676282 0.070000
vt 0.656095 0.070000
vt 0.676282 0.090000
vt 0.656095 0.090000
vt 0.676282 0.110000
vt 0.656095 0.110000
vt 0.676282 0.130000
vt 0.656095 0.130000
vt 0.676282 0.150000
vt 0.656095 0.150000
vt 0.676282 0.170000
vt 0.656095 0.170000
vt 0.676282 0.190000
vt 0.656095 0.190000
vt 0.676282 0.210000
vt 0.656095 0.210000
vt 0.373469 0.794853
vt 0.373469 0.780711
vt 0.393657 0.780711
vt 0.393657 0.794853
vt 0.413844 0.780711
vt 0.413844 0.794853
vt 0.373469 0.808995
vt 0.393657 0.808995
vt 0.413844 0.808995
vt 0.373469 0.823137
vt 0.393657 0.823137
vt 0.413844 0.823137
vt 0.523144 0.930000
vt 0.508869 0.930000
vt 0.508869 0.910000
vt 0.523144 0.910000
vt 0.508869 0.890000
vt 0.523144 0.890000
vt 0.989906 0.550000
vt 0.975631 0.550000
vt 0.975631 0.530000
vt 0.989906 0.530000
vt 0.975631 0.510000
vt 0.989906 0.510000
vt 0.707281 0.970000
vt 0.693006 0.970000
vt 0.693006 0.950000
vt 0.707281 0.950000
vt 0.693006 0.930000
vt 0.707281 0.930000
vt 0.967690 0.790000
vt 0.981964 0.790000
vt 0.981964 0.810000
vt 0.967690 0.810000
vt 0.981964 0.830000
vt 0.967690 0.830000
vt 0.327181 0.730000
vt 0.341456 0.730000
vt 0.341456 0.750000
vt 0.327181 0.750000
vt 0.341456 0.770000
vt 0.327181 0.770000
vt 0.312907 0.730000
vt 0.312907 0.750000
vt 0.312907 0.770000
vt 0.975631 0.670000
vt 0.989906 0.670000
vt 0.989906 0.690000
vt 0.975631 0.690000
vt 0.989906 0.710000
vt 0.975631 0.710000
vt 0.941169 0.370000
vt 0.955444 0.370000
vt 0.955444 0.390000
vt 0.941169 0.390000
vt 0.955444 0.410000
vt 0.941169 0.410000
vt 0.801291 0.790000
vt 0.815566 0.790000
vt 0.815566 0.810000
vt 0.801291 0.810000
vt 0.815566 0.830000
vt 0.801291 0.830000
vt 0.787016 0.790000
vt 0.787016 0.810000
vt 0.787016 0.830000
vt 0.772742 0.790000
vt 0.772742 0.810000
vt 0.772742 0.830000
vt 0.502956 0.750000
vt 0.517231 0.750000
vt 0.517231 0.770000
vt 0.502956 0.770000
vt 0.517231 0.790000
vt 0.502956 0.790000
vt 0.488682 0.750000
vt 0.488682 0.770000
vt 0.488682 0.790000
vt 0.474407 0.750000
vt 0.474407 0.770000
vt 0.474407 0.790000
vt 0.920982 0.090000
vt 0.906707 0.090000
vt 0.906707 0.070000
vt 0.920982 0.070000
vt 0.906707 0.050000
vt 0.920982 0.050000
vt 0.935256 0.090000
vt 0.935256 0.070000
vt 0.935256 0.050000
vt 0.872245 0.370000
vt 0.886519 0.370000
vt 0.886519 0.390000
vt 0.872245 0.390000
vt 0.886519 0.410000
vt 0.872245 0.410000
vt 0.857970 0.370000
vt 0.857970 0.390000
vt 0.857970 0.410000
vt 0.156305 0.890000
vt 0.156305 0.870000
vt 0.156305 0.850000
vt 0.170580 0.850000
vt 0.454219 0.724142
vt 0.434032 0.724142
vt 0.434032 0.710000
vt 0.454219 0.710000
vt 0.413844 0.724142
vt 0.413844 0.710000
vt 0.184854 0.810000
vt 0.184854 0.830000
vt 0.184854 0.850000
vt 0.955444 0.010000
vt 0.969719 0.010000
vt 0.969719 0.030000
vt 0.955444 0.030000
vt 0.969719 0.050000
vt 0.955444 0.050000
vt 0.373469 0.766569
vt 0.393657 0.766569
vt 0.413844 0.766569
vt 0.024368 0.950000
vt 0.024368 0.970000
vt 0.010094 0.970000
vt 0.010094 0.950000
vt 0.857970 0.510000
vt 0.857970 0.490000
vt 0.872245 0.490000
vt 0.872245 0.510000
vt 0.886519 0.490000
vt 0.886519 0.510000
vt 0.024368 0.930000
vt 0.010094 0.930000
vt 0.857970 0.530000
vt 0.872245 0.530000
vt 0.886519 0.530000
vt 0.024368 0.910000
vt 0.010094 0.910000
vt 0.857970 0.550000
vt 0.872245 0.550000
vt 0.886519 0.550000
vt 0.393657 0.752426
vt 0.413844 0.752426
vt 0.393657 0.738284
vt 0.413844 0.738284
vt 0.434032 0.752426
vt 0.434032 0.738284
vt 0.454219 0.752426
vt 0.454219 0.738284
vt 0.736845 0.210000
vt 0.736845 0.230000
vt 0.716657 0.230000
vt 0.716657 0.210000
vt 0.696470 0.230000
vt 0.696470 0.210000
vt 0.736845 0.190000
vt 0.716657 0.190000
vt 0.696470 0.190000
vt 0.736845 0.170000
vt 0.716657 0.170000
vt 0.696470 0.170000
vt 0.736845 0.150000
vt 0.716657 0.150000
vt 0.696470 0.150000
vt 0.736845 0.130000
vt 0.716657 0.130000
vt 0.696470 0.130000
vt 0.736845 0.110000
vt 0.716657 0.110000
vt 0.696470 0.110000
vt 0.736845 0.090000
vt 0.716657 0.090000
vt 0.696470 0.090000
vt 0.736845 0.070000
vt 0.716657 0.070000
vt 0.696470 0.070000
vt 0.736845 0.050000
vt 0.716657 0.050000
vt 0.696470 0.050000
vt 0.736845 0.030000
vt 0.716657 0.030000
vt 0.696470 0.030000
vt 0.736845 0.010000
vt 0.716657 0.010000
vt 0.696470 0.010000
vt 0.454219 0.650000
vt 0.454219 0.670000
vt 0.434032 0.670000
vt 0.434032 0.650000
vt 0.413844 0.670000
vt 0.413844 0.650000
vt 0.454219 0.630000
vt 0.434032 0.630000
vt 0.413844 0.630000
vt 0.454219 0.610000
vt 0.434032 0.610000
vt 0.413844 0.610000
vt 0.454219 0.590000
vt 0.434032 0.590000
vt 0.413844 0.590000
vt 0.454219 0.570000
vt 0.434032 0.570000
vt 0.413844 0.570000
vt 0.454219 0.550000
vt 0.434032 0.550000
vt 0.413844 0.550000
vt 0.454219 0.530000
vt 0.434032 0.530000
vt 0.413844 0.530000
vt 0.454219 0.510000
vt 0.434032 0.510000
vt 0.413844 0.510000
vt 0.454219 0.490000
vt 0.434032 0.490000
vt 0.413844 0.490000
vt 0.454219 0.470000
vt 0.434032 0.470000
vt 0.413844 0.470000
vt 0.454219 0.450000
vt 0.434032 0.450000
vt 0.413844 0.450000
vt 0.373469 0.752426
vt 0.373469 0.738284
vt 0.024368 0.990000
vt 0.010094 0.990000
vt 0.857970 0.470000
vt 0.872245 0.470000
vt 0.886519 0.470000
vt 0.454219 0.690000
vt 0.434032 0.690000
vt 0.413844 0.690000
vt 0.736845 0.250000
vt 0.716657 0.250000
vt 0.696470 0.250000
vt 0.615719 0.030000
vt 0.615719 0.010000
vt 0.635907 0.010000
vt 0.635907 0.030000
vt 0.603894 0.910000
vt 0.589619 0.910000
vt 0.589619 0.890000
vt 0.603894 0.890000
vt 0.575345 0.490000
vt 0.575345 0.510000
vt 0.555157 0.510000
vt 0.555157 0.490000
vt 0.272532 0.833848
vt 0.272532 0.819706
vt 0.292719 0.819706
vt 0.292719 0.833848
vt 0.260706 0.942132
vt 0.260706 0.962132
vt 0.246431 0.962132
vt 0.246431 0.942132
vt 0.272532 0.805564
vt 0.292719 0.805564
vt 0.933227 0.850000
vt 0.947502 0.850000
vt 0.947502 0.870000
vt 0.933227 0.870000
vt 0.982979 0.910000
vt 0.968704 0.910000
vt 0.968704 0.890000
vt 0.982979 0.890000
vt 0.857970 0.170000
vt 0.872245 0.170000
vt 0.872245 0.190000
vt 0.857970 0.190000
vt 0.886519 0.170000
vt 0.886519 0.190000
vt 0.934242 0.950000
vt 0.948517 0.950000
vt 0.948517 0.970000
vt 0.934242 0.970000
vt 0.955444 0.330000
vt 0.969719 0.330000
vt 0.969719 0.350000
vt 0.955444 0.350000
vt 0.810668 0.910000
vt 0.796393 0.910000
vt 0.796393 0.890000
vt 0.810668 0.890000
vt 0.857970 0.330000
vt 0.872245 0.330000
vt 0.872245 0.350000
vt 0.857970 0.350000
vt 0.886519 0.330000
vt 0.886519 0.350000
vt 0.272532 0.862132
vt 0.272532 0.847990
vt 0.292719 0.847990
vt 0.292719 0.862132
vt 0.575345 0.270000
vt 0.575345 0.290000
vt 0.555157 0.290000
vt 0.555157 0.270000
vt 0.575345 0.310000
vt 0.555157 0.310000
vt 0.575345 0.330000
vt 0.555157 0.330000
vt 0.575345 0.350000
vt 0.555157 0.350000
vt 0.575345 0.370000
vt 0.555157 0.370000
vt 0.575345 0.390000
vt 0.555157 0.390000
vt 0.575345 0.410000
vt 0.555157 0.410000
vt 0.575345 0.430000
vt 0.555157 0.430000
vt 0.575345 0.450000
vt 0.555157 0.450000
vt 0.575345 0.470000
vt 0.555157 0.470000
vt 0.387744 0.863137
vt 0.373469 0.863137
vt 0.373469 0.843137
vt 0.387744 0.843137
vt 0.857970 0.070000
vt 0.872245 0.070000
vt 0.872245 0.090000
vt 0.857970 0.090000
vt 0.886519 0.070000
vt 0.886519 0.090000
vt 0.450756 0.863137
vt 0.436481 0.863137
vt 0.436481 0.843137
vt 0.450756 0.843137
vt 0.422206 0.863137
vt 0.422206 0.843137
vt 0.474407 0.710000
vt 0.488682 0.710000
vt 0.488682 0.730000
vt 0.474407 0.730000
vt 0.502956 0.710000
vt 0.502956 0.730000
vt 0.517231 0.710000
vt 0.517231 0.730000
vt 0.709730 0.850000
vt 0.724005 0.850000
vt 0.724005 0.870000
vt 0.709730 0.870000
vt 0.738279 0.850000
vt 0.738279 0.870000
vt 0.752554 0.850000
vt 0.752554 0.870000
vt 0.615719 0.250000
vt 0.615719 0.230000
vt 0.635907 0.230000
vt 0.635907 0.250000
vt 0.615719 0.210000
vt 0.635907 0.210000
vt 0.615720 0.190000
vt 0.635907 0.190000
vt 0.615719 0.170000
vt 0.635907 0.170000
vt 0.615719 0.150000
vt 0.635907 0.150000
vt 0.615719 0.130000
vt 0.635907 0.130000
vt 0.615719 0.110000
vt 0.635907 0.110000
vt 0.615719 0.090000
vt 0.635907 0.090000
vt 0.615719 0.070000
vt 0.635907 0.070000
vt 0.615719 0.050000
vt 0.635907 0.050000
vt 0.738279 0.790000
vt 0.752554 0.790000
vt 0.752554 0.810000
vt 0.738279 0.810000
vt 0.752554 0.830000
vt 0.738279 0.830000
vt 0.724005 0.790000
vt 0.724005 0.810000
vt 0.724005 0.830000
vt 0.709730 0.790000
vt 0.709730 0.810000
vt 0.709730 0.830000
vt 0.502956 0.650000
vt 0.517231 0.650000
vt 0.517231 0.670000
vt 0.502956 0.670000
vt 0.517231 0.690000
vt 0.502956 0.690000
vt 0.488682 0.650000
vt 0.488682 0.670000
vt 0.488682 0.690000
vt 0.474407 0.650000
vt 0.474407 0.670000
vt 0.474407 0.690000
vt 0.436481 0.923137
vt 0.422206 0.923137
vt 0.422206 0.903137
vt 0.436481 0.903137
vt 0.422206 0.883137
vt 0.436481 0.883137
vt 0.450756 0.923137
vt 0.450756 0.903137
vt 0.450756 0.883137
vt 0.872245 0.010000
vt 0.886519 0.010000
vt 0.886519 0.030000
vt 0.872245 0.030000
vt 0.886519 0.050000
vt 0.872245 0.050000
vt 0.857970 0.010000
vt 0.857970 0.030000
vt 0.857970 0.050000
vt 0.387744 0.923137
vt 0.373469 0.923137
vt 0.373469 0.903137
vt 0.387744 0.903137
vt 0.373469 0.883137
vt 0.387744 0.883137
vt 0.211969 0.847990
vt 0.211969 0.833848
vt 0.232157 0.833848
vt 0.232157 0.847990
vt 0.252344 0.833848
vt 0.252344 0.847990
vt 0.211969 0.862132
vt 0.232157 0.862132
vt 0.252344 0.862132
vt 0.872245 0.270000
vt 0.886519 0.270000
vt 0.886519 0.290000
vt 0.872245 0.290000
vt 0.886519 0.310000
vt 0.872245 0.310000
vt 0.857970 0.270000
vt 0.857970 0.290000
vt 0.857970 0.310000
vt 0.810668 0.970000
vt 0.796393 0.970000
vt 0.796393 0.950000
vt 0.810668 0.950000
vt 0.796393 0.930000
vt 0.810668 0.930000
vt 0.955444 0.270000
vt 0.969719 0.270000
vt 0.969719 0.290000
vt 0.955444 0.290000
vt 0.969719 0.310000
vt 0.955444 0.310000
vt 0.934242 0.890000
vt 0.948517 0.890000
vt 0.948517 0.910000
vt 0.934242 0.910000
vt 0.948517 0.930000
vt 0.934242 0.930000
vt 0.872245 0.110000
vt 0.886519 0.110000
vt 0.886519 0.130000
vt 0.872245 0.130000
vt 0.886519 0.150000
vt 0.872245 0.150000
vt 0.857970 0.110000
vt 0.857970 0.130000
vt 0.857970 0.150000
vt 0.982979 0.970000
vt 0.968704 0.970000
vt 0.968704 0.950000
vt 0.982979 0.950000
vt 0.968704 0.930000
vt 0.982979 0.930000
vt 0.933227 0.790000
vt 0.947502 0.790000
vt 0.947502 0.810000
vt 0.933227 0.810000
vt 0.947502 0.830000
vt 0.933227 0.830000
vt 0.211969 0.805564
vt 0.232157 0.805564
vt 0.232157 0.819706
vt 0.211969 0.819706
vt 0.252344 0.805564
vt 0.252344 0.819706
vt 0.260706 0.882132
vt 0.260706 0.902132
vt 0.246431 0.902132
vt 0.246431 0.882132
vt 0.260706 0.922132
vt 0.246431 0.922132
vt 0.603894 0.970000
vt 0.589619 0.970000
vt 0.589619 0.950000
vt 0.603894 0.950000
vt 0.589619 0.930000
vt 0.603894 0.930000
vt 0.402019 0.863137
vt 0.402019 0.883137
vt 0.857970 0.710000
vt 0.857970 0.690000
vt 0.872245 0.690000
vt 0.872245 0.710000
vt 0.886519 0.690000
vt 0.886519 0.710000
vt 0.402019 0.903137
vt 0.857970 0.730000
vt 0.872245 0.730000
vt 0.886519 0.730000
vt 0.402019 0.923137
vt 0.857970 0.750000
vt 0.872245 0.750000
vt 0.886519 0.750000
vt 0.252344 0.763137
vt 0.272532 0.763137
vt 0.272532 0.777279
vt 0.252344 0.777279
vt 0.272532 0.791421
vt 0.252344 0.791421
vt 0.232157 0.763137
vt 0.232157 0.777279
vt 0.232157 0.791421
vt 0.211969 0.763137
vt 0.211969 0.777279
vt 0.211969 0.791421
vt 0.555157 0.050000
vt 0.555157 0.030000
vt 0.575344 0.030000
vt 0.575344 0.050000
vt 0.595532 0.030000
vt 0.595532 0.050000
vt 0.555157 0.070000
vt 0.575344 0.070000
vt 0.595532 0.070000
vt 0.555157 0.090000
vt 0.575344 0.090000
vt 0.595532 0.090000
vt 0.555157 0.110000
vt 0.575344 0.110000
vt 0.595532 0.110000
vt 0.555157 0.130000
vt 0.575344 0.130000
vt 0.595532 0.130000
vt 0.555157 0.150000
vt 0.575344 0.150000
vt 0.595532 0.150000
vt 0.555157 0.170000
vt 0.575344 0.170000
vt 0.595532 0.170000
vt 0.555157 0.190000
vt 0.575344 0.190000
vt 0.595532 0.190000
vt 0.555157 0.210000
vt 0.575345 0.210000
vt 0.595532 0.210000
vt 0.555157 0.230000
vt 0.575345 0.230000
vt 0.595532 0.230000
vt 0.555157 0.250000
vt 0.575345 0.250000
vt 0.595532 0.250000
vt 0.635907 0.470000
vt 0.635907 0.490000
vt 0.615720 0.490000
vt 0.615720 0.470000
vt 0.595532 0.490000
vt 0.595532 0.470000
vt 0.635907 0.450000
vt 0.615720 0.450000
vt 0.595532 0.450000
vt 0.635907 0.430000
vt 0.615720 0.430000
vt 0.595532 0.430000
vt 0.635907 0.410000
vt 0.615720 0.410000
vt 0.595532 0.410000
vt 0.635907 0.390000
vt 0.615720 0.390000
vt 0.595532 0.390000
vt 0.635907 0.370000
vt 0.615720 0.370000
vt 0.595532 0.370000
vt 0.635907 0.350000
vt 0.615720 0.350000
vt 0.595532 0.350000
vt 0.635907 0.330000
vt 0.615720 0.330000
vt 0.595532 0.330000
vt 0.635907 0.310000
vt 0.615720 0.310000
vt 0.595532 0.310000
vt 0.635907 0.290000
vt 0.615720 0.290000
vt 0.595532 0.290000
vt 0.635907 0.270000
vt 0.615720 0.270000
vt 0.595532 0.270000
vt 0.292719 0.763137
vt 0.292719 0.777279
vt 0.292719 0.791421
vt 0.402019 0.843137
vt 0.857970 0.670000
vt 0.872245 0.670000
vt 0.886519 0.670000
vt 0.635907 0.510000
vt 0.615720 0.510000
vt 0.595532 0.510000
vt 0.555157 0.010000
vt 0.575344 0.010000
vt 0.595532 0.010000
vt 0.777220 0.750000
vt 0.777220 0.770000
vt 0.757032 0.770000
vt 0.757032 0.750000
vt 0.327181 0.690000
vt 0.341456 0.690000
vt 0.341456 0.710000
vt 0.327181 0.710000
vt 0.575345 0.750000
vt 0.575345 0.770000
vt 0.555157 0.770000
vt 0.555157 0.750000
vt 0.727468 0.950000
vt 0.741743 0.950000
vt 0.741743 0.970000
vt 0.727468 0.970000
vt 0.920982 0.630000
vt 0.920982 0.650000
vt 0.906707 0.650000
vt 0.906707 0.630000
vt 0.327181 0.890000
vt 0.327181 0.910000
vt 0.312907 0.910000
vt 0.312907 0.890000
vt 0.835753 0.850000
vt 0.850028 0.850000
vt 0.850028 0.870000
vt 0.835753 0.870000
vt 0.864303 0.850000
vt 0.864303 0.870000
vt 0.474407 0.610000
vt 0.488682 0.610000
vt 0.488682 0.630000
vt 0.474407 0.630000
vt 0.502956 0.610000
vt 0.502956 0.630000
vt 0.517231 0.610000
vt 0.517231 0.630000
vt 0.531506 0.610000
vt 0.531506 0.630000
vt 0.865317 0.950000
vt 0.879592 0.950000
vt 0.879592 0.970000
vt 0.865317 0.970000
vt 0.975631 0.430000
vt 0.989906 0.430000
vt 0.989906 0.450000
vt 0.975631 0.450000
vt 0.941169 0.630000
vt 0.955444 0.630000
vt 0.955444 0.650000
vt 0.941169 0.650000
vt 0.906707 0.330000
vt 0.920982 0.330000
vt 0.920982 0.350000
vt 0.906707 0.350000
vt 0.935256 0.330000
vt 0.935256 0.350000
vt 0.575345 0.530000
vt 0.575345 0.550000
vt 0.555157 0.550000
vt 0.555157 0.530000
vt 0.575345 0.570000
vt 0.555157 0.570000
vt 0.575345 0.590000
vt 0.555157 0.590000
vt 0.575345 0.610000
vt 0.555157 0.610000
vt 0.575345 0.630000
vt 0.555157 0.630000
vt 0.575345 0.650000
vt 0.555157 0.650000
vt 0.575345 0.670000
vt 0.555157 0.670000
vt 0.575345 0.690000
vt 0.555157 0.690000
vt 0.575345 0.710000
vt 0.555157 0.710000
vt 0.575345 0.730000
vt 0.555157 0.730000
vt 0.660993 0.810000
vt 0.646718 0.810000
vt 0.646718 0.790000
vt 0.660993 0.790000
vt 0.906707 0.430000
vt 0.920982 0.430000
vt 0.920982 0.450000
vt 0.906707 0.450000
vt 0.914054 0.910000
vt 0.899780 0.910000
vt 0.899780 0.890000
vt 0.914054 0.890000
vt 0.531506 0.470000
vt 0.517231 0.470000
vt 0.517231 0.450000
vt 0.531506 0.450000
vt 0.502956 0.470000
vt 0.502956 0.450000
vt 0.488682 0.470000
vt 0.488682 0.450000
vt 0.474407 0.470000
vt 0.474407 0.450000
vt 0.830855 0.950000
vt 0.845130 0.950000
vt 0.845130 0.970000
vt 0.830855 0.970000
vt 0.087380 0.830000
vt 0.073106 0.830000
vt 0.073106 0.810000
vt 0.087380 0.810000
vt 0.058831 0.830000
vt 0.058831 0.810000
vt 0.312907 0.690000
vt 0.312907 0.710000
vt 0.777220 0.530000
vt 0.777220 0.550000
vt 0.757032 0.550000
vt 0.757032 0.530000
vt 0.777220 0.570000
vt 0.757032 0.570000
vt 0.777220 0.590000
vt 0.757032 0.590000
vt 0.777220 0.610000
vt 0.757032 0.610000
vt 0.777220 0.630000
vt 0.757032 0.630000
vt 0.777220 0.650000
vt 0.757032 0.650000
vt 0.777220 0.670000
vt 0.757032 0.670000
vt 0.777220 0.690000
vt 0.757032 0.690000
vt 0.777220 0.710000
vt 0.757032 0.710000
vt 0.777220 0.730000
vt 0.757032 0.730000
vt 0.312907 0.630000
vt 0.327181 0.630000
vt 0.327181 0.650000
vt 0.312907 0.650000
vt 0.327181 0.670000
vt 0.312907 0.670000
vt 0.073106 0.890000
vt 0.058831 0.890000
vt 0.058831 0.870000
vt 0.073106 0.870000
vt 0.058831 0.850000
vt 0.073106 0.850000
vt 0.087380 0.890000
vt 0.087380 0.870000
vt 0.087380 0.850000
vt 0.830855 0.890000
vt 0.845130 0.890000
vt 0.845130 0.910000
vt 0.830855 0.910000
vt 0.845130 0.930000
vt 0.830855 0.930000
vt 0.488682 0.530000
vt 0.474407 0.530000
vt 0.474407 0.510000
vt 0.488682 0.510000
vt 0.474407 0.490000
vt 0.488682 0.490000
vt 0.502956 0.530000
vt 0.502956 0.510000
vt 0.502956 0.490000
vt 0.517231 0.530000
vt 0.517231 0.510000
vt 0.517231 0.490000
vt 0.531506 0.530000
vt 0.531506 0.510000
vt 0.531506 0.490000
vt 0.914054 0.970000
vt 0.899780 0.970000
vt 0.899780 0.950000
vt 0.914054 0.950000
vt 0.899780 0.930000
vt 0.914054 0.930000
vt 0.906707 0.370000
vt 0.920982 0.370000
vt 0.920982 0.390000
vt 0.906707 0.390000
vt 0.920982 0.410000
vt 0.906707 0.410000
vt 0.660993 0.870000
vt 0.646718 0.870000
vt 0.646718 0.850000
vt 0.660993 0.850000
vt 0.646718 0.830000
vt 0.660993 0.830000
vt 0.920982 0.270000
vt 0.935256 0.270000
vt 0.935256 0.290000
vt 0.920982 0.290000
vt 0.935256 0.310000
vt 0.920982 0.310000
vt 0.906707 0.270000
vt 0.906707 0.290000
vt 0.906707 0.310000
vt 0.941169 0.570000
vt 0.955444 0.570000
vt 0.955444 0.590000
vt 0.941169 0.590000
vt 0.955444 0.610000
vt 0.941169 0.610000
vt 0.975631 0.370000
vt 0.989906 0.370000
vt 0.989906 0.390000
vt 0.975631 0.390000
vt 0.989906 0.410000
vt 0.975631 0.410000
vt 0.865317 0.890000
vt 0.879592 0.890000
vt 0.879592 0.910000
vt 0.865317 0.910000
vt 0.879592 0.930000
vt 0.865317 0.930000
vt 0.517231 0.550000
vt 0.531506 0.550000
vt 0.531506 0.570000
vt 0.517231 0.570000
vt 0.531506 0.590000
vt 0.517231 0.590000
vt 0.502956 0.550000
vt 0.502956 0.570000
vt 0.502956 0.590000
vt 0.488682 0.550000
vt 0.488682 0.570000
vt 0.488682 0.590000
vt 0.474407 0.550000
vt 0.474407 0.570000
vt 0.474407 0.590000
vt 0.850028 0.790000
vt 0.864303 0.790000
vt 0.864303 0.810000
vt 0.850028 0.810000
vt 0.864303 0.830000
vt 0.850028 0.830000
vt 0.835753 0.790000
vt 0.835753 0.810000
vt 0.835753 0.830000
vt 0.327181 0.830000
vt 0.327181 0.850000
vt 0.312907 0.850000
vt 0.312907 0.830000
vt 0.327181 0.870000
vt 0.312907 0.870000
vt 0.920982 0.570000
vt 0.920982 0.590000
vt 0.906707 0.590000
vt 0.906707 0.570000
vt 0.920982 0.610000
vt 0.906707 0.610000
vt 0.727468 0.890000
vt 0.741743 0.890000
vt 0.741743 0.910000
vt 0.727468 0.910000
vt 0.741743 0.930000
vt 0.727468 0.930000
vt 0.341456 0.630000
vt 0.341456 0.650000
vt 0.341456 0.670000
vt 0.675268 0.810000
vt 0.675268 0.830000
vt 0.689542 0.810000
vt 0.689542 0.830000
vt 0.672818 0.930000
vt 0.672819 0.950000
vt 0.658544 0.950000
vt 0.658544 0.930000
vt 0.675268 0.850000
vt 0.689542 0.850000
vt 0.672818 0.910000
vt 0.658544 0.910000
vt 0.675268 0.870000
vt 0.689542 0.870000
vt 0.672818 0.890000
vt 0.658544 0.890000
vt 0.038643 0.850000
vt 0.038643 0.870000
vt 0.024369 0.870000
vt 0.024369 0.850000
vt 0.010094 0.870000
vt 0.010094 0.850000
vt 0.341456 0.870000
vt 0.341456 0.890000
vt 0.038643 0.830000
vt 0.024369 0.830000
vt 0.010094 0.830000
vt 0.341456 0.850000
vt 0.038643 0.810000
vt 0.024369 0.810000
vt 0.010094 0.810000
vt 0.341456 0.830000
vt 0.837782 0.730000
vt 0.837782 0.750000
vt 0.817595 0.750000
vt 0.817595 0.730000
vt 0.797407 0.750000
vt 0.797407 0.730000
vt 0.837782 0.710000
vt 0.817595 0.710000
vt 0.797407 0.710000
vt 0.837782 0.690000
vt 0.817595 0.690000
vt 0.797407 0.690000
vt 0.837782 0.670000
vt 0.817595 0.670000
vt 0.797407 0.670000
vt 0.837782 0.650000
vt 0.817595 0.650000
vt 0.797407 0.650000
vt 0.837782 0.630000
vt 0.817595 0.630000
vt 0.797407 0.630000
vt 0.837782 0.610000
vt 0.817595 0.610000
vt 0.797407 0.610000
vt 0.837782 0.590000
vt 0.817595 0.590000
vt 0.797407 0.590000
vt 0.837782 0.570000
vt 0.817595 0.570000
vt 0.797407 0.570000
vt 0.837782 0.550000
vt 0.817595 0.550000
vt 0.797407 0.550000
vt 0.837782 0.530000
vt 0.817595 0.530000
vt 0.797407 0.530000
vt 0.635907 0.730000
vt 0.635907 0.750000
vt 0.615720 0.750000
vt 0.615720 0.730000
vt 0.595532 0.750000
vt 0.595532 0.730000
vt 0.635907 0.710000
vt 0.615720 0.710000
vt 0.595532 0.710000
vt 0.635907 0.690000
vt 0.615720 0.690000
vt 0.595532 0.690000
vt 0.635907 0.670000
vt 0.615720 0.670000
vt 0.595532 0.670000
vt 0.635907 0.650000
vt 0.615720 0.650000
vt 0.595532 0.650000
vt 0.635907 0.630000
vt 0.615720 0.630000
vt 0.595532 0.630000
vt 0.635907 0.610000
vt 0.615720 0.610000
vt 0.595532 0.610000
vt 0.635907 0.590000
vt 0.615720 0.590000
vt 0.595532 0.590000
vt 0.635907 0.570000
vt 0.615720 0.570000
vt 0.595532 0.570000
vt 0.635907 0.550000
vt 0.615720 0.550000
vt 0.595532 0.550000
vt 0.635907 0.530000
vt 0.615720 0.530000
vt 0.595532 0.530000
vt 0.038643 0.890000
vt 0.024369 0.890000
vt 0.010094 0.890000
vt 0.341456 0.910000
vt 0.675268 0.790000
vt 0.689542 0.790000
vt 0.672819 0.970000
vt 0.658544 0.970000
vt 0.635907 0.770000
vt 0.615720 0.770000
vt 0.595532 0.770000
vt 0.837782 0.770000
vt 0.817595 0.770000
vt 0.797407 0.770000
vt 0.817595 0.290000
vt 0.817595 0.270000
vt 0.837782 0.270000
vt 0.837782 0.290000
vt 0.920982 0.170000
vt 0.935256 0.170000
vt 0.935256 0.190000
vt 0.920982 0.190000
vt 0.716657 0.550000
vt 0.716657 0.530000
vt 0.736845 0.530000
vt 0.736845 0.550000
vt 0.624081 0.950000
vt 0.638356 0.950000
vt 0.638356 0.970000
vt 0.624081 0.970000
vt 0.232157 0.743137
vt 0.211969 0.743137
vt 0.211969 0.728995
vt 0.232157 0.728995
vt 0.569432 0.950000
vt 0.569432 0.970000
vt 0.555157 0.970000
vt 0.555157 0.950000
vt 0.272532 0.728995
vt 0.272532 0.714853
vt 0.292719 0.714853
vt 0.292719 0.728995
vt 0.272532 0.700711
vt 0.292719 0.700711
vt 0.272532 0.686569
vt 0.292719 0.686569
vt 0.272532 0.672426
vt 0.292719 0.672426
vt 0.272532 0.658284
vt 0.292719 0.658284
vt 0.272532 0.644142
vt 0.292719 0.644142
vt 0.272532 0.630000
vt 0.292719 0.630000
vt 0.955444 0.170000
vt 0.969719 0.170000
vt 0.969719 0.190000
vt 0.955444 0.190000
vt 0.761931 0.950000
vt 0.776205 0.950000
vt 0.776205 0.970000
vt 0.761931 0.970000
vt 0.107568 0.870000
vt 0.121843 0.870000
vt 0.121843 0.890000
vt 0.107568 0.890000
vt 0.136117 0.870000
vt 0.136117 0.890000
vt 0.716657 0.770000
vt 0.716657 0.750000
vt 0.736845 0.750000
vt 0.736845 0.770000
vt 0.716657 0.730000
vt 0.736845 0.730000
vt 0.716657 0.710000
vt 0.736845 0.710000
vt 0.716657 0.690000
vt 0.736845 0.690000
vt 0.716657 0.670000
vt 0.736845 0.670000
vt 0.716657 0.650000
vt 0.736845 0.650000
vt 0.716657 0.630000
vt 0.736845 0.630000
vt 0.716657 0.610000
vt 0.736845 0.610000
vt 0.716657 0.590000
vt 0.736845 0.590000
vt 0.716657 0.570000
vt 0.736845 0.570000
vt 0.872245 0.630000
vt 0.886519 0.630000
vt 0.886519 0.650000
vt 0.872245 0.650000
vt 0.920982 0.490000
vt 0.906707 0.490000
vt 0.906707 0.470000
vt 0.920982 0.470000
vt 0.941169 0.730000
vt 0.955444 0.730000
vt 0.955444 0.750000
vt 0.941169 0.750000
vt 0.626531 0.810000
vt 0.612256 0.810000
vt 0.612256 0.790000
vt 0.626531 0.790000
vt 0.597981 0.810000
vt 0.597981 0.790000
vt 0.583706 0.810000
vt 0.583706 0.790000
vt 0.569432 0.810000
vt 0.569432 0.790000
vt 0.555157 0.810000
vt 0.555157 0.790000
vt 0.989906 0.590000
vt 0.975631 0.590000
vt 0.975631 0.570000
vt 0.989906 0.570000
vt 0.941169 0.530000
vt 0.955444 0.530000
vt 0.955444 0.550000
vt 0.941169 0.550000
vt 0.906707 0.170000
vt 0.906707 0.190000
vt 0.817595 0.510000
vt 0.817595 0.490000
vt 0.837782 0.490000
vt 0.837782 0.510000
vt 0.817595 0.470000
vt 0.837782 0.470000
vt 0.817595 0.450000
vt 0.837782 0.450000
vt 0.817595 0.430000
vt 0.837782 0.430000
vt 0.817595 0.410000
vt 0.837782 0.410000
vt 0.817595 0.390000
vt 0.837782 0.390000
vt 0.817595 0.370000
vt 0.837782 0.370000
vt 0.817595 0.350000
vt 0.837782 0.350000
vt 0.817595 0.330000
vt 0.837782 0.330000
vt 0.817595 0.310000
vt 0.837782 0.310000
vt 0.906707 0.110000
vt 0.920982 0.110000
vt 0.920982 0.130000
vt 0.906707 0.130000
vt 0.920982 0.150000
vt 0.906707 0.150000
vt 0.941169 0.470000
vt 0.955444 0.470000
vt 0.955444 0.490000
vt 0.941169 0.490000
vt 0.955444 0.510000
vt 0.941169 0.510000
vt 0.989906 0.650000
vt 0.975631 0.650000
vt 0.975631 0.630000
vt 0.989906 0.630000
vt 0.975631 0.610000
vt 0.989906 0.610000
vt 0.569432 0.870000
vt 0.555157 0.870000
vt 0.555157 0.850000
vt 0.569432 0.850000
vt 0.555157 0.830000
vt 0.569432 0.830000
vt 0.583706 0.870000
vt 0.583706 0.850000
vt 0.583706 0.830000
vt 0.597981 0.870000
vt 0.597981 0.850000
vt 0.597981 0.830000
vt 0.612256 0.870000
vt 0.612256 0.850000
vt 0.612256 0.830000
vt 0.626531 0.870000
vt 0.626531 0.850000
vt 0.626531 0.830000
vt 0.941169 0.670000
vt 0.955444 0.670000
vt 0.955444 0.690000
vt 0.941169 0.690000
vt 0.955444 0.710000
vt 0.941169 0.710000
vt 0.920982 0.550000
vt 0.906707 0.550000
vt 0.906707 0.530000
vt 0.920982 0.530000
vt 0.906707 0.510000
vt 0.920982 0.510000
vt 0.872245 0.570000
vt 0.886519 0.570000
vt 0.886519 0.590000
vt 0.872245 0.590000
vt 0.886519 0.610000
vt 0.872245 0.610000
vt 0.121843 0.810000
vt 0.136117 0.810000
vt 0.136117 0.830000
vt 0.121843 0.830000
vt 0.136117 0.850000
vt 0.121843 0.850000
vt 0.107568 0.810000
vt 0.107568 0.830000
vt 0.107568 0.850000
vt 0.761931 0.890000
vt 0.776205 0.890000
vt 0.776205 0.910000
vt 0.761931 0.910000
vt 0.776205 0.930000
vt 0.761931 0.930000
vt 0.955444 0.110000
vt 0.969719 0.110000
vt 0.969719 0.130000
vt 0.955444 0.130000
vt 0.969719 0.150000
vt 0.955444 0.150000
vt 0.211969 0.644142
vt 0.211969 0.630000
vt 0.232157 0.630000
vt 0.232157 0.644142
vt 0.252344 0.630000
vt 0.252344 0.644142
vt 0.211969 0.658284
vt 0.232157 0.658284
vt 0.252344 0.658284
vt 0.211969 0.672426
vt 0.232157 0.672426
vt 0.252344 0.672426
vt 0.211969 0.686569
vt 0.232157 0.686569
vt 0.252344 0.686569
vt 0.211969 0.700711
vt 0.232157 0.700711
vt 0.252344 0.700711
vt 0.211969 0.714853
vt 0.232157 0.714853
vt 0.252344 0.714853
vt 0.252344 0.728995
vt 0.569432 0.890000
vt 0.569432 0.910000
vt 0.555157 0.910000
vt 0.555157 0.890000
vt 0.569432 0.930000
vt 0.555157 0.930000
vt 0.292719 0.743137
vt 0.272532 0.743137
vt 0.252344 0.743137
vt 0.624081 0.890000
vt 0.638356 0.890000
vt 0.638356 0.910000
vt 0.624081 0.910000
vt 0.638356 0.930000
vt 0.624081 0.930000
vt 0.935256 0.110000
vt 0.935256 0.130000
vt 0.935256 0.150000
vt 0.857970 0.630000
vt 0.857970 0.610000
vt 0.211969 0.922132
vt 0.211969 0.902132
vt 0.226244 0.902132
vt 0.226244 0.922132
vt 0.488682 0.890000
vt 0.488682 0.910000
vt 0.474407 0.910000
vt 0.474407 0.890000
vt 0.857970 0.590000
vt 0.211969 0.942132
vt 0.226244 0.942132
vt 0.488682 0.870000
vt 0.474407 0.870000
vt 0.857970 0.570000
vt 0.211969 0.962132
vt 0.226244 0.962132
vt 0.488682 0.850000
vt 0.474407 0.850000
vt 0.920982 0.710000
vt 0.920982 0.730000
vt 0.906707 0.730000
vt 0.906707 0.710000
vt 0.913040 0.830000
vt 0.913040 0.850000
vt 0.898765 0.850000
vt 0.898765 0.830000
vt 0.884490 0.850000
vt 0.884490 0.830000
vt 0.920982 0.690000
vt 0.906707 0.690000
vt 0.913040 0.810000
vt 0.898765 0.810000
vt 0.884490 0.810000
vt 0.920982 0.670000
vt 0.906707 0.670000
vt 0.913040 0.790000
vt 0.898765 0.790000
vt 0.884490 0.790000
vt 0.757032 0.310000
vt 0.757032 0.290000
vt 0.777220 0.290000
vt 0.777220 0.310000
vt 0.797407 0.290000
vt 0.797407 0.310000
vt 0.757032 0.330000
vt 0.777220 0.330000
vt 0.797407 0.330000
vt 0.757032 0.350000
vt 0.777220 0.350000
vt 0.797407 0.350000
vt 0.757032 0.370000
vt 0.777220 0.370000
vt 0.797407 0.370000
vt 0.757032 0.390000
vt 0.777220 0.390000
vt 0.797407 0.390000
vt 0.757032 0.410000
vt 0.777220 0.410000
vt 0.797407 0.410000
vt 0.757032 0.430000
vt 0.777220 0.430000
vt 0.797407 0.430000
vt 0.757032 0.450000
vt 0.777220 0.450000
vt 0.797407 0.450000
vt 0.757032 0.470000
vt 0.777220 0.470000
vt 0.797407 0.470000
vt 0.757032 0.490000
vt 0.777220 0.490000
vt 0.797407 0.490000
vt 0.757032 0.510000
vt 0.777220 0.510000
vt 0.797407 0.510000
vt 0.656095 0.570000
vt 0.656095 0.550000
vt 0.676282 0.550000
vt 0.676282 0.570000
vt 0.696470 0.550000
vt 0.696470 0.570000
vt 0.656095 0.590000
vt 0.676282 0.590000
vt 0.696470 0.590000
vt 0.656095 0.610000
vt 0.676282 0.610000
vt 0.696470 0.610000
vt 0.656095 0.630000
vt 0.676282 0.630000
vt 0.696470 0.630000
vt 0.656095 0.650000
vt 0.676282 0.650000
vt 0.696470 0.650000
vt 0.656095 0.670000
vt 0.676282 0.670000
vt 0.696470 0.670000
vt 0.656095 0.690000
vt 0.676282 0.690000
vt 0.696470 0.690000
vt 0.656095 0.710000
vt 0.676282 0.710000
vt 0.696470 0.710000
vt 0.656095 0.730000
vt 0.676282 0.730000
vt 0.696470 0.730000
vt 0.656095 0.750000
vt 0.676282 0.750000
vt 0.696470 0.750000
vt 0.656095 0.770000
vt 0.676282 0.770000
vt 0.696470 0.770000
vt 0.920982 0.750000
vt 0.906707 0.750000
vt 0.913040 0.870000
vt 0.898765 0.870000
vt 0.884490 0.870000
vt 0.857970 0.650000
vt 0.211969 0.882132
vt 0.226244 0.882132
vt 0.488682 0.930000
vt 0.474407 0.930000
vt 0.656095 0.530000
vt 0.676282 0.530000
vt 0.696470 0.530000
vt 0.757032 0.270000
vt 0.777220 0.270000
vt 0.797407 0.270000
vt 0.716657 0.310000
vt 0.716657 0.330000
vt 0.696470 0.330000
vt 0.696470 0.310000
vt 0.736845 0.490000
vt 0.736845 0.510000
vt 0.716657 0.510000
vt 0.716657 0.490000
vt 0.696470 0.510000
vt 0.696470 0.490000
vt 0.676282 0.510000
vt 0.676282 0.490000
vt 0.656095 0.510000
vt 0.656095 0.490000
vt 0.676282 0.470000
vt 0.656095 0.470000
vt 0.696470 0.470000
vt 0.716657 0.470000
vt 0.736845 0.470000
vt 0.676282 0.450000
vt 0.656095 0.450000
vt 0.696470 0.450000
vt 0.716657 0.450000
vt 0.736845 0.450000
vt 0.696470 0.430000
vt 0.676282 0.430000
vt 0.716657 0.430000
vt 0.656095 0.430000
vt 0.676282 0.410000
vt 0.656095 0.410000
vt 0.736845 0.430000
vt 0.736845 0.410000
vt 0.716657 0.410000
vt 0.696470 0.410000
vt 0.696470 0.370000
vt 0.696470 0.390000
vt 0.676282 0.390000
vt 0.676282 0.370000
vt 0.656095 0.390000
vt 0.656095 0.370000
vt 0.716657 0.370000
vt 0.716657 0.390000
vt 0.736845 0.390000
vt 0.736845 0.370000
vt 0.736845 0.350000
vt 0.716657 0.350000
vt 0.696470 0.350000
vt 0.676282 0.350000
vt 0.676282 0.330000
vt 0.676282 0.310000
vt 0.656095 0.350000
vt 0.656095 0.330000
vt 0.656095 0.310000
vt 0.676282 0.290000
vt 0.656095 0.290000
vt 0.736845 0.330000
vt 0.736845 0.310000
vt 0.736845 0.290000
vt 0.716657 0.290000
vt 0.736845 0.270000
vt 0.716657 0.270000
vt 0.696470 0.290000
vt 0.696470 0.270000
vt 0.676282 0.270000
vt 0.656095 0.270000
vt 0.777220 0.050000
vt 0.797407 0.050000
vt 0.797407 0.070000
vt 0.777220 0.070000
vt 0.757032 0.230000
vt 0.777220 0.230000
vt 0.777220 0.250000
vt 0.757032 0.250000
vt 0.797407 0.230000
vt 0.797407 0.250000
vt 0.817595 0.230000
vt 0.817595 0.250000
vt 0.837782 0.230000
vt 0.837782 0.250000
vt 0.817595 0.210000
vt 0.837782 0.210000
vt 0.797407 0.210000
vt 0.777220 0.210000
vt 0.757032 0.210000
vt 0.817595 0.190000
vt 0.837782 0.190000
vt 0.797407 0.190000
vt 0.777220 0.190000
vt 0.757032 0.190000
vt 0.797407 0.170000
vt 0.817595 0.170000
vt 0.777220 0.170000
vt 0.837782 0.170000
vt 0.817595 0.150000
vt 0.837782 0.150000
vt 0.757032 0.170000
vt 0.757032 0.150000
vt 0.777220 0.150000
vt 0.797407 0.150000
vt 0.777220 0.130000
vt 0.797407 0.130000
vt 0.817595 0.130000
vt 0.797407 0.110000
vt 0.817595 0.110000
vt 0.837782 0.130000
vt 0.837782 0.110000
vt 0.777220 0.110000
vt 0.757032 0.130000
vt 0.757032 0.110000
vt 0.757032 0.090000
vt 0.777220 0.090000
vt 0.797407 0.090000
vt 0.817595 0.070000
vt 0.817595 0.090000
vt 0.817595 0.050000
vt 0.817595 0.030000
vt 0.837782 0.030000
vt 0.837782 0.050000
vt 0.757032 0.070000
vt 0.757032 0.050000
vt 0.757032 0.030000
vt 0.777220 0.030000
vt 0.757032 0.010000
vt 0.777220 0.010000
vt 0.797407 0.010000
vt 0.797407 0.030000
vt 0.817595 0.010000
vt 0.837782 0.010000
vt 0.030281 0.630000
vt 0.030281 0.650000
vt 0.010094 0.650000
vt 0.010094 0.630000
vt 0.070656 0.750000
vt 0.070656 0.770000
vt 0.050469 0.770000
vt 0.050469 0.750000
vt 0.070656 0.730000
vt 0.050469 0.730000
vt 0.070656 0.710000
vt 0.050469 0.710000
vt 0.070656 0.690000
vt 0.050469 0.690000
vt 0.070656 0.670000
vt 0.050469 0.670000
vt 0.070656 0.650000
vt 0.050469 0.650000
vt 0.030281 0.670000
vt 0.030281 0.690000
vt 0.030281 0.710000
vt 0.030281 0.730000
vt 0.030281 0.750000
vt 0.030281 0.770000
vt 0.090844 0.750000
vt 0.090844 0.770000
vt 0.090844 0.730000
vt 0.090844 0.710000
vt 0.090844 0.690000
vt 0.090844 0.670000
vt 0.090844 0.650000
vt 0.010094 0.670000
vt 0.010094 0.690000
vt 0.010094 0.710000
vt 0.010094 0.730000
vt 0.010094 0.750000
vt 0.010094 0.770000
vt 0.090844 0.630000
vt 0.070656 0.630000
vt 0.050469 0.630000
vt 0.030281 0.790000
vt 0.010094 0.790000
vt 0.050469 0.790000
vt 0.070656 0.790000
vt 0.090844 0.790000
vt 0.353282 0.170000
vt 0.353282 0.190000
vt 0.333094 0.190000
vt 0.333094 0.170000
vt 0.272532 0.030000
vt 0.272532 0.050000
vt 0.252344 0.050000
vt 0.252344 0.030000
vt 0.232157 0.050000
vt 0.232157 0.030000
vt 0.211969 0.050000
vt 0.211969 0.030000
vt 0.191782 0.050000
vt 0.191782 0.030000
vt 0.211969 0.010000
vt 0.191782 0.010000
vt 0.232157 0.010000
vt 0.252344 0.010000
vt 0.272532 0.010000
vt 0.312907 0.010000
vt 0.312907 0.030000
vt 0.292719 0.030000
vt 0.292719 0.010000
vt 0.292719 0.050000
vt 0.312907 0.050000
vt 0.333094 0.010000
vt 0.333094 0.030000
vt 0.353282 0.010000
vt 0.353282 0.030000
vt 0.353282 0.050000
vt 0.333094 0.050000
vt 0.353282 0.070000
vt 0.333094 0.070000
vt 0.353282 0.090000
vt 0.353282 0.110000
vt 0.333094 0.110000
vt 0.333094 0.090000
vt 0.353282 0.130000
vt 0.333094 0.130000
vt 0.211969 0.070000
vt 0.211969 0.090000
vt 0.191782 0.090000
vt 0.191782 0.070000
vt 0.232157 0.070000
vt 0.232157 0.090000
vt 0.232157 0.110000
vt 0.232157 0.130000
vt 0.211969 0.130000
vt 0.211969 0.110000
vt 0.252344 0.090000
vt 0.252344 0.110000
vt 0.252344 0.070000
vt 0.252344 0.130000
vt 0.252344 0.150000
vt 0.232157 0.150000
vt 0.211969 0.150000
vt 0.232157 0.170000
vt 0.211969 0.170000
vt 0.191782 0.170000
vt 0.191782 0.150000
vt 0.191782 0.130000
vt 0.191782 0.110000
vt 0.272532 0.070000
vt 0.292719 0.070000
vt 0.312907 0.070000
vt 0.312907 0.090000
vt 0.292719 0.090000
vt 0.312907 0.110000
vt 0.292719 0.110000
vt 0.312907 0.130000
vt 0.292719 0.130000
vt 0.272532 0.090000
vt 0.272532 0.110000
vt 0.272532 0.130000
vt 0.333094 0.150000
vt 0.312907 0.150000
vt 0.353282 0.150000
vt 0.312907 0.170000
vt 0.292719 0.150000
vt 0.292719 0.170000
vt 0.312907 0.190000
vt 0.292719 0.190000
vt 0.333094 0.210000
vt 0.312907 0.210000
vt 0.353282 0.210000
vt 0.353282 0.230000
vt 0.333094 0.230000
vt 0.312907 0.230000
vt 0.272532 0.150000
vt 0.272532 0.170000
vt 0.252344 0.170000
vt 0.252344 0.190000
vt 0.232157 0.190000
vt 0.211969 0.190000
vt 0.191782 0.190000
vt 0.232157 0.210000
vt 0.211969 0.210000
vt 0.191782 0.210000
vt 0.272532 0.190000
vt 0.292719 0.210000
vt 0.272532 0.210000
vt 0.252344 0.210000
vt 0.232157 0.230000
vt 0.211969 0.230000
vt 0.191782 0.230000
vt 0.292719 0.230000
vt 0.353282 0.250000
vt 0.333094 0.250000
vt 0.312907 0.250000
vt 0.252344 0.230000
vt 0.272532 0.230000
vt 0.272532 0.250000
vt 0.252344 0.250000
vt 0.292719 0.250000
vt 0.232157 0.250000
vt 0.211969 0.250000
vt 0.191782 0.250000
vt 0.171594 0.650000
vt 0.171594 0.630000
vt 0.191781 0.630000
vt 0.191781 0.650000
vt 0.111031 0.790000
vt 0.111031 0.770000
vt 0.131219 0.770000
vt 0.131219 0.790000
vt 0.111031 0.750000
vt 0.131219 0.750000
vt 0.111031 0.730000
vt 0.131219 0.730000
vt 0.111031 0.710000
vt 0.131219 0.710000
vt 0.111031 0.690000
vt 0.131219 0.690000
vt 0.111031 0.670000
vt 0.131219 0.670000
vt 0.111031 0.650000
vt 0.131219 0.650000
vt 0.111031 0.630000
vt 0.131219 0.630000
vt 0.151406 0.630000
vt 0.151406 0.650000
vt 0.151406 0.670000
vt 0.151406 0.690000
vt 0.151406 0.710000
vt 0.151406 0.730000
vt 0.151406 0.750000
vt 0.151406 0.770000
vt 0.151406 0.790000
vt 0.171594 0.770000
vt 0.171594 0.790000
vt 0.171594 0.750000
vt 0.171594 0.730000
vt 0.171594 0.710000
vt 0.171594 0.690000
vt 0.171594 0.670000
vt 0.191781 0.670000
vt 0.191781 0.690000
vt 0.191781 0.710000
vt 0.191781 0.730000
vt 0.191781 0.750000
vt 0.191781 0.770000
vt 0.191781 0.790000
vt 0.151406 0.030000
vt 0.151406 0.010000
vt 0.171594 0.010000
vt 0.171594 0.030000
vt 0.090844 0.070000
vt 0.090844 0.050000
vt 0.111031 0.050000
vt 0.111031 0.070000
vt 0.090844 0.030000
vt 0.111031 0.030000
vt 0.131219 0.050000
vt 0.131219 0.030000
vt 0.151406 0.050000
vt 0.131219 0.070000
vt 0.151406 0.070000
vt 0.171594 0.050000
vt 0.171594 0.070000
vt 0.131219 0.010000
vt 0.111031 0.010000
vt 0.090844 0.010000
vt 0.070656 0.030000
vt 0.070656 0.010000
vt 0.070656 0.050000
vt 0.050469 0.030000
vt 0.050469 0.010000
vt 0.050469 0.050000
vt 0.131219 0.090000
vt 0.151406 0.090000
vt 0.171594 0.090000
vt 0.151406 0.110000
vt 0.171594 0.110000
vt 0.151406 0.130000
vt 0.171594 0.130000
vt 0.151406 0.150000
vt 0.171594 0.150000
vt 0.151406 0.170000
vt 0.171594 0.170000
vt 0.131219 0.170000
vt 0.131219 0.150000
vt 0.090844 0.090000
vt 0.111031 0.090000
vt 0.090844 0.110000
vt 0.111031 0.110000
vt 0.090844 0.130000
vt 0.111031 0.130000
vt 0.070656 0.070000
vt 0.050469 0.070000
vt 0.030281 0.070000
vt 0.030281 0.050000
vt 0.030281 0.090000
vt 0.050469 0.090000
vt 0.030281 0.110000
vt 0.050469 0.110000
vt 0.010094 0.110000
vt 0.010094 0.090000
vt 0.010094 0.130000
vt 0.030281 0.130000
vt 0.010094 0.150000
vt 0.030281 0.150000
vt 0.010094 0.170000
vt 0.030281 0.170000
vt 0.030281 0.030000
vt 0.030281 0.010000
vt 0.010094 0.030000
vt 0.010094 0.010000
vt 0.010094 0.050000
vt 0.010094 0.070000
vt 0.131219 0.110000
vt 0.131219 0.130000
vt 0.111031 0.150000
vt 0.111031 0.170000
vt 0.050469 0.130000
vt 0.050469 0.150000
vt 0.050469 0.170000
vt 0.070656 0.150000
vt 0.070656 0.170000
vt 0.070656 0.130000
vt 0.070656 0.110000
vt 0.070656 0.090000
vt 0.090844 0.150000
vt 0.090844 0.170000
vt 0.151406 0.190000
vt 0.171594 0.190000
vt 0.131219 0.190000
vt 0.111031 0.190000
vt 0.010094 0.190000
vt 0.030281 0.190000
vt 0.030281 0.210000
vt 0.050469 0.190000
vt 0.050469 0.210000
vt 0.070656 0.190000
vt 0.090844 0.190000
vt 0.090844 0.210000
vt 0.111031 0.210000
vt 0.010094 0.210000
vt 0.090844 0.230000
vt 0.111031 0.230000
vt 0.151406 0.230000
vt 0.151406 0.210000
vt 0.171594 0.210000
vt 0.171594 0.230000
vt 0.151406 0.250000
vt 0.171594 0.250000
vt 0.131219 0.250000
vt 0.131219 0.230000
vt 0.111031 0.250000
vt 0.131219 0.210000
vt 0.090844 0.250000
vt 0.070656 0.210000
vt 0.070656 0.250000
vt 0.070656 0.230000
vt 0.050469 0.230000
vt 0.030281 0.230000
vt 0.050469 0.250000
vt 0.030281 0.250000
vt 0.010094 0.230000
vt 0.010094 0.250000
vt 0.837782 0.090000
vt 0.837782 0.070000
s 1
f 1/1/1 2/2/1 3/3/1 4/4/1
f 5/5/1 6/6/1 7/7/1 8/8/1
f 8/8/1 7/7/1 2/2/1 1/1/1
f 9/9/1 1/1/1 4/4/1 10/10/1
f 11/11/1 8/8/1 1/1/1 9/9/1
f 12/12/1 5/5/1 8/8/1 11/11/1
f 13/13/1 12/12/1 11/11/1 14/14/1
f 14/14/1 11/11/1 9/9/1 15/15/1
f 15/15/1 9/9/1 10/10/1 16/16/1
f 4/4/1 3/3/1 17/17/1 18/18/1
f 10/10/1 4/4/1 18/18/1 19/19/1
f 16/16/1 10/10/1 19/19/1 20/20/1
f 21/21/1 14/14/1 15/15/1 22/22/1
f 22/22/1 15/15/1 16/16/1 23/23/1
f 24/24/1 13/13/1 14/14/1 21/21/1
f 7/7/1 25/25/1 26/26/1 2/2/1
f 6/6/1 27/27/1 25/25/1 7/7/1
f 27/27/1 28/28/1 29/29/1 25/25/1
f 25/25/1 29/29/1 30/30/1 26/26/1
f 31/31/1 24/24/1 21/21/1 32/32/1
f 32/32/1 21/21/1 22/22/1 33/33/1
f 33/33/1 22/22/1 23/23/1 34/34/1
f 23/23/1 16/16/1 20/20/1 35/35/1
f 36/36/1 31/31/1 32/32/1 37/37/1
f 37/37/1 32/32/1 33/33/1 38/38/1
f 38/38/1 33/33/1 34/34/1 39/39/1
f 39/39/1 34/34/1 40/40/1 41/41/1
f 34/34/1 23/23/1 35/35/1 40/40/1
f 3/3/1 42/42/1 43/43/1 17/17/1
f 2/2/1 26/26/1 42/42/1 3/3/1
f 26/26/1 30/30/1 44/44/1 42/42/1
f 42/42/1 44/44/1 45/45/1 43/43/1
f 18/18/1 17/17/1 46/46/1 47/47/1
f 17/17/1 43/43/1 48/48/1 46/46/1
f 43/43/1 45/45/1 49/49/1 48/48/1
f 40/40/1 35/35/1 50/50/1 51/51/1
f 51/51/1 50/50/1 52/52/1 53/53/1
f 41/41/1 40/40/1 51/51/1 54/54/1
f 54/54/1 51/51/1 53/53/1 55/55/1
f 55/55/1 53/53/1 56/56/1 57/57/1
f 53/53/1 52/52/1 58/58/1 56/56/1
f 50/50/1 59/59/1 60/60/1 52/52/1
f 52/52/1 60/60/1 61/61/1 58/58/1
f 59/59/1 62/62/1 63/63/1 60/60/1
f 60/60/1 63/63/1 64/64/1 61/61/1
f 57/57/1 56/56/1 65/65/1 66/66/1
f 56/56/1 58/58/1 67/67/1 65/65/1
f 58/58/1 61/61/1 68/68/1 67/67/1
f 35/35/1 20/20/1 59/59/1 50/50/1
f 20/20/1 19/19/1 62/62/1 59/59/1
f 19/19/1 18/18/1 47/47/1 62/62/1
f 62/62/1 47/47/1 69/69/1 63/63/1
f 47/47/1 46/46/1 70/70/1 69/69/1
f 69/69/1 70/70/1 71/71/1 72/72/1
f 63/63/1 69/69/1 72/72/1 64/64/1
f 61/61/1 64/64/1 73/73/1 68/68/1
f 64/64/1 72/72/1 74/74/1 73/73/1
f 72/72/1 71/71/1 75/75/1 74/74/1
f 46/46/1 48/48/1 76/76/1 70/70/1
f 70/70/1 76/76/1 77/77/1 71/71/1
f 71/71/1 77/77/1 78/78/1 75/75/1
f 48/48/1 49/49/1 79/79/1 76/76/1
f 76/76/1 79/79/1 80/80/1 77/77/1
f 77/77/1 80/80/1 81/81/1 78/78/1
f 82/82/2 83/83/2 84/84/2 85/85/2
f 86/86/2 87/87/2 88/88/2 89/89/2
f 87/87/2 82/82/2 85/85/2 88/88/2
f 90/90/2 91/91/2 83/83/2 82/82/2
f 92/92/2 90/90/2 82/82/2 87/87/2
f 93/93/2 92/92/2 87/87/2 86/86/2
f 94/94/2 95/95/2 92/92/2 93/93/2
f 95/95/2 96/96/2 90/90/2 92/92/2
f 96/96/2 97/97/2 91/91/2 90/90/2
f 83/83/2 98/98/2 99/99/2 84/84/2
f 91/91/2 100/100/2 98/98/2 83/83/2
f 97/97/2 101/101/2 100/100/2 91/91/2
f 102/102/2 103/103/2 96/96/2 95/95/2
f 103/103/2 104/104/2 97/97/2 96/96/2
f 105/105/2 102/102/2 95/95/2 94/94/2
f 88/88/2 85/85/2 106/106/2 107/107/2
f 89/89/2 88/88/2 107/107/2 108/108/2
f 108/108/2 107/107/2 109/109/2 110/110/2
f 107/107/2 106/106/2 111/111/2 109/109/2
f 112/112/2 113/113/2 102/102/2 105/105/2
f 113/113/2 114/114/2 103/103/2 102/102/2
f 114/114/2 115/115/2 104/104/2 103/103/2
f 104/104/2 116/116/2 101/101/2 97/97/2
f 117/117/2 118/118/2 113/113/2 112/112/2
f 118/118/2 119/119/2 114/114/2 113/113/2
f 119/119/2 120/120/2 115/115/2 114/114/2
f 120/120/2 121/121/2 122/122/2 115/115/2
f 115/115/2 122/122/2 116/116/2 104/104/2
f 84/84/2 99/99/2 123/123/2 124/124/2
f 85/85/2 84/84/2 124/124/2 106/106/2
f 106/106/2 124/124/2 125/125/2 111/111/2
f 124/124/2 123/123/2 126/126/2 125/125/2
f 98/98/2 127/127/2 128/128/2 99/99/2
f 99/99/2 128/128/2 129/129/2 123/123/2
f 123/123/2 129/129/2 130/130/2 126/126/2
f 122/122/2 131/131/2 132/132/2 116/116/2
f 131/131/2 133/133/2 134/134/2 132/132/2
f 121/121/2 135/135/2 131/131/2 122/122/2
f 135/135/2 136/136/2 133/133/2 131/131/2
f 136/136/2 137/137/2 138/138/2 133/133/2
f 133/133/2 138/138/2 139/139/2 134/134/2
f 132/132/2 134/134/2 140/140/2 141/141/2
f 134/134/2 139/139/2 142/142/2 140/140/2
f 141/141/2 140/140/2 143/143/2 144/144/2
f 140/140/2 142/142/2 145/145/2 143/143/2
f 137/137/2 146/146/2 147/147/2 138/138/2
f 138/138/2 147/147/2 148/148/2 139/139/2
f 139/139/2 148/148/2 149/149/2 142/142/2
f 116/116/2 132/132/2 141/141/2 101/101/2
f 101/101/2 141/141/2 144/144/2 100/100/2
f 100/100/2 144/144/2 127/127/2 98/98/2
f 144/144/2 143/143/2 150/150/2 127/127/2
f 127/127/2 150/150/2 151/151/2 128/128/2
f 150/150/2 152/152/2 153/153/2 151/151/2
f 143/143/2 145/145/2 152/152/2 150/150/2
f 142/142/2 149/149/2 154/154/2 145/145/2
f 145/145/2 154/154/2 155/155/2 152/152/2
f 152/152/2 155/155/2 156/156/2 153/153/2
f 128/128/2 151/151/2 157/157/2 129/129/2
f 151/151/2 153/153/2 158/158/2 157/157/2
f 153/153/2 156/156/2 159/159/2 158/158/2
f 129/129/2 157/157/2 160/160/2 130/130/2
f 157/157/2 158/158/2 161/161/2 160/160/2
f 158/158/2 159/159/2 162/162/2 161/161/2
f 163/163/3 164/164/3 165/165/3 166/166/3
f 167/167/3 111/168/3 125/169/3 168/170/3
f 169/171/3 109/172/3 111/168/3 167/167/3
f 170/173/3 110/174/3 109/172/3 169/171/3
f 171/175/3 170/173/3 169/171/3 172/176/3
f 172/176/3 169/171/3 167/167/3 173/177/3
f 174/178/3 171/175/3 172/176/3 175/179/3
f 168/170/3 125/169/3 126/180/3 176/181/3
f 177/182/3 178/183/3 179/184/3 180/185/3
f 180/185/3 179/184/3 181/186/3 182/187/3
f 179/184/3 183/188/3 184/189/3 181/186/3
f 181/186/3 184/189/3 185/190/3 186/191/3
f 187/192/3 182/187/3 188/193/3 189/194/3
f 182/187/3 181/186/3 186/191/3 188/193/3
f 186/191/3 185/190/3 163/163/3 190/195/3
f 188/193/3 186/191/3 190/195/3 191/196/3
f 185/190/3 192/197/3 164/164/3 163/163/3
f 176/181/3 126/180/3 130/198/3 192/197/3
f 192/197/3 130/198/3 160/199/3 164/164/3
f 164/164/3 160/199/3 161/200/3 165/165/3
f 184/189/3 176/181/3 192/197/3 185/190/3
f 183/188/3 168/170/3 176/181/3 184/189/3
f 173/177/3 167/167/3 168/170/3 183/188/3
f 178/183/3 173/177/3 183/188/3 179/184/3
f 175/179/3 172/176/3 173/177/3 178/183/3
f 193/201/3 175/179/3 178/183/3 177/182/3
f 194/202/3 174/178/3 175/179/3 193/201/3
f 195/203/3 194/202/3 193/201/3 196/204/3
f 196/204/3 193/201/3 177/182/3 197/205/3
f 197/205/3 177/182/3 180/185/3 198/206/3
f 198/206/3 180/185/3 182/187/3 187/192/3
f 199/207/3 198/206/3 187/192/3 200/208/3
f 78/209/4 81/210/4 201/211/4 202/212/4
f 80/213/3 203/214/3 201/215/3 81/216/3
f 79/217/3 204/218/3 203/214/3 80/213/3
f 49/219/3 205/220/3 204/218/3 79/217/3
f 45/221/3 206/222/3 205/220/3 49/219/3
f 44/223/3 207/224/3 206/222/3 45/221/3
f 28/225/3 208/226/3 209/227/3 29/228/3
f 210/229/3 195/203/3 196/204/3 211/230/3
f 211/230/3 196/204/3 197/205/3 212/231/3
f 212/231/3 197/205/3 198/206/3 199/207/3
f 29/228/3 209/227/3 213/232/3 30/233/3
f 30/233/3 213/232/3 207/224/3 44/223/3
f 208/226/3 210/229/3 211/230/3 209/227/3
f 209/227/3 211/230/3 212/231/3 213/232/3
f 213/232/3 212/231/3 199/207/3 207/224/3
f 202/212/4 201/211/4 214/234/4 215/235/4
f 203/214/3 216/236/3 214/237/3 201/215/3
f 191/196/3 190/195/3 217/238/3 218/239/3
f 190/195/3 163/163/3 166/166/3 217/238/3
f 189/194/3 188/193/3 191/196/3 219/240/3
f 220/241/3 189/194/3 219/240/3 221/242/3
f 200/208/3 187/192/3 189/194/3 220/241/3
f 207/224/3 199/207/3 200/208/3 206/222/3
f 206/222/3 200/208/3 220/241/3 205/220/3
f 205/220/3 220/241/3 221/242/3 204/218/3
f 204/218/3 221/242/3 216/236/3 203/214/3
f 221/242/3 219/240/3 222/243/3 216/236/3
f 219/240/3 191/196/3 218/239/3 222/243/3
f 215/235/4 214/234/4 223/244/4 224/245/4
f 216/236/3 222/243/3 223/246/3 214/237/3
f 224/245/4 223/244/4 225/247/4 226/248/4
f 222/243/3 218/239/3 225/249/3 223/246/3
f 226/248/4 225/247/4 227/250/4 228/251/4
f 218/239/3 217/238/3 227/252/3 225/249/3
f 228/251/4 227/250/4 229/253/4 230/254/4
f 217/238/3 166/166/3 229/255/3 227/252/3
f 230/254/4 229/253/4 231/256/4 232/257/4
f 166/166/3 165/165/3 231/258/3 229/255/3
f 232/257/4 231/256/4 162/259/4 159/260/4
f 165/165/3 161/200/3 162/261/3 231/258/3
f 233/262/4 234/263/4 235/264/4 236/265/4
f 237/266/4 202/212/4 215/235/4 238/267/4
f 238/267/4 215/235/4 224/245/4 239/268/4
f 239/268/4 224/245/4 226/248/4 240/269/4
f 240/269/4 226/248/4 228/251/4 234/263/4
f 234/263/4 228/251/4 230/254/4 235/264/4
f 235/264/4 230/254/4 232/257/4 241/270/4
f 241/270/4 232/257/4 159/260/4 156/271/4
f 242/272/4 241/270/4 156/271/4 155/273/4
f 75/274/4 78/209/4 202/212/4 237/266/4
f 74/275/4 75/274/4 237/266/4 243/276/4
f 236/265/4 235/264/4 241/270/4 242/272/4
f 244/277/4 240/269/4 234/263/4 233/262/4
f 245/278/4 239/268/4 240/269/4 244/277/4
f 246/279/4 238/267/4 239/268/4 245/278/4
f 243/276/4 237/266/4 238/267/4 246/279/4
f 73/280/4 74/275/4 243/276/4 247/281/4
f 247/281/4 243/276/4 246/279/4 248/282/4
f 248/282/4 246/279/4 245/278/4 249/283/4
f 249/283/4 245/278/4 244/277/4 250/284/4
f 250/284/4 244/277/4 233/262/4 251/285/4
f 251/285/4 233/262/4 236/265/4 252/286/4
f 252/286/4 236/265/4 242/272/4 253/287/4
f 253/287/4 242/272/4 155/273/4 154/288/4
f 254/289/4 253/287/4 154/288/4 149/290/4
f 68/291/4 73/280/4 247/281/4 255/292/4
f 255/292/4 247/281/4 248/282/4 256/293/4
f 257/294/4 252/286/4 253/287/4 254/289/4
f 258/295/4 251/285/4 252/286/4 257/294/4
f 256/293/4 248/282/4 249/283/4 259/296/4
f 259/296/4 249/283/4 250/284/4 260/297/4
f 260/297/4 250/284/4 251/285/4 258/295/4
f 67/298/4 68/291/4 255/292/4 261/299/4
f 261/299/4 255/292/4 256/293/4 262/300/4
f 262/300/4 256/293/4 259/296/4 263/301/4
f 263/301/4 259/296/4 260/297/4 264/302/4
f 264/302/4 260/297/4 258/295/4 265/303/4
f 265/303/4 258/295/4 257/294/4 266/304/4
f 266/304/4 257/294/4 254/289/4 267/305/4
f 267/305/4 254/289/4 149/290/4 148/306/4
f 65/307/4 67/298/4 261/299/4 268/308/4
f 268/308/4 261/299/4 262/300/4 269/309/4
f 269/309/4 262/300/4 263/301/4 270/310/4
f 270/310/4 263/301/4 264/302/4 271/311/4
f 271/311/4 264/302/4 265/303/4 272/312/4
f 272/312/4 265/303/4 266/304/4 273/313/4
f 273/313/4 266/304/4 267/305/4 274/314/4
f 274/314/4 267/305/4 148/306/4 147/315/4
f 66/316/4 65/307/4 268/308/4 275/317/4
f 275/317/4 268/308/4 269/309/4 276/318/4
f 276/318/4 269/309/4 270/310/4 277/319/4
f 277/319/4 270/310/4 271/311/4 278/320/4
f 278/320/4 271/311/4 272/312/4 279/321/4
f 279/321/4 272/312/4 273/313/4 280/322/4
f 280/322/4 273/313/4 274/314/4 281/323/4
f 281/323/4 274/314/4 147/315/4 146/324/4
f 282/325/5 283/326/5 31/327/5 36/328/5
f 284/329/5 285/330/5 5/331/5 12/332/5
f 286/333/5 284/329/5 12/332/5 13/334/5
f 287/335/5 286/333/5 13/334/5 24/336/5
f 283/326/5 287/335/5 24/336/5 31/327/5
f 288/337/5 289/338/5 286/333/5 287/335/5
f 290/339/5 288/337/5 287/335/5 283/326/5
f 291/340/5 292/341/5 293/342/5 294/343/5
f 292/341/5 295/344/5 296/345/5 293/342/5
f 294/343/5 293/342/5 297/346/5 298/347/5
f 299/348/5 294/343/5 298/347/5 289/338/5
f 300/349/5 299/348/5 289/338/5 288/337/5
f 301/350/5 302/351/5 299/348/5 300/349/5
f 302/351/5 291/340/5 294/343/5 299/348/5
f 303/352/5 304/353/5 291/340/5 302/351/5
f 305/354/5 300/349/5 288/337/5 290/339/5
f 289/338/5 298/347/5 284/329/5 286/333/5
f 298/347/5 297/346/5 285/330/5 284/329/5
f 297/346/5 306/355/5 307/356/5 285/330/5
f 293/342/5 296/345/5 306/355/5 297/346/5
f 295/344/5 308/357/5 309/358/5 296/345/5
f 296/345/5 309/358/5 310/359/5 306/355/5
f 285/330/5 307/356/5 6/360/5 5/331/5
f 307/356/5 311/361/5 27/362/5 6/360/5
f 311/361/5 208/363/5 28/364/5 27/362/5
f 310/359/5 210/365/5 208/363/5 311/361/5
f 306/355/5 310/359/5 311/361/5 307/356/5
f 309/358/5 195/366/5 210/365/5 310/359/5
f 308/357/5 194/367/5 195/366/5 309/358/5
f 312/368/5 174/369/5 194/367/5 308/357/5
f 313/370/5 312/368/5 308/357/5 295/344/5
f 314/371/5 313/370/5 295/344/5 292/341/5
f 304/353/5 314/371/5 292/341/5 291/340/5
f 315/372/5 316/373/5 314/371/5 304/353/5
f 108/374/5 110/375/5 170/376/5 317/377/5
f 316/373/5 318/378/5 313/370/5 314/371/5
f 318/378/5 319/379/5 312/368/5 313/370/5
f 319/379/5 171/380/5 174/369/5 312/368/5
f 317/377/5 170/376/5 171/380/5 319/379/5
f 320/381/5 317/377/5 319/379/5 318/378/5
f 321/382/5 320/381/5 318/378/5 316/373/5
f 89/383/5 108/374/5 317/377/5 320/381/5
f 86/384/5 89/383/5 320/381/5 321/382/5
f 322/385/5 301/350/5 300/349/5 305/354/5
f 323/386/5 324/387/5 301/350/5 322/385/5
f 112/388/5 105/389/5 325/390/5 326/391/5
f 105/389/5 94/392/5 327/393/5 325/390/5
f 94/392/5 93/394/5 328/395/5 327/393/5
f 93/394/5 86/384/5 321/382/5 328/395/5
f 328/395/5 321/382/5 316/373/5 315/372/5
f 327/393/5 328/395/5 315/372/5 329/396/5
f 329/396/5 315/372/5 304/353/5 303/352/5
f 324/387/5 303/352/5 302/351/5 301/350/5
f 330/397/5 329/396/5 303/352/5 324/387/5
f 325/390/5 327/393/5 329/396/5 330/397/5
f 326/391/5 325/390/5 330/397/5 331/398/5
f 331/398/5 330/397/5 324/387/5 323/386/5
f 332/399/5 290/339/5 283/326/5 282/325/5
f 333/400/5 305/354/5 290/339/5 332/399/5
f 334/401/5 322/385/5 305/354/5 333/400/5
f 335/402/5 323/386/5 322/385/5 334/401/5
f 336/403/5 331/398/5 323/386/5 335/402/5
f 337/404/5 326/391/5 331/398/5 336/403/5
f 117/405/5 112/388/5 326/391/5 337/404/5
f 137/406/6 338/407/6 281/408/6 146/409/6
f 339/410/6 340/411/6 341/412/6 342/413/6
f 340/411/6 343/414/6 344/415/6 341/412/6
f 341/412/6 344/415/6 345/416/6 346/417/6
f 342/413/6 341/412/6 346/417/6 347/418/6
f 347/418/6 346/417/6 348/419/6 349/420/6
f 346/417/6 345/416/6 350/421/6 348/419/6
f 348/419/6 350/421/6 351/422/6 352/423/6
f 349/420/6 348/419/6 352/423/6 353/424/6
f 354/425/6 355/426/6 356/427/6 357/428/6
f 355/426/6 349/420/6 353/424/6 356/427/6
f 358/429/6 347/418/6 349/420/6 355/426/6
f 359/430/6 358/429/6 355/426/6 354/425/6
f 360/431/6 361/432/6 358/429/6 359/430/6
f 361/432/6 342/413/6 347/418/6 358/429/6
f 362/433/6 339/410/6 342/413/6 361/432/6
f 363/434/6 362/433/6 361/432/6 360/431/6
f 343/414/6 364/435/6 365/436/6 344/415/6
f 351/422/6 366/437/6 367/438/6 368/439/6
f 352/423/6 351/422/6 368/439/6 369/440/6
f 353/424/6 352/423/6 369/440/6 370/441/6
f 357/428/6 356/427/6 371/442/6 372/443/6
f 356/427/6 353/424/6 370/441/6 371/442/6
f 350/421/6 373/444/6 366/437/6 351/422/6
f 345/416/6 374/445/6 373/444/6 350/421/6
f 344/415/6 365/436/6 374/445/6 345/416/6
f 375/446/6 376/447/6 364/435/6 343/414/6
f 377/448/6 375/446/6 343/414/6 340/411/6
f 378/449/6 377/448/6 340/411/6 339/410/6
f 379/450/6 378/449/6 339/410/6 362/433/6
f 380/451/6 379/450/6 362/433/6 363/434/6
f 381/452/6 357/428/6 372/443/6 338/407/6
f 382/453/6 354/425/6 357/428/6 381/452/6
f 383/454/6 359/430/6 354/425/6 382/453/6
f 384/455/6 360/431/6 359/430/6 383/454/6
f 385/456/6 363/434/6 360/431/6 384/455/6
f 386/457/6 380/451/6 363/434/6 385/456/6
f 338/407/6 372/443/6 280/458/6 281/408/6
f 372/443/6 371/442/6 279/459/6 280/458/6
f 371/442/6 370/441/6 278/460/6 279/459/6
f 370/441/6 369/440/6 277/461/6 278/460/6
f 369/440/6 368/439/6 276/462/6 277/461/6
f 368/439/6 367/438/6 275/463/6 276/462/6
f 367/438/6 57/464/6 66/465/6 275/463/6
f 366/437/6 55/466/6 57/464/6 367/438/6
f 373/444/6 54/467/6 55/466/6 366/437/6
f 374/445/6 41/468/6 54/467/6 373/444/6
f 365/436/6 39/469/6 41/468/6 374/445/6
f 364/435/6 38/470/6 39/469/6 365/436/6
f 376/447/6 37/471/6 38/470/6 364/435/6
f 282/472/6 36/473/6 37/471/6 376/447/6
f 332/474/6 282/472/6 376/447/6 375/446/6
f 333/475/6 332/474/6 375/446/6 377/448/6
f 334/476/6 333/475/6 377/448/6 378/449/6
f 335/477/6 334/476/6 378/449/6 379/450/6
f 336/478/6 335/477/6 379/450/6 380/451/6
f 337/479/6 336/478/6 380/451/6 386/457/6
f 117/480/6 337/479/6 386/457/6 118/481/6
f 118/481/6 386/457/6 385/456/6 119/482/6
f 119/482/6 385/456/6 384/455/6 120/483/6
f 120/483/6 384/455/6 383/454/6 121/484/6
f 121/484/6 383/454/6 382/453/6 135/485/6
f 135/485/6 382/453/6 381/452/6 136/486/6
f 136/486/6 381/452/6 338/407/6 137/406/6
f 387/487/2 388/488/2 389/489/2 390/490/2
f 391/491/7 392/492/7 393/493/7 394/494/7
f 395/495/1 396/496/1 397/497/1 398/498/1
f 399/499/8 400/500/9 401/501/9 402/502/10
f 403/503/11 404/504/11 405/505/11 406/506/11
f 407/507/12 408/508/13 401/509/14 400/510/14
f 409/511/15 410/512/15 411/513/15 412/514/15
f 410/515/15 413/516/16 414/517/17 411/518/15
f 413/516/16 415/519/18 416/520/19 414/517/17
f 415/521/18 417/522/20 418/523/21 416/524/19
f 417/522/20 419/525/22 420/526/23 418/523/21
f 419/527/22 421/528/24 422/529/25 420/530/23
f 421/528/24 423/531/26 424/532/27 422/529/25
f 423/531/26 425/533/28 426/534/29 424/532/27
f 425/535/28 427/536/30 428/537/31 426/538/29
f 427/536/30 429/539/32 430/540/33 428/537/31
f 429/539/32 399/541/8 402/542/10 430/540/33
f 404/543/1 431/544/1 432/545/1 405/546/1
f 431/544/1 433/547/1 434/548/1 432/545/1
f 433/547/1 435/549/1 436/550/1 434/548/1
f 435/549/1 437/551/1 438/552/1 436/550/1
f 437/551/1 439/553/1 440/554/1 438/552/1
f 439/553/1 441/555/1 442/556/1 440/554/1
f 441/555/1 443/557/1 444/558/1 442/556/1
f 443/557/1 445/559/1 446/560/1 444/558/1
f 445/559/1 447/561/1 448/562/1 446/560/1
f 447/561/1 449/563/1 450/564/1 448/562/1
f 449/563/1 395/495/1 398/498/1 450/564/1
f 451/565/34 452/566/34 453/567/34 454/568/34
f 452/569/34 455/570/35 456/571/36 453/572/34
f 455/573/35 457/574/37 458/575/38 456/576/36
f 457/574/37 459/577/39 460/578/40 458/575/38
f 459/579/39 461/580/41 462/581/42 460/582/40
f 461/583/41 463/584/43 464/585/44 462/586/42
f 463/587/43 465/588/45 466/589/46 464/590/44
f 465/591/45 467/592/47 468/593/48 466/594/46
f 467/595/47 469/596/49 470/597/50 468/598/48
f 469/596/49 471/599/51 472/600/52 470/597/50
f 471/599/51 391/491/7 394/494/7 472/600/52
f 473/601/2 474/602/2 475/603/2 476/604/2
f 474/602/2 477/605/2 478/606/2 475/603/2
f 477/605/2 479/607/2 480/608/2 478/606/2
f 479/607/2 481/609/2 482/610/2 480/608/2
f 481/609/2 483/611/2 484/612/2 482/610/2
f 483/611/2 485/613/2 486/614/2 484/612/2
f 485/613/2 487/615/2 488/616/2 486/614/2
f 487/615/2 489/617/2 490/618/2 488/616/2
f 489/617/2 491/619/2 492/620/2 490/618/2
f 491/619/2 493/621/2 494/622/2 492/620/2
f 493/621/2 387/487/2 390/490/2 494/622/2
f 494/623/53 390/624/7 495/625/7 496/626/54
f 496/626/54 495/625/7 497/627/7 498/628/55
f 498/628/55 497/627/7 391/491/7 471/599/51
f 492/629/56 494/623/53 496/626/54 499/630/57
f 499/630/57 496/626/54 498/628/55 500/631/58
f 500/631/58 498/628/55 471/599/51 469/596/49
f 490/632/59 492/629/56 499/630/57 501/633/60
f 501/633/60 499/630/57 500/631/58 502/634/61
f 502/634/61 500/631/58 469/596/49 467/595/47
f 488/635/62 490/636/59 501/637/60 503/638/63
f 503/638/63 501/637/60 502/639/61 504/640/64
f 504/640/64 502/639/61 467/592/47 465/591/45
f 486/641/65 488/642/62 503/643/63 505/644/66
f 505/644/66 503/643/63 504/645/64 506/646/67
f 506/646/67 504/645/64 465/588/45 463/587/43
f 484/647/68 486/648/65 505/649/66 507/650/69
f 507/650/69 505/649/66 506/651/67 508/652/70
f 508/652/70 506/651/67 463/584/43 461/583/41
f 482/653/71 484/654/68 507/655/69 509/656/72
f 509/656/72 507/655/69 508/657/70 510/658/73
f 510/658/73 508/657/70 461/580/41 459/579/39
f 480/659/74 482/660/71 509/661/72 511/662/75
f 511/662/75 509/661/72 510/663/73 512/664/76
f 512/664/76 510/663/73 459/577/39 457/574/37
f 478/665/77 480/659/74 511/662/75 513/666/78
f 513/666/78 511/662/75 512/664/76 514/667/79
f 514/667/79 512/664/76 457/574/37 455/573/35
f 475/668/34 478/669/77 513/670/78 515/671/34
f 515/671/34 513/670/78 514/672/79 516/673/34
f 516/673/34 514/672/79 455/570/35 452/569/34
f 476/674/34 475/675/34 515/676/34 517/677/34
f 517/677/34 515/676/34 516/678/34 518/679/34
f 518/679/34 516/678/34 452/566/34 451/565/34
f 450/680/80 398/681/81 519/682/82 520/683/83
f 520/683/83 519/682/82 521/684/84 522/685/85
f 522/685/85 521/684/84 399/541/8 429/539/32
f 448/686/86 450/680/80 520/683/83 523/687/87
f 523/687/87 520/683/83 522/685/85 524/688/88
f 524/688/88 522/685/85 429/539/32 427/536/30
f 446/689/89 448/686/86 523/687/87 525/690/90
f 525/690/90 523/687/87 524/688/88 526/691/91
f 526/691/91 524/688/88 427/536/30 425/535/28
f 444/692/92 446/693/89 525/694/90 527/695/93
f 527/695/93 525/694/90 526/696/91 528/697/94
f 528/697/94 526/696/91 425/533/28 423/531/26
f 442/698/95 444/692/92 527/695/93 529/699/96
f 529/699/96 527/695/93 528/697/94 530/700/97
f 530/700/97 528/697/94 423/531/26 421/528/24
f 440/701/98 442/698/95 529/699/96 531/702/99
f 531/702/99 529/699/96 530/700/97 532/703/100
f 532/703/100 530/700/97 421/528/24 419/527/22
f 438/704/101 440/705/98 531/706/99 533/707/102
f 533/707/102 531/706/99 532/708/100 534/709/103
f 534/709/103 532/708/100 419/525/22 417/522/20
f 436/710/104 438/704/101 533/707/102 535/711/105
f 535/711/105 533/707/102 534/709/103 536/712/106
f 536/712/106 534/709/103 417/522/20 415/521/18
f 434/713/107 436/714/104 535/715/105 537/716/108
f 537/716/108 535/715/105 536/717/106 538/718/109
f 538/718/109 536/717/106 415/519/18 413/516/16
f 432/719/15 434/713/107 537/716/108 539/720/15
f 539/720/15 537/716/108 538/718/109 540/721/15
f 540/721/15 538/718/109 413/516/16 410/515/15
f 405/505/15 432/722/15 539/723/15 406/506/15
f 406/506/15 539/723/15 540/724/15 541/725/15
f 541/725/15 540/724/15 410/512/15 409/511/15
f 396/726/14 542/727/110 543/728/14 397/729/14
f 542/727/110 544/730/111 545/731/14 543/728/14
f 544/730/111 407/507/12 400/510/14 545/731/14
f 546/732/11 547/733/11 409/511/11 412/514/11
f 547/733/11 548/734/11 541/725/11 409/511/11
f 548/734/11 403/503/11 406/506/11 541/725/11
f 398/735/81 397/736/9 543/737/9 519/738/82
f 519/738/82 543/737/9 545/739/9 521/740/84
f 521/740/84 545/739/9 400/500/9 399/499/8
f 390/624/7 389/741/7 549/742/7 495/625/7
f 495/625/7 549/742/7 550/743/7 497/627/7
f 497/627/7 550/743/7 392/492/7 391/491/7
f 518/744/11 451/745/11 551/746/11 552/747/11
f 552/748/11 551/749/11 553/750/11 554/751/11
f 554/751/11 553/750/11 403/752/11 548/753/11
f 517/754/11 518/744/11 552/747/11 555/755/11
f 555/756/11 552/748/11 554/751/11 556/757/11
f 556/757/11 554/751/11 548/753/11 547/758/11
f 476/759/11 517/754/11 555/755/11 473/760/11
f 473/761/11 555/756/11 556/757/11 557/762/11
f 557/762/11 556/757/11 547/758/11 546/763/11
f 550/743/14 549/742/14 558/764/112 559/765/113
f 559/765/113 558/764/112 560/766/114 561/767/115
f 561/767/115 560/766/114 407/507/12 544/730/111
f 392/492/14 550/743/14 559/765/113 562/768/116
f 562/768/116 559/765/113 561/767/115 563/769/117
f 563/769/117 561/767/115 544/730/111 542/727/110
f 393/493/14 392/492/14 562/768/116 564/770/14
f 564/770/14 562/768/116 563/769/117 565/771/14
f 565/771/14 563/769/117 542/727/110 396/726/14
f 430/772/2 402/773/2 566/774/2 567/775/2
f 567/775/2 566/774/2 568/776/2 569/777/2
f 569/777/2 568/776/2 387/487/2 493/621/2
f 428/778/2 430/772/2 567/775/2 570/779/2
f 570/779/2 567/775/2 569/777/2 571/780/2
f 571/780/2 569/777/2 493/621/2 491/619/2
f 426/781/2 428/778/2 570/779/2 572/782/2
f 572/782/2 570/779/2 571/780/2 573/783/2
f 573/783/2 571/780/2 491/619/2 489/617/2
f 424/784/2 426/781/2 572/782/2 574/785/2
f 574/785/2 572/782/2 573/783/2 575/786/2
f 575/786/2 573/783/2 489/617/2 487/615/2
f 422/787/2 424/784/2 574/785/2 576/788/2
f 576/788/2 574/785/2 575/786/2 577/789/2
f 577/789/2 575/786/2 487/615/2 485/613/2
f 420/790/2 422/787/2 576/788/2 578/791/2
f 578/791/2 576/788/2 577/789/2 579/792/2
f 579/792/2 577/789/2 485/613/2 483/611/2
f 418/793/2 420/790/2 578/791/2 580/794/2
f 580/794/2 578/791/2 579/792/2 581/795/2
f 581/795/2 579/792/2 483/611/2 481/609/2
f 416/796/2 418/793/2 580/794/2 582/797/2
f 582/797/2 580/794/2 581/795/2 583/798/2
f 583/798/2 581/795/2 481/609/2 479/607/2
f 414/799/2 416/796/2 582/797/2 584/800/2
f 584/800/2 582/797/2 583/798/2 585/801/2
f 585/801/2 583/798/2 479/607/2 477/605/2
f 411/802/2 414/799/2 584/800/2 586/803/2
f 586/803/2 584/800/2 585/801/2 587/804/2
f 587/804/2 585/801/2 477/605/2 474/602/2
f 412/805/2 411/802/2 586/803/2 546/806/2
f 546/806/2 586/803/2 587/804/2 557/807/2
f 557/807/2 587/804/2 474/602/2 473/601/2
f 472/808/1 394/809/1 588/810/1 589/811/1
f 589/811/1 588/810/1 590/812/1 591/813/1
f 591/813/1 590/812/1 395/495/1 449/563/1
f 470/814/1 472/808/1 589/811/1 592/815/1
f 592/815/1 589/811/1 591/813/1 593/816/1
f 593/816/1 591/813/1 449/563/1 447/561/1
f 468/817/1 470/814/1 592/815/1 594/818/1
f 594/818/1 592/815/1 593/816/1 595/819/1
f 595/819/1 593/816/1 447/561/1 445/559/1
f 466/820/1 468/817/1 594/818/1 596/821/1
f 596/821/1 594/818/1 595/819/1 597/822/1
f 597/822/1 595/819/1 445/559/1 443/557/1
f 464/823/1 466/820/1 596/821/1 598/824/1
f 598/824/1 596/821/1 597/822/1 599/825/1
f 599/825/1 597/822/1 443/557/1 441/555/1
f 462/826/1 464/823/1 598/824/1 600/827/1
f 600/827/1 598/824/1 599/825/1 601/828/1
f 601/828/1 599/825/1 441/555/1 439/553/1
f 460/829/1 462/826/1 600/827/1 602/830/1
f 602/830/1 600/827/1 601/828/1 603/831/1
f 603/831/1 601/828/1 439/553/1 437/551/1
f 458/832/1 460/829/1 602/830/1 604/833/1
f 604/833/1 602/830/1 603/831/1 605/834/1
f 605/834/1 603/831/1 437/551/1 435/549/1
f 456/835/1 458/832/1 604/833/1 606/836/1
f 606/836/1 604/833/1 605/834/1 607/837/1
f 607/837/1 605/834/1 435/549/1 433/547/1
f 453/838/1 456/835/1 606/836/1 608/839/1
f 608/839/1 606/836/1 607/837/1 609/840/1
f 609/840/1 607/837/1 433/547/1 431/544/1
f 454/841/1 453/838/1 608/839/1 610/842/1
f 610/842/1 608/839/1 609/840/1 611/843/1
f 611/843/1 609/840/1 431/544/1 404/543/1
f 549/742/14 389/741/14 388/844/118 558/764/112
f 558/764/112 388/844/118 612/845/119 560/766/114
f 560/766/114 612/845/119 408/508/13 407/507/12
f 451/745/11 454/846/11 610/847/11 551/746/11
f 551/749/11 610/848/11 611/849/11 553/750/11
f 553/750/11 611/849/11 404/850/11 403/752/11
f 394/809/1 393/851/1 564/852/1 588/810/1
f 588/810/1 564/852/1 565/853/1 590/812/1
f 590/812/1 565/853/1 396/496/1 395/495/1
f 402/773/2 401/854/2 408/855/2 566/774/2
f 566/774/2 408/855/2 612/856/2 568/776/2
f 568/776/2 612/856/2 388/488/2 387/487/2
f 613/857/2 614/858/2 615/859/2 616/860/2
f 617/861/120 618/862/120 619/863/120 620/864/120
f 621/865/1 622/866/1 623/867/1 624/868/1
f 625/869/121 626/870/122 627/871/123 628/872/124
f 629/873/125 630/874/125 631/875/125 632/876/125
f 633/877/126 634/878/126 627/871/126 626/870/126
f 635/879/127 636/880/127 637/881/127 638/882/127
f 636/883/127 639/884/128 640/885/129 637/886/127
f 639/887/128 641/888/130 642/889/131 640/890/129
f 641/888/130 643/891/132 644/892/133 642/889/131
f 643/893/132 645/894/134 646/895/135 644/896/133
f 645/897/134 647/898/136 648/899/137 646/900/135
f 647/901/136 649/902/138 650/903/139 648/904/137
f 649/905/138 651/906/140 652/907/141 650/908/139
f 651/906/140 653/909/142 654/910/143 652/907/141
f 653/911/142 655/912/144 656/913/145 654/914/143
f 655/912/144 625/869/121 628/872/124 656/913/145
f 630/915/1 657/916/1 658/917/1 631/918/1
f 657/916/1 659/919/1 660/920/1 658/917/1
f 659/919/1 661/921/1 662/922/1 660/920/1
f 661/921/1 663/923/1 664/924/1 662/922/1
f 663/923/1 665/925/1 666/926/1 664/924/1
f 665/925/1 667/927/1 668/928/1 666/926/1
f 667/927/1 669/929/1 670/930/1 668/928/1
f 669/929/1 671/931/1 672/932/1 670/930/1
f 671/931/1 673/933/1 674/934/1 672/932/1
f 673/933/1 675/935/1 676/936/1 674/934/1
f 675/935/1 621/865/1 624/868/1 676/936/1
f 677/937/146 678/938/146 679/939/146 680/940/146
f 678/941/146 681/942/147 682/943/148 679/944/146
f 681/942/147 683/945/149 684/946/150 682/943/148
f 683/947/149 685/948/151 686/949/152 684/950/150
f 685/948/151 687/951/153 688/952/154 686/949/152
f 687/953/153 689/954/155 690/955/156 688/956/154
f 689/954/155 691/957/157 692/958/158 690/955/156
f 691/957/157 693/959/159 694/960/160 692/958/158
f 693/961/159 695/962/161 696/963/162 694/964/160
f 695/962/161 697/965/163 698/966/164 696/963/162
f 697/965/163 617/967/120 620/968/120 698/966/164
f 699/969/2 700/970/2 701/971/2 702/972/2
f 700/970/2 703/973/2 704/974/2 701/971/2
f 703/973/2 705/975/2 706/976/2 704/974/2
f 705/975/2 707/977/2 708/978/2 706/976/2
f 707/977/2 709/979/2 710/980/2 708/978/2
f 709/979/2 711/981/2 712/982/2 710/980/2
f 711/981/2 713/983/2 714/984/2 712/982/2
f 713/983/2 715/985/2 716/986/2 714/984/2
f 715/985/2 717/987/2 718/988/2 716/986/2
f 717/987/2 719/989/2 720/990/2 718/988/2
f 719/989/2 613/857/2 616/860/2 720/990/2
f 720/991/165 616/992/120 721/993/120 722/994/166
f 722/994/166 721/993/120 723/995/120 724/996/167
f 724/996/167 723/995/120 617/967/120 697/965/163
f 718/997/168 720/991/165 722/994/166 725/998/169
f 725/998/169 722/994/166 724/996/167 726/999/170
f 726/999/170 724/996/167 697/965/163 695/962/161
f 716/1000/171 718/997/168 725/998/169 727/1001/172
f 727/1001/172 725/998/169 726/999/170 728/1002/173
f 728/1002/173 726/999/170 695/962/161 693/961/159
f 714/1003/174 716/1004/171 727/1005/172 729/1006/175
f 729/1006/175 727/1005/172 728/1007/173 730/1008/176
f 730/1008/176 728/1007/173 693/959/159 691/957/157
f 712/1009/177 714/1003/174 729/1006/175 731/1010/178
f 731/1010/178 729/1006/175 730/1008/176 732/1011/179
f 732/1011/179 730/1008/176 691/957/157 689/954/155
f 710/1012/180 712/1009/177 731/1010/178 733/1013/181
f 733/1013/181 731/1010/178 732/1011/179 734/1014/182
f 734/1014/182 732/1011/179 689/954/155 687/953/153
f 708/1015/183 710/1016/180 733/1017/181 735/1018/184
f 735/1018/184 733/1017/181 734/1019/182 736/1020/185
f 736/1020/185 734/1019/182 687/951/153 685/948/151
f 706/1021/186 708/1015/183 735/1018/184 737/1022/187
f 737/1022/187 735/1018/184 736/1020/185 738/1023/188
f 738/1023/188 736/1020/185 685/948/151 683/947/149
f 704/1024/189 706/1025/186 737/1026/187 739/1027/190
f 739/1027/190 737/1026/187 738/1028/188 740/1029/191
f 740/1029/191 738/1028/188 683/945/149 681/942/147
f 701/1030/146 704/1024/189 739/1027/190 741/1031/146
f 741/1031/146 739/1027/190 740/1029/191 742/1032/146
f 742/1032/146 740/1029/191 681/942/147 678/941/146
f 702/1033/146 701/1034/146 741/1035/146 743/1036/146
f 743/1036/146 741/1035/146 742/1037/146 744/1038/146
f 744/1038/146 742/1037/146 678/938/146 677/937/146
f 676/1039/192 624/1040/121 745/1041/121 746/1042/193
f 746/1042/193 745/1041/121 747/1043/121 748/1044/194
f 748/1044/194 747/1043/121 625/869/121 655/912/144
f 674/1045/195 676/1039/192 746/1042/193 749/1046/196
f 749/1046/196 746/1042/193 748/1044/194 750/1047/197
f 750/1047/197 748/1044/194 655/912/144 653/911/142
f 672/1048/198 674/1049/195 749/1050/196 751/1051/199
f 751/1051/199 749/1050/196 750/1052/197 752/1053/200
f 752/1053/200 750/1052/197 653/909/142 651/906/140
f 670/1054/201 672/1048/198 751/1051/199 753/1055/202
f 753/1055/202 751/1051/199 752/1053/200 754/1056/203
f 754/1056/203 752/1053/200 651/906/140 649/905/138
f 668/1057/204 670/1058/201 753/1059/202 755/1060/205
f 755/1060/205 753/1059/202 754/1061/203 756/1062/206
f 756/1062/206 754/1061/203 649/902/138 647/901/136
f 666/1063/207 668/1064/204 755/1065/205 757/1066/208
f 757/1066/208 755/1065/205 756/1067/206 758/1068/209
f 758/1068/209 756/1067/206 647/898/136 645/897/134
f 664/1069/210 666/1070/207 757/1071/208 759/1072/211
f 759/1072/211 757/1071/208 758/1073/209 760/1074/212
f 760/1074/212 758/1073/209 645/894/134 643/893/132
f 662/1075/213 664/1076/210 759/1077/211 761/1078/214
f 761/1078/214 759/1077/211 760/1079/212 762/1080/215
f 762/1080/215 760/1079/212 643/891/132 641/888/130
f 660/1081/216 662/1075/213 761/1078/214 763/1082/217
f 763/1082/217 761/1078/214 762/1080/215 764/1083/218
f 764/1083/218 762/1080/215 641/888/130 639/887/128
f 658/1084/127 660/1085/216 763/1086/217 765/1087/127
f 765/1087/127 763/1086/217 764/1088/218 766/1089/127
f 766/1089/127 764/1088/218 639/884/128 636/883/127
f 631/1090/127 658/1091/127 765/1092/127 632/1093/127
f 632/1093/127 765/1092/127 766/1094/127 767/1095/127
f 767/1095/127 766/1094/127 636/880/127 635/879/127
f 622/1096/219 768/1097/220 769/1098/126 623/1099/126
f 768/1097/220 770/1100/126 771/1101/126 769/1098/126
f 770/1100/126 633/877/126 626/870/126 771/1101/126
f 772/1102/125 773/1103/125 635/1104/125 638/1105/125
f 773/1103/125 774/1106/125 767/1107/125 635/1104/125
f 774/1106/125 629/873/125 632/876/125 767/1107/125
f 624/1040/121 623/1099/121 769/1098/121 745/1041/121
f 745/1041/121 769/1098/121 771/1101/121 747/1043/121
f 747/1043/121 771/1101/121 626/870/122 625/869/121
f 616/1108/120 615/1109/120 775/1110/120 721/1111/120
f 721/1111/120 775/1110/120 776/1112/120 723/1113/120
f 723/1113/120 776/1112/120 618/862/120 617/861/120
f 744/1038/125 677/937/125 777/1114/125 778/1115/125
f 778/1116/125 777/1117/125 779/1118/125 780/1119/125
f 780/1119/125 779/1118/125 629/1120/125 774/1121/125
f 743/1036/125 744/1038/125 778/1115/125 781/1122/125
f 781/1123/125 778/1116/125 780/1119/125 782/1124/125
f 782/1124/125 780/1119/125 774/1121/125 773/1125/125
f 702/1033/125 743/1036/125 781/1122/125 699/1126/125
f 699/1127/125 781/1123/125 782/1124/125 783/1128/125
f 783/1128/125 782/1124/125 773/1125/125 772/1129/125
f 776/1130/221 775/1131/222 784/1132/126 785/1133/223
f 785/1133/223 784/1132/126 786/1134/224 787/1135/225
f 787/1135/225 786/1134/224 633/877/126 770/1100/126
f 618/1136/226 776/1130/221 785/1133/223 788/1137/227
f 788/1137/227 785/1133/223 787/1135/225 789/1138/228
f 789/1138/228 787/1135/225 770/1100/126 768/1097/220
f 619/1139/229 618/1136/226 788/1137/227 790/1140/230
f 790/1140/230 788/1137/227 789/1138/228 791/1141/231
f 791/1141/231 789/1138/228 768/1097/220 622/1096/219
f 656/1142/2 628/1143/2 792/1144/2 793/1145/2
f 793/1145/2 792/1144/2 794/1146/2 795/1147/2
f 795/1147/2 794/1146/2 613/857/2 719/989/2
f 654/1148/2 656/1142/2 793/1145/2 796/1149/2
f 796/1149/2 793/1145/2 795/1147/2 797/1150/2
f 797/1150/2 795/1147/2 719/989/2 717/987/2
f 652/1151/2 654/1148/2 796/1149/2 798/1152/2
f 798/1152/2 796/1149/2 797/1150/2 799/1153/2
f 799/1153/2 797/1150/2 717/987/2 715/985/2
f 650/1154/2 652/1151/2 798/1152/2 800/1155/2
f 800/1155/2 798/1152/2 799/1153/2 801/1156/2
f 801/1156/2 799/1153/2 715/985/2 713/983/2
f 648/1157/2 650/1154/2 800/1155/2 802/1158/2
f 802/1158/2 800/1155/2 801/1156/2 803/1159/2
f 803/1159/2 801/1156/2 713/983/2 711/981/2
f 646/1160/2 648/1157/2 802/1158/2 804/1161/2
f 804/1161/2 802/1158/2 803/1159/2 805/1162/2
f 805/1162/2 803/1159/2 711/981/2 709/979/2
f 644/1163/2 646/1160/2 804/1161/2 806/1164/2
f 806/1164/2 804/1161/2 805/1162/2 807/1165/2
f 807/1165/2 805/1162/2 709/979/2 707/977/2
f 642/1166/2 644/1163/2 806/1164/2 808/1167/2
f 808/1167/2 806/1164/2 807/1165/2 809/1168/2
f 809/1168/2 807/1165/2 707/977/2 705/975/2
f 640/1169/2 642/1166/2 808/1167/2 810/1170/2
f 810/1170/2 808/1167/2 809/1168/2 811/1171/2
f 811/1171/2 809/1168/2 705/975/2 703/973/2
f 637/1172/2 640/1169/2 810/1170/2 812/1173/2
f 812/1173/2 810/1170/2 811/1171/2 813/1174/2
f 813/1174/2 811/1171/2 703/973/2 700/970/2
f 638/1175/2 637/1172/2 812/1173/2 772/1176/2
f 772/1176/2 812/1173/2 813/1174/2 783/1177/2
f 783/1177/2 813/1174/2 700/970/2 699/969/2
f 698/1178/1 620/1179/1 814/1180/1 815/1181/1
f 815/1181/1 814/1180/1 816/1182/1 817/1183/1
f 817/1183/1 816/1182/1 621/865/1 675/935/1
f 696/1184/1 698/1178/1 815/1181/1 818/1185/1
f 818/1185/1 815/1181/1 817/1183/1 819/1186/1
f 819/1186/1 817/1183/1 675/935/1 673/933/1
f 694/1187/1 696/1184/1 818/1185/1 820/1188/1
f 820/1188/1 818/1185/1 819/1186/1 821/1189/1
f 821/1189/1 819/1186/1 673/933/1 671/931/1
f 692/1190/1 694/1187/1 820/1188/1 822/1191/1
f 822/1191/1 820/1188/1 821/1189/1 823/1192/1
f 823/1192/1 821/1189/1 671/931/1 669/929/1
f 690/1193/1 692/1190/1 822/1191/1 824/1194/1
f 824/1194/1 822/1191/1 823/1192/1 825/1195/1
f 825/1195/1 823/1192/1 669/929/1 667/927/1
f 688/1196/1 690/1193/1 824/1194/1 826/1197/1
f 826/1197/1 824/1194/1 825/1195/1 827/1198/1
f 827/1198/1 825/1195/1 667/927/1 665/925/1
f 686/1199/1 688/1196/1 826/1197/1 828/1200/1
f 828/1200/1 826/1197/1 827/1198/1 829/1201/1
f 829/1201/1 827/1198/1 665/925/1 663/923/1
f 684/1202/1 686/1199/1 828/1200/1 830/1203/1
f 830/1203/1 828/1200/1 829/1201/1 831/1204/1
f 831/1204/1 829/1201/1 663/923/1 661/921/1
f 682/1205/1 684/1202/1 830/1203/1 832/1206/1
f 832/1206/1 830/1203/1 831/1204/1 833/1207/1
f 833/1207/1 831/1204/1 661/921/1 659/919/1
f 679/1208/1 682/1205/1 832/1206/1 834/1209/1
f 834/1209/1 832/1206/1 833/1207/1 835/1210/1
f 835/1210/1 833/1207/1 659/919/1 657/916/1
f 680/1211/1 679/1208/1 834/1209/1 836/1212/1
f 836/1212/1 834/1209/1 835/1210/1 837/1213/1
f 837/1213/1 835/1210/1 657/916/1 630/915/1
f 775/1131/222 615/1214/232 614/1215/233 784/1132/126
f 784/1132/126 614/1215/233 838/1216/234 786/1134/224
f 786/1134/224 838/1216/234 634/878/126 633/877/126
f 677/937/125 680/940/125 836/1217/125 777/1114/125
f 777/1117/125 836/1218/125 837/1219/125 779/1118/125
f 779/1118/125 837/1219/125 630/1220/125 629/1120/125
f 620/1179/1 619/1221/1 790/1222/1 814/1180/1
f 814/1180/1 790/1222/1 791/1223/1 816/1182/1
f 816/1182/1 791/1223/1 622/866/1 621/865/1
f 628/1143/2 627/1224/2 634/1225/2 792/1144/2
f 792/1144/2 634/1225/2 838/1226/2 794/1146/2
f 794/1146/2 838/1226/2 614/858/2 613/857/2
f 839/1227/2 840/1228/2 841/1229/2 842/1230/2
f 843/1231/235 844/1232/235 845/1233/235 846/1234/235
f 847/1235/1 848/1236/1 849/1237/1 850/1238/1
f 851/1239/236 852/1240/236 853/1241/236 854/1242/236
f 855/1243/237 856/1244/237 857/1245/237 858/1246/237
f 859/1247/238 860/1248/238 853/1249/238 852/1250/238
f 861/1251/239 862/1252/239 863/1253/239 864/1254/239
f 862/1252/239 865/1255/240 866/1256/241 863/1253/239
f 865/1257/240 867/1258/242 868/1259/243 866/1260/241
f 867/1258/242 869/1261/244 870/1262/245 868/1259/243
f 869/1261/244 871/1263/246 872/1264/247 870/1262/245
f 871/1263/246 873/1265/248 874/1266/249 872/1264/247
f 873/1267/248 875/1268/250 876/1269/251 874/1270/249
f 875/1271/250 877/1272/252 878/1273/253 876/1274/251
f 877/1275/252 879/1276/254 880/1277/255 878/1278/253
f 879/1279/254 881/1280/256 882/1281/257 880/1282/255
f 881/1280/256 851/1283/236 854/1284/236 882/1281/257
f 856/1285/1 883/1286/1 884/1287/1 857/1288/1
f 883/1286/1 885/1289/1 886/1290/1 884/1287/1
f 885/1289/1 887/1291/1 888/1292/1 886/1290/1
f 887/1291/1 889/1293/1 890/1294/1 888/1292/1
f 889/1293/1 891/1295/1 892/1296/1 890/1294/1
f 891/1295/1 893/1297/1 894/1298/1 892/1296/1
f 893/1297/1 895/1299/1 896/1300/1 894/1298/1
f 895/1299/1 897/1301/1 898/1302/1 896/1300/1
f 897/1301/1 899/1303/1 900/1304/1 898/1302/1
f 899/1303/1 901/1305/1 902/1306/1 900/1304/1
f 901/1305/1 847/1235/1 850/1238/1 902/1306/1
f 903/1307/258 904/1308/259 905/1309/260 906/1310/258
f 904/1311/259 907/1312/261 908/1313/262 905/1314/260
f 907/1315/261 909/1316/263 910/1317/264 908/1318/262
f 909/1319/263 911/1320/265 912/1321/266 910/1322/264
f 911/1320/265 913/1323/267 914/1324/268 912/1321/266
f 913/1323/267 915/1325/269 916/1326/270 914/1324/268
f 915/1325/269 917/1327/271 918/1328/272 916/1326/270
f 917/1329/271 919/1330/273 920/1331/274 918/1332/272
f 919/1333/273 921/1334/275 922/1335/276 920/1336/274
f 921/1334/275 923/1337/277 924/1338/278 922/1335/276
f 923/1339/277 843/1231/235 846/1234/235 924/1340/278
f 925/1341/2 926/1342/2 927/1343/2 928/1344/2
f 926/1342/2 929/1345/2 930/1346/2 927/1343/2
f 929/1345/2 931/1347/2 932/1348/2 930/1346/2
f 931/1347/2 933/1349/2 934/1350/2 932/1348/2
f 933/1349/2 935/1351/2 936/1352/2 934/1350/2
f 935/1351/2 937/1353/2 938/1354/2 936/1352/2
f 937/1353/2 939/1355/2 940/1356/2 938/1354/2
f 939/1355/2 941/1357/2 942/1358/2 940/1356/2
f 941/1357/2 943/1359/2 944/1360/2 942/1358/2
f 943/1359/2 945/1361/2 946/1362/2 944/1360/2
f 945/1361/2 839/1227/2 842/1230/2 946/1362/2
f 946/1363/279 842/1364/235 947/1365/235 948/1366/280
f 948/1366/280 947/1365/235 949/1367/235 950/1368/281
f 950/1368/281 949/1367/235 843/1231/235 923/1339/277
f 944/1369/282 946/1370/279 948/1371/280 951/1372/283
f 951/1372/283 948/1371/280 950/1373/281 952/1374/284
f 952/1374/284 950/1373/281 923/1337/277 921/1334/275
f 942/1375/285 944/1369/282 951/1372/283 953/1376/286
f 953/1376/286 951/1372/283 952/1374/284 954/1377/287
f 954/1377/287 952/1374/284 921/1334/275 919/1333/273
f 940/1378/288 942/1379/285 953/1380/286 955/1381/289
f 955/1381/289 953/1380/286 954/1382/287 956/1383/290
f 956/1383/290 954/1382/287 919/1330/273 917/1329/271
f 938/1384/291 940/1385/288 955/1386/289 957/1387/292
f 957/1387/292 955/1386/289 956/1388/290 958/1389/293
f 958/1389/293 956/1388/290 917/1327/271 915/1325/269
f 936/1390/294 938/1384/291 957/1387/292 959/1391/295
f 959/1391/295 957/1387/292 958/1389/293 960/1392/296
f 960/1392/296 958/1389/293 915/1325/269 913/1323/267
f 934/1393/297 936/1390/294 959/1391/295 961/1394/298
f 961/1394/298 959/1391/295 960/1392/296 962/1395/299
f 962/1395/299 960/1392/296 913/1323/267 911/1320/265
f 932/1396/300 934/1393/297 961/1394/298 963/1397/301
f 963/1397/301 961/1394/298 962/1395/299 964/1398/302
f 964/1398/302 962/1395/299 911/1320/265 909/1319/263
f 930/1399/303 932/1400/300 963/1401/301 965/1402/304
f 965/1402/304 963/1401/301 964/1403/302 966/1404/305
f 966/1404/305 964/1403/302 909/1316/263 907/1315/261
f 927/1405/306 930/1406/303 965/1407/304 967/1408/307
f 967/1408/307 965/1407/304 966/1409/305 968/1410/308
f 968/1410/308 966/1409/305 907/1312/261 904/1311/259
f 928/1411/258 927/1412/306 967/1413/307 969/1414/258
f 969/1414/258 967/1413/307 968/1415/308 970/1416/258
f 970/1416/258 968/1415/308 904/1308/259 903/1307/258
f 902/1417/309 850/1418/236 971/1419/236 972/1420/310
f 972/1420/310 971/1419/236 973/1421/236 974/1422/311
f 974/1422/311 973/1421/236 851/1283/236 881/1280/256
f 900/1423/312 902/1417/309 972/1420/310 975/1424/313
f 975/1424/313 972/1420/310 974/1422/311 976/1425/314
f 976/1425/314 974/1422/311 881/1280/256 879/1279/254
f 898/1426/315 900/1427/312 975/1428/313 977/1429/316
f 977/1429/316 975/1428/313 976/1430/314 978/1431/317
f 978/1431/317 976/1430/314 879/1276/254 877/1275/252
f 896/1432/318 898/1433/315 977/1434/316 979/1435/319
f 979/1435/319 977/1434/316 978/1436/317 980/1437/320
f 980/1437/320 978/1436/317 877/1272/252 875/1271/250
f 894/1438/321 896/1439/318 979/1440/319 981/1441/322
f 981/1441/322 979/1440/319 980/1442/320 982/1443/323
f 982/1443/323 980/1442/320 875/1268/250 873/1267/248
f 892/1444/324 894/1445/321 981/1446/322 983/1447/325
f 983/1447/325 981/1446/322 982/1448/323 984/1449/326
f 984/1449/326 982/1448/323 873/1265/248 871/1263/246
f 890/1450/327 892/1444/324 983/1447/325 985/1451/328
f 985/1451/328 983/1447/325 984/1449/326 986/1452/329
f 986/1452/329 984/1449/326 871/1263/246 869/1261/244
f 888/1453/330 890/1450/327 985/1451/328 987/1454/331
f 987/1454/331 985/1451/328 986/1452/329 988/1455/332
f 988/1455/332 986/1452/329 869/1261/244 867/1258/242
f 886/1456/333 888/1453/330 987/1454/331 989/1457/334
f 989/1457/334 987/1454/331 988/1455/332 990/1458/335
f 990/1458/335 988/1455/332 867/1258/242 865/1257/240
f 884/1459/239 886/1460/333 989/1461/334 991/1462/239
f 991/1462/239 989/1461/334 990/1463/335 992/1464/239
f 992/1464/239 990/1463/335 865/1255/240 862/1252/239
f 857/1465/239 884/1459/239 991/1462/239 858/1466/239
f 858/1466/239 991/1462/239 992/1464/239 993/1467/239
f 993/1467/239 992/1464/239 862/1252/239 861/1251/239
f 848/1468/238 994/1469/238 995/1470/238 849/1471/238
f 994/1469/238 996/1472/238 997/1473/238 995/1470/238
f 996/1472/238 859/1247/238 852/1250/238 997/1473/238
f 998/1474/237 999/1475/237 861/1476/237 864/1477/237
f 999/1475/237 1000/1478/237 993/1479/237 861/1476/237
f 1000/1478/237 855/1243/237 858/1246/237 993/1479/237
f 850/1480/236 849/1481/236 995/1482/236 971/1483/236
f 971/1483/236 995/1482/236 997/1484/236 973/1485/236
f 973/1485/236 997/1484/236 852/1240/236 851/1239/236
f 842/1364/235 841/1486/235 1001/1487/235 947/1365/235
f 947/1365/235 1001/1487/235 1002/1488/235 949/1367/235
f 949/1367/235 1002/1488/235 844/1232/235 843/1231/235
f 970/1416/237 903/1307/237 1003/1489/237 1004/1490/237
f 1004/1490/237 1003/1489/237 1005/1491/237 1006/1492/237
f 1006/1493/237 1005/1494/237 855/1495/237 1000/1496/237
f 969/1414/237 970/1416/237 1004/1490/237 1007/1497/237
f 1007/1497/237 1004/1490/237 1006/1492/237 1008/1498/237
f 1008/1499/237 1006/1493/237 1000/1496/237 999/1500/237
f 928/1411/237 969/1414/237 1007/1497/237 925/1501/237
f 925/1501/237 1007/1497/237 1008/1498/237 1009/1502/237
f 1009/1503/237 1008/1499/237 999/1500/237 998/1504/237
f 1002/1505/238 1001/1506/238 1010/1507/238 1011/1508/238
f 1011/1508/238 1010/1507/238 1012/1509/238 1013/1510/238
f 1013/1511/238 1012/1512/238 859/1247/238 996/1472/238
f 844/1513/238 1002/1505/238 1011/1508/238 1014/1514/238
f 1014/1514/238 1011/1508/238 1013/1510/238 1015/1515/238
f 1015/1516/238 1013/1511/238 996/1472/238 994/1469/238
f 845/1517/238 844/1513/238 1014/1514/238 1016/1518/238
f 1016/1518/238 1014/1514/238 1015/1515/238 1017/1519/238
f 1017/1520/238 1015/1516/238 994/1469/238 848/1468/238
f 882/1521/2 854/1522/2 1018/1523/2 1019/1524/2
f 1019/1524/2 1018/1523/2 1020/1525/2 1021/1526/2
f 1021/1526/2 1020/1525/2 839/1227/2 945/1361/2
f 880/1527/2 882/1521/2 1019/1524/2 1022/1528/2
f 1022/1528/2 1019/1524/2 1021/1526/2 1023/1529/2
f 1023/1529/2 1021/1526/2 945/1361/2 943/1359/2
f 878/1530/2 880/1527/2 1022/1528/2 1024/1531/2
f 1024/1531/2 1022/1528/2 1023/1529/2 1025/1532/2
f 1025/1532/2 1023/1529/2 943/1359/2 941/1357/2
f 876/1533/2 878/1530/2 1024/1531/2 1026/1534/2
f 1026/1534/2 1024/1531/2 1025/1532/2 1027/1535/2
f 1027/1535/2 1025/1532/2 941/1357/2 939/1355/2
f 874/1536/2 876/1533/2 1026/1534/2 1028/1537/2
f 1028/1537/2 1026/1534/2 1027/1535/2 1029/1538/2
f 1029/1538/2 1027/1535/2 939/1355/2 937/1353/2
f 872/1539/2 874/1536/2 1028/1537/2 1030/1540/2
f 1030/1540/2 1028/1537/2 1029/1538/2 1031/1541/2
f 1031/1541/2 1029/1538/2 937/1353/2 935/1351/2
f 870/1542/2 872/1539/2 1030/1540/2 1032/1543/2
f 1032/1543/2 1030/1540/2 1031/1541/2 1033/1544/2
f 1033/1544/2 1031/1541/2 935/1351/2 933/1349/2
f 868/1545/2 870/1542/2 1032/1543/2 1034/1546/2
f 1034/1546/2 1032/1543/2 1033/1544/2 1035/1547/2
f 1035/1547/2 1033/1544/2 933/1349/2 931/1347/2
f 866/1548/2 868/1545/2 1034/1546/2 1036/1549/2
f 1036/1549/2 1034/1546/2 1035/1547/2 1037/1550/2
f 1037/1550/2 1035/1547/2 931/1347/2 929/1345/2
f 863/1551/2 866/1548/2 1036/1549/2 1038/1552/2
f 1038/1552/2 1036/1549/2 1037/1550/2 1039/1553/2
f 1039/1553/2 1037/1550/2 929/1345/2 926/1342/2
f 864/1554/2 863/1551/2 1038/1552/2 998/1555/2
f 998/1555/2 1038/1552/2 1039/1553/2 1009/1556/2
f 1009/1556/2 1039/1553/2 926/1342/2 925/1341/2
f 924/1557/1 846/1558/1 1040/1559/1 1041/1560/1
f 1041/1560/1 1040/1559/1 1042/1561/1 1043/1562/1
f 1043/1562/1 1042/1561/1 847/1235/1 901/1305/1
f 922/1563/1 924/1557/1 1041/1560/1 1044/1564/1
f 1044/1564/1 1041/1560/1 1043/1562/1 1045/1565/1
f 1045/1565/1 1043/1562/1 901/1305/1 899/1303/1
f 920/1566/1 922/1563/1 1044/1564/1 1046/1567/1
f 1046/1567/1 1044/1564/1 1045/1565/1 1047/1568/1
f 1047/1568/1 1045/1565/1 899/1303/1 897/1301/1
f 918/1569/1 920/1566/1 1046/1567/1 1048/1570/1
f 1048/1570/1 1046/1567/1 1047/1568/1 1049/1571/1
f 1049/1571/1 1047/1568/1 897/1301/1 895/1299/1
f 916/1572/1 918/1569/1 1048/1570/1 1050/1573/1
f 1050/1573/1 1048/1570/1 1049/1571/1 1051/1574/1
f 1051/1574/1 1049/1571/1 895/1299/1 893/1297/1
f 914/1575/1 916/1572/1 1050/1573/1 1052/1576/1
f 1052/1576/1 1050/1573/1 1051/1574/1 1053/1577/1
f 1053/1577/1 1051/1574/1 893/1297/1 891/1295/1
f 912/1578/1 914/1575/1 1052/1576/1 1054/1579/1
f 1054/1579/1 1052/1576/1 1053/1577/1 1055/1580/1
f 1055/1580/1 1053/1577/1 891/1295/1 889/1293/1
f 910/1581/1 912/1578/1 1054/1579/1 1056/1582/1
f 1056/1582/1 1054/1579/1 1055/1580/1 1057/1583/1
f 1057/1583/1 1055/1580/1 889/1293/1 887/1291/1
f 908/1584/1 910/1581/1 1056/1582/1 1058/1585/1
f 1058/1585/1 1056/1582/1 1057/1583/1 1059/1586/1
f 1059/1586/1 1057/1583/1 887/1291/1 885/1289/1
f 905/1587/1 908/1584/1 1058/1585/1 1060/1588/1
f 1060/1588/1 1058/1585/1 1059/1586/1 1061/1589/1
f 1061/1589/1 1059/1586/1 885/1289/1 883/1286/1
f 906/1590/1 905/1587/1 1060/1588/1 1062/1591/1
f 1062/1591/1 1060/1588/1 1061/1589/1 1063/1592/1
f 1063/1592/1 1061/1589/1 883/1286/1 856/1285/1
f 1001/1506/238 841/1593/238 840/1594/238 1010/1507/238
f 1010/1507/238 840/1594/238 1064/1595/238 1012/1509/238
f 1012/1512/238 1064/1596/238 860/1248/238 859/1247/238
f 903/1307/237 906/1310/237 1062/1597/237 1003/1489/237
f 1003/1489/237 1062/1597/237 1063/1598/237 1005/1491/237
f 1005/1494/237 1063/1599/237 856/1600/237 855/1495/237
f 846/1558/1 845/1601/1 1016/1602/1 1040/1559/1
f 1040/1559/1 1016/1602/1 1017/1603/1 1042/1561/1
f 1042/1561/1 1017/1603/1 848/1236/1 847/1235/1
f 854/1522/2 853/1604/2 860/1605/2 1018/1523/2
f 1018/1523/2 860/1605/2 1064/1606/2 1020/1525/2
f 1020/1525/2 1064/1606/2 840/1228/2 839/1227/2
f 1065/1607/2 1066/1608/2 1067/1609/2 1068/1610/2
f 1069/1611/336 1070/1612/336 1071/1613/336 1072/1614/336
f 1073/1615/1 1074/1616/1 1075/1617/1 1076/1618/1
f 1077/1619/337 1078/1620/338 1079/1621/338 1080/1622/339
f 1081/1623/340 1082/1624/340 1083/1625/340 1084/1626/340
f 1085/1627/341 1086/1628/341 1079/1629/341 1078/1630/341
f 1087/1631/342 1088/1632/342 1089/1633/342 1090/1634/342
f 1088/1632/342 1091/1635/343 1092/1636/344 1089/1633/342
f 1091/1635/343 1093/1637/345 1094/1638/346 1092/1636/344
f 1093/1637/345 1095/1639/347 1096/1640/348 1094/1638/346
f 1095/1639/347 1097/1641/349 1098/1642/350 1096/1640/348
f 1097/1641/349 1099/1643/351 1100/1644/352 1098/1642/350
f 1099/1643/351 1101/1645/353 1102/1646/354 1100/1644/352
f 1101/1647/353 1103/1648/355 1104/1649/356 1102/1650/354
f 1103/1651/355 1105/1652/357 1106/1653/358 1104/1654/356
f 1105/1655/357 1107/1656/359 1108/1657/360 1106/1658/358
f 1107/1656/359 1077/1659/337 1080/1660/339 1108/1657/360
f 1082/1661/1 1109/1662/1 1110/1663/1 1083/1664/1
f 1109/1662/1 1111/1665/1 1112/1666/1 1110/1663/1
f 1111/1665/1 1113/1667/1 1114/1668/1 1112/1666/1
f 1113/1667/1 1115/1669/1 1116/1670/1 1114/1668/1
f 1115/1669/1 1117/1671/1 1118/1672/1 1116/1670/1
f 1117/1671/1 1119/1673/1 1120/1674/1 1118/1672/1
f 1119/1673/1 1121/1675/1 1122/1676/1 1120/1674/1
f 1121/1675/1 1123/1677/1 1124/1678/1 1122/1676/1
f 1123/1677/1 1125/1679/1 1126/1680/1 1124/1678/1
f 1125/1679/1 1127/1681/1 1128/1682/1 1126/1680/1
f 1127/1681/1 1073/1615/1 1076/1618/1 1128/1682/1
f 1129/1683/361 1130/1684/361 1131/1685/361 1132/1686/361
f 1130/1687/361 1133/1688/361 1134/1689/361 1131/1690/361
f 1133/1691/361 1135/1692/362 1136/1693/363 1134/1694/361
f 1135/1695/362 1137/1696/364 1138/1697/365 1136/1698/363
f 1137/1696/364 1139/1699/366 1140/1700/367 1138/1697/365
f 1139/1699/366 1141/1701/368 1142/1702/369 1140/1700/367
f 1141/1701/368 1143/1703/370 1144/1704/371 1142/1702/369
f 1143/1703/370 1145/1705/372 1146/1706/373 1144/1704/371
f 1145/1707/372 1147/1708/374 1148/1709/375 1146/1710/373
f 1147/1711/374 1149/1712/376 1150/1713/377 1148/1714/375
f 1149/1715/376 1069/1611/336 1072/1614/336 1150/1716/377
f 1151/1717/2 1152/1718/2 1153/1719/2 1154/1720/2
f 1152/1718/2 1155/1721/2 1156/1722/2 1153/1719/2
f 1155/1721/2 1157/1723/2 1158/1724/2 1156/1722/2
f 1157/1723/2 1159/1725/2 1160/1726/2 1158/1724/2
f 1159/1725/2 1161/1727/2 1162/1728/2 1160/1726/2
f 1161/1727/2 1163/1729/2 1164/1730/2 1162/1728/2
f 1163/1729/2 1165/1731/2 1166/1732/2 1164/1730/2
f 1165/1731/2 1167/1733/2 1168/1734/2 1166/1732/2
f 1167/1733/2 1169/1735/2 1170/1736/2 1168/1734/2
f 1169/1735/2 1171/1737/2 1172/1738/2 1170/1736/2
f 1171/1737/2 1065/1607/2 1068/1610/2 1172/1738/2
f 1172/1739/378 1068/1740/379 1173/1741/380 1174/1742/381
f 1174/1742/381 1173/1741/380 1175/1743/382 1176/1744/383
f 1176/1744/383 1175/1743/382 1069/1611/336 1149/1715/376
f 1170/1745/384 1172/1746/378 1174/1747/381 1177/1748/385
f 1177/1748/385 1174/1747/381 1176/1749/383 1178/1750/386
f 1178/1750/386 1176/1749/383 1149/1712/376 1147/1711/374
f 1168/1751/387 1170/1752/384 1177/1753/385 1179/1754/388
f 1179/1754/388 1177/1753/385 1178/1755/386 1180/1756/389
f 1180/1756/389 1178/1755/386 1147/1708/374 1145/1707/372
f 1166/1757/390 1168/1758/387 1179/1759/388 1181/1760/391
f 1181/1760/391 1179/1759/388 1180/1761/389 1182/1762/392
f 1182/1762/392 1180/1761/389 1145/1705/372 1143/1703/370
f 1164/1763/393 1166/1757/390 1181/1760/391 1183/1764/394
f 1183/1764/394 1181/1760/391 1182/1762/392 1184/1765/395
f 1184/1765/395 1182/1762/392 1143/1703/370 1141/1701/368
f 1162/1766/396 1164/1763/393 1183/1764/394 1185/1767/397
f 1185/1767/397 1183/1764/394 1184/1765/395 1186/1768/398
f 1186/1768/398 1184/1765/395 1141/1701/368 1139/1699/366
f 1160/1769/399 1162/1766/396 1185/1767/397 1187/1770/400
f 1187/1770/400 1185/1767/397 1186/1768/398 1188/1771/401
f 1188/1771/401 1186/1768/398 1139/1699/366 1137/1696/364
f 1158/1772/402 1160/1769/399 1187/1770/400 1189/1773/403
f 1189/1773/403 1187/1770/400 1188/1771/401 1190/1774/404
f 1190/1774/404 1188/1771/401 1137/1696/364 1135/1695/362
f 1156/1775/405 1158/1776/402 1189/1777/403 1191/1778/406
f 1191/1778/406 1189/1777/403 1190/1779/404 1192/1780/407
f 1192/1780/407 1190/1779/404 1135/1692/362 1133/1691/361
f 1153/1781/361 1156/1782/405 1191/1783/406 1193/1784/361
f 1193/1784/361 1191/1783/406 1192/1785/407 1194/1786/361
f 1194/1786/361 1192/1785/407 1133/1688/361 1130/1687/361
f 1154/1787/361 1153/1788/361 1193/1789/361 1195/1790/361
f 1195/1790/361 1193/1789/361 1194/1791/361 1196/1792/361
f 1196/1792/361 1194/1791/361 1130/1684/361 1129/1683/361
f 1128/1793/408 1076/1794/409 1197/1795/410 1198/1796/411
f 1198/1796/411 1197/1795/410 1199/1797/412 1200/1798/413
f 1200/1798/413 1199/1797/412 1077/1659/337 1107/1656/359
f 1126/1799/414 1128/1793/408 1198/1796/411 1201/1800/415
f 1201/1800/415 1198/1796/411 1200/1798/413 1202/1801/416
f 1202/1801/416 1200/1798/413 1107/1656/359 1105/1655/357
f 1124/1802/417 1126/1803/414 1201/1804/415 1203/1805/418
f 1203/1805/418 1201/1804/415 1202/1806/416 1204/1807/419
f 1204/1807/419 1202/1806/416 1105/1652/357 1103/1651/355
f 1122/1808/420 1124/1809/417 1203/1810/418 1205/1811/421
f 1205/1811/421 1203/1810/418 1204/1812/419 1206/1813/422
f 1206/1813/422 1204/1812/419 1103/1648/355 1101/1647/353
f 1120/1814/423 1122/1815/420 1205/1816/421 1207/1817/424
f 1207/1817/424 1205/1816/421 1206/1818/422 1208/1819/425
f 1208/1819/425 1206/1818/422 1101/1645/353 1099/1643/351
f 1118/1820/426 1120/1814/423 1207/1817/424 1209/1821/427
f 1209/1821/427 1207/1817/424 1208/1819/425 1210/1822/428
f 1210/1822/428 1208/1819/425 1099/1643/351 1097/1641/349
f 1116/1823/429 1118/1820/426 1209/1821/427 1211/1824/430
f 1211/1824/430 1209/1821/427 1210/1822/428 1212/1825/431
f 1212/1825/431 1210/1822/428 1097/1641/349 1095/1639/347
f 1114/1826/432 1116/1823/429 1211/1824/430 1213/1827/433
f 1213/1827/433 1211/1824/430 1212/1825/431 1214/1828/434
f 1214/1828/434 1212/1825/431 1095/1639/347 1093/1637/345
f 1112/1829/435 1114/1826/432 1213/1827/433 1215/1830/436
f 1215/1830/436 1213/1827/433 1214/1828/434 1216/1831/437
f 1216/1831/437 1214/1828/434 1093/1637/345 1091/1635/343
f 1110/1832/342 1112/1829/435 1215/1830/436 1217/1833/342
f 1217/1833/342 1215/1830/436 1216/1831/437 1218/1834/342
f 1218/1834/342 1216/1831/437 1091/1635/343 1088/1632/342
f 1083/1625/342 1110/1832/342 1217/1833/342 1084/1626/342
f 1084/1626/342 1217/1833/342 1218/1834/342 1219/1835/342
f 1219/1835/342 1218/1834/342 1088/1632/342 1087/1631/342
f 1074/1836/341 1220/1837/341 1221/1838/341 1075/1839/341
f 1220/1837/341 1222/1840/341 1223/1841/341 1221/1838/341
f 1222/1840/341 1085/1627/341 1078/1630/341 1223/1841/341
f 1224/1842/340 1225/1843/340 1087/1631/340 1090/1634/340
f 1225/1843/340 1226/1844/340 1219/1835/340 1087/1631/340
f 1226/1844/340 1081/1623/340 1084/1626/340 1219/1835/340
f 1076/1845/409 1075/1846/338 1221/1847/338 1197/1848/410
f 1197/1848/410 1221/1847/338 1223/1849/338 1199/1850/412
f 1199/1850/412 1223/1849/338 1078/1620/338 1077/1619/337
f 1068/1740/379 1067/1851/336 1227/1852/336 1173/1741/380
f 1173/1741/380 1227/1852/336 1228/1853/336 1175/1743/382
f 1175/1743/382 1228/1853/336 1070/1612/336 1069/1611/336
f 1196/1792/340 1129/1683/340 1229/1854/340 1230/1855/340
f 1230/1856/340 1229/1857/340 1231/1858/340 1232/1859/340
f 1232/1860/340 1231/1861/340 1081/1862/340 1226/1863/340
f 1195/1790/340 1196/1792/340 1230/1855/340 1233/1864/340
f 1233/1865/340 1230/1856/340 1232/1859/340 1234/1866/340
f 1234/1867/340 1232/1860/340 1226/1863/340 1225/1868/340
f 1154/1787/340 1195/1790/340 1233/1864/340 1151/1869/340
f 1151/1870/340 1233/1865/340 1234/1866/340 1235/1871/340
f 1235/1872/340 1234/1867/340 1225/1868/340 1224/1873/340
f 1228/1874/341 1227/1875/341 1236/1876/341 1237/1877/341
f 1237/1878/341 1236/1879/341 1238/1880/341 1239/1881/341
f 1239/1881/341 1238/1880/341 1085/1882/341 1222/1883/341
f 1070/1884/341 1228/1874/341 1237/1877/341 1240/1885/341
f 1240/1886/341 1237/1878/341 1239/1881/341 1241/1887/341
f 1241/1887/341 1239/1881/341 1222/1883/341 1220/1888/341
f 1071/1889/341 1070/1884/341 1240/1885/341 1242/1890/341
f 1242/1891/341 1240/1886/341 1241/1887/341 1243/1892/341
f 1243/1892/341 1241/1887/341 1220/1888/341 1074/1893/341
f 1108/1894/2 1080/1895/2 1244/1896/2 1245/1897/2
f 1245/1897/2 1244/1896/2 1246/1898/2 1247/1899/2
f 1247/1899/2 1246/1898/2 1065/1607/2 1171/1737/2
f 1106/1900/2 1108/1894/2 1245/1897/2 1248/1901/2
f 1248/1901/2 1245/1897/2 1247/1899/2 1249/1902/2
f 1249/1902/2 1247/1899/2 1171/1737/2 1169/1735/2
f 1104/1903/2 1106/1900/2 1248/1901/2 1250/1904/2
f 1250/1904/2 1248/1901/2 1249/1902/2 1251/1905/2
f 1251/1905/2 1249/1902/2 1169/1735/2 1167/1733/2
f 1102/1906/2 1104/1903/2 1250/1904/2 1252/1907/2
f 1252/1907/2 1250/1904/2 1251/1905/2 1253/1908/2
f 1253/1908/2 1251/1905/2 1167/1733/2 1165/1731/2
f 1100/1909/2 1102/1906/2 1252/1907/2 1254/1910/2
f 1254/1910/2 1252/1907/2 1253/1908/2 1255/1911/2
f 1255/1911/2 1253/1908/2 1165/1731/2 1163/1729/2
f 1098/1912/2 1100/1909/2 1254/1910/2 1256/1913/2
f 1256/1913/2 1254/1910/2 1255/1911/2 1257/1914/2
f 1257/1914/2 1255/1911/2 1163/1729/2 1161/1727/2
f 1096/1915/2 1098/1912/2 1256/1913/2 1258/1916/2
f 1258/1916/2 1256/1913/2 1257/1914/2 1259/1917/2
f 1259/1917/2 1257/1914/2 1161/1727/2 1159/1725/2
f 1094/1918/2 1096/1915/2 1258/1916/2 1260/1919/2
f 1260/1919/2 1258/1916/2 1259/1917/2 1261/1920/2
f 1261/1920/2 1259/1917/2 1159/1725/2 1157/1723/2
f 1092/1921/2 1094/1918/2 1260/1919/2 1262/1922/2
f 1262/1922/2 1260/1919/2 1261/1920/2 1263/1923/2
f 1263/1923/2 1261/1920/2 1157/1723/2 1155/1721/2
f 1089/1924/2 1092/1921/2 1262/1922/2 1264/1925/2
f 1264/1925/2 1262/1922/2 1263/1923/2 1265/1926/2
f 1265/1926/2 1263/1923/2 1155/1721/2 1152/1718/2
f 1090/1927/2 1089/1924/2 1264/1925/2 1224/1928/2
f 1224/1928/2 1264/1925/2 1265/1926/2 1235/1929/2
f 1235/1929/2 1265/1926/2 1152/1718/2 1151/1717/2
f 1150/1930/1 1072/1931/1 1266/1932/1 1267/1933/1
f 1267/1933/1 1266/1932/1 1268/1934/1 1269/1935/1
f 1269/1935/1 1268/1934/1 1073/1615/1 1127/1681/1
f 1148/1936/1 1150/1930/1 1267/1933/1 1270/1937/1
f 1270/1937/1 1267/1933/1 1269/1935/1 1271/1938/1
f 1271/1938/1 1269/1935/1 1127/1681/1 1125/1679/1
f 1146/1939/1 1148/1936/1 1270/1937/1 1272/1940/1
f 1272/1940/1 1270/1937/1 1271/1938/1 1273/1941/1
f 1273/1941/1 1271/1938/1 1125/1679/1 1123/1677/1
f 1144/1942/1 1146/1939/1 1272/1940/1 1274/1943/1
f 1274/1943/1 1272/1940/1 1273/1941/1 1275/1944/1
f 1275/1944/1 1273/1941/1 1123/1677/1 1121/1675/1
f 1142/1945/1 1144/1942/1 1274/1943/1 1276/1946/1
f 1276/1946/1 1274/1943/1 1275/1944/1 1277/1947/1
f 1277/1947/1 1275/1944/1 1121/1675/1 1119/1673/1
f 1140/1948/1 1142/1945/1 1276/1946/1 1278/1949/1
f 1278/1949/1 1276/1946/1 1277/1947/1 1279/1950/1
f 1279/1950/1 1277/1947/1 1119/1673/1 1117/1671/1
f 1138/1951/1 1140/1948/1 1278/1949/1 1280/1952/1
f 1280/1952/1 1278/1949/1 1279/1950/1 1281/1953/1
f 1281/1953/1 1279/1950/1 1117/1671/1 1115/1669/1
f 1136/1954/1 1138/1951/1 1280/1952/1 1282/1955/1
f 1282/1955/1 1280/1952/1 1281/1953/1 1283/1956/1
f 1283/1956/1 1281/1953/1 1115/1669/1 1113/1667/1
f 1134/1957/1 1136/1954/1 1282/1955/1 1284/1958/1
f 1284/1958/1 1282/1955/1 1283/1956/1 1285/1959/1
f 1285/1959/1 1283/1956/1 1113/1667/1 1111/1665/1
f 1131/1960/1 1134/1957/1 1284/1958/1 1286/1961/1
f 1286/1961/1 1284/1958/1 1285/1959/1 1287/1962/1
f 1287/1962/1 1285/1959/1 1111/1665/1 1109/1662/1
f 1132/1963/1 1131/1960/1 1286/1961/1 1288/1964/1
f 1288/1964/1 1286/1961/1 1287/1962/1 1289/1965/1
f 1289/1965/1 1287/1962/1 1109/1662/1 1082/1661/1
f 1227/1875/341 1067/1966/341 1066/1967/341 1236/1876/341
f 1236/1879/341 1066/1968/341 1290/1969/341 1238/1880/341
f 1238/1880/341 1290/1969/341 1086/1970/341 1085/1882/341
f 1129/1683/340 1132/1686/340 1288/1971/340 1229/1854/340
f 1229/1857/340 1288/1972/340 1289/1973/340 1231/1858/340
f 1231/1861/340 1289/1974/340 1082/1975/340 1081/1862/340
f 1072/1931/1 1071/1976/1 1242/1977/1 1266/1932/1
f 1266/1932/1 1242/1977/1 1243/1978/1 1268/1934/1
f 1268/1934/1 1243/1978/1 1074/1616/1 1073/1615/1
f 1080/1895/2 1079/1979/2 1086/1980/2 1244/1896/2
f 1244/1896/2 1086/1980/2 1290/1981/2 1246/1898/2
f 1246/1898/2 1290/1981/2 1066/1608/2 1065/1607/2
f 1291/1982/1 1292/1983/1 1293/1984/1 1294/1985/1
f 1295/1986/1 1296/1987/1 1297/1988/1 1298/1989/1
f 1298/1989/1 1297/1988/1 1299/1990/1 1300/1991/1
f 1300/1991/1 1299/1990/1 1301/1992/1 1302/1993/1
f 1302/1993/1 1301/1992/1 1303/1994/1 1304/1995/1
f 1305/1996/1 1302/1993/1 1304/1995/1 1306/1997/1
f 1307/1998/1 1300/1991/1 1302/1993/1 1305/1996/1
f 1308/1999/1 1298/1989/1 1300/1991/1 1307/1998/1
f 1309/2000/1 1295/1986/1 1298/1989/1 1308/1999/1
f 1310/2001/1 1305/1996/1 1306/1997/1 1311/2002/1
f 1312/2003/1 1307/1998/1 1305/1996/1 1310/2001/1
f 1313/2004/1 1308/1999/1 1307/1998/1 1312/2003/1
f 1314/2005/1 1309/2000/1 1308/1999/1 1313/2004/1
f 1315/2006/1 1312/2003/1 1310/2001/1 1316/2007/1
f 1317/2008/1 1313/2004/1 1312/2003/1 1315/2006/1
f 1316/2007/1 1310/2001/1 1311/2002/1 1318/2009/1
f 1319/2010/1 1316/2007/1 1318/2009/1 1320/2011/1
f 1321/2012/1 1314/2005/1 1313/2004/1 1317/2008/1
f 1322/2013/1 1321/2012/1 1317/2008/1 1323/2014/1
f 1323/2014/1 1317/2008/1 1315/2006/1 1324/2015/1
f 1325/2016/1 1326/2017/1 1327/2018/1 1328/2019/1
f 1327/2018/1 1319/2010/1 1320/2011/1 1329/2020/1
f 1328/2019/1 1327/2018/1 1329/2020/1 1330/2021/1
f 1331/2022/1 1332/2023/1 1326/2017/1 1325/2016/1
f 1333/2024/1 1322/2013/1 1323/2014/1 1332/2023/1
f 1334/2025/1 1333/2024/1 1332/2023/1 1331/2022/1
f 1335/2026/1 1334/2025/1 1331/2022/1 1336/2027/1
f 1336/2027/1 1331/2022/1 1325/2016/1 1337/2028/1
f 1337/2028/1 1325/2016/1 1328/2019/1 1338/2029/1
f 1293/1984/1 1337/2028/1 1338/2029/1 1339/2030/1
f 1292/1983/1 1336/2027/1 1337/2028/1 1293/1984/1
f 1294/1985/1 1293/1984/1 1339/2030/1 1340/2031/1
f 1338/2029/1 1328/2019/1 1330/2021/1 1341/2032/1
f 1339/2030/1 1338/2029/1 1341/2032/1 1342/2033/1
f 1340/2031/1 1339/2030/1 1342/2033/1 1343/2034/1
f 1344/2035/1 1340/2031/1 1343/2034/1 1345/2036/1
f 1346/2037/1 1335/2026/1 1336/2027/1 1292/1983/1
f 1347/2038/1 1346/2037/1 1292/1983/1 1291/1982/1
f 1348/2039/1 1347/2038/1 1291/1982/1 1349/2040/1
f 1350/2041/1 1348/2039/1 1349/2040/1 1351/2042/1
f 1351/2042/1 1349/2040/1 1352/2043/1 1353/2044/1
f 1349/2040/1 1291/1982/1 1294/1985/1 1352/2043/1
f 1353/2044/1 1352/2043/1 1344/2035/1 1354/2045/1
f 1354/2045/1 1344/2035/1 1345/2036/1 1355/2046/1
f 1356/2047/2 1357/2048/2 1358/2049/2 1359/2050/2
f 1360/2051/2 1361/2052/2 1362/2053/2 1363/2054/2
f 1361/2052/2 1364/2055/2 1365/2056/2 1362/2053/2
f 1364/2055/2 1366/2057/2 1367/2058/2 1365/2056/2
f 1366/2057/2 1368/2059/2 1369/2060/2 1367/2058/2
f 1370/2061/2 1371/2062/2 1368/2059/2 1366/2057/2
f 1372/2063/2 1370/2061/2 1366/2057/2 1364/2055/2
f 1373/2064/2 1372/2063/2 1364/2055/2 1361/2052/2
f 1374/2065/2 1373/2064/2 1361/2052/2 1360/2051/2
f 1375/2066/2 1376/2067/2 1371/2062/2 1370/2061/2
f 1377/2068/2 1375/2066/2 1370/2061/2 1372/2063/2
f 1378/2069/2 1377/2068/2 1372/2063/2 1373/2064/2
f 1379/2070/2 1378/2069/2 1373/2064/2 1374/2065/2
f 1380/2071/2 1381/2072/2 1375/2066/2 1377/2068/2
f 1382/2073/2 1380/2071/2 1377/2068/2 1378/2069/2
f 1381/2072/2 1383/2074/2 1376/2067/2 1375/2066/2
f 1384/2075/2 1385/2076/2 1383/2074/2 1381/2072/2
f 1386/2077/2 1382/2073/2 1378/2069/2 1379/2070/2
f 1387/2078/2 1388/2079/2 1382/2073/2 1386/2077/2
f 1389/2080/2 1384/2075/2 1381/2072/2 1380/2071/2
f 1388/2079/2 1389/2080/2 1380/2071/2 1382/2073/2
f 1390/2081/2 1391/2082/2 1389/2080/2 1388/2079/2
f 1391/2082/2 1392/2083/2 1384/2075/2 1389/2080/2
f 1393/2084/2 1394/2085/2 1392/2083/2 1391/2082/2
f 1392/2083/2 1395/2086/2 1385/2076/2 1384/2075/2
f 1394/2085/2 1396/2087/2 1395/2086/2 1392/2083/2
f 1397/2088/2 1393/2084/2 1391/2082/2 1390/2081/2
f 1398/2089/2 1390/2081/2 1388/2079/2 1387/2078/2
f 1399/2090/2 1397/2088/2 1390/2081/2 1398/2089/2
f 1400/2091/2 1401/2092/2 1397/2088/2 1399/2090/2
f 1401/2092/2 1402/2093/2 1393/2084/2 1397/2088/2
f 1358/2049/2 1403/2094/2 1404/2095/2 1402/2093/2
f 1359/2050/2 1358/2049/2 1402/2093/2 1401/2092/2
f 1357/2048/2 1405/2096/2 1403/2094/2 1358/2049/2
f 1406/2097/2 1407/2098/2 1408/2099/2 1405/2096/2
f 1409/2100/2 1359/2050/2 1401/2092/2 1400/2091/2
f 1410/2101/2 1356/2047/2 1359/2050/2 1409/2100/2
f 1411/2102/2 1412/2103/2 1356/2047/2 1410/2101/2
f 1413/2104/2 1414/2105/2 1412/2103/2 1411/2102/2
f 1414/2105/2 1415/2106/2 1416/2107/2 1412/2103/2
f 1412/2103/2 1416/2107/2 1357/2048/2 1356/2047/2
f 1416/2107/2 1406/2097/2 1405/2096/2 1357/2048/2
f 1415/2106/2 1417/2108/2 1406/2097/2 1416/2107/2
f 1417/2108/2 1418/2109/2 1407/2098/2 1406/2097/2
f 1301/2110/3 1419/2111/3 1420/2112/3 1303/2113/3
f 1421/2114/3 1422/2115/3 1423/2116/3 1424/2117/3
f 1425/2118/3 1421/2114/3 1424/2117/3 1426/2119/3
f 1427/2120/3 1425/2118/3 1426/2119/3 1428/2121/3
f 1429/2122/3 1427/2120/3 1428/2121/3 1430/2123/3
f 1431/2124/3 1429/2122/3 1430/2123/3 1432/2125/3
f 1433/2126/3 1431/2124/3 1432/2125/3 1434/2127/3
f 1434/2127/3 1432/2125/3 1435/2128/3 1419/2111/3
f 1432/2125/3 1430/2123/3 1436/2129/3 1435/2128/3
f 1430/2123/3 1428/2121/3 1437/2130/3 1436/2129/3
f 1428/2121/3 1426/2119/3 1438/2131/3 1437/2130/3
f 1426/2119/3 1424/2117/3 1439/2132/3 1438/2131/3
f 1424/2117/3 1423/2116/3 1440/2133/3 1439/2132/3
f 1441/2134/3 1442/2135/3 1422/2115/3 1421/2114/3
f 1443/2136/3 1441/2134/3 1421/2114/3 1425/2118/3
f 1444/2137/3 1443/2136/3 1425/2118/3 1427/2120/3
f 1445/2138/3 1444/2137/3 1427/2120/3 1429/2122/3
f 1446/2139/3 1445/2138/3 1429/2122/3 1431/2124/3
f 1447/2140/3 1446/2139/3 1431/2124/3 1433/2126/3
f 1419/2111/3 1435/2128/3 1448/2141/3 1420/2112/3
f 1435/2128/3 1436/2129/3 1449/2142/3 1448/2141/3
f 1436/2129/3 1437/2130/3 1450/2143/3 1449/2142/3
f 1437/2130/3 1438/2131/3 1451/2144/3 1450/2143/3
f 1438/2131/3 1439/2132/3 1452/2145/3 1451/2144/3
f 1439/2132/3 1440/2133/3 1453/2146/3 1452/2145/3
f 1296/2147/3 1447/2140/3 1433/2126/3 1297/2148/3
f 1297/2148/3 1433/2126/3 1434/2127/3 1299/2149/3
f 1299/2149/3 1434/2127/3 1419/2111/3 1301/2110/3
f 1440/2133/3 1367/2150/3 1369/2151/3 1453/2146/3
f 1423/2116/3 1365/2152/3 1367/2150/3 1440/2133/3
f 1422/2115/3 1362/2153/3 1365/2152/3 1423/2116/3
f 1442/2135/3 1363/2154/3 1362/2153/3 1422/2115/3
f 1318/2155/4 1311/2156/4 1454/2157/4 1455/2158/4
f 1456/2159/4 1457/2160/4 1458/2161/4 1459/2162/4
f 1459/2162/4 1458/2161/4 1460/2163/4 1461/2164/4
f 1461/2164/4 1460/2163/4 1462/2165/4 1463/2166/4
f 1463/2166/4 1462/2165/4 1408/2167/4 1407/2168/4
f 1464/2169/4 1463/2166/4 1407/2168/4 1418/2170/4
f 1465/2171/4 1461/2164/4 1463/2166/4 1464/2169/4
f 1466/2172/4 1459/2162/4 1461/2164/4 1465/2171/4
f 1467/2173/4 1456/2159/4 1459/2162/4 1466/2172/4
f 1468/2174/4 1469/2175/4 1470/2176/4 1471/2177/4
f 1471/2177/4 1470/2176/4 1456/2159/4 1467/2173/4
f 1470/2176/4 1472/2178/4 1457/2160/4 1456/2159/4
f 1469/2175/4 1473/2179/4 1472/2178/4 1470/2176/4
f 1474/2180/4 1475/2181/4 1469/2175/4 1468/2174/4
f 1355/2182/4 1345/2183/4 1475/2181/4 1474/2180/4
f 1345/2183/4 1343/2184/4 1476/2185/4 1475/2181/4
f 1343/2184/4 1342/2186/4 1477/2187/4 1476/2185/4
f 1341/2188/4 1330/2189/4 1478/2190/4 1479/2191/4
f 1342/2186/4 1341/2188/4 1479/2191/4 1477/2187/4
f 1330/2189/4 1329/2192/4 1480/2193/4 1478/2190/4
f 1481/2194/4 1482/2195/4 1483/2196/4 1484/2197/4
f 1485/2198/4 1486/2199/4 1482/2195/4 1481/2194/4
f 1487/2200/4 1488/2201/4 1489/2202/4 1490/2203/4
f 1486/2199/4 1487/2200/4 1490/2203/4 1482/2195/4
f 1491/2204/4 1492/2205/4 1487/2200/4 1486/2199/4
f 1493/2206/4 1491/2204/4 1486/2199/4 1485/2198/4
f 1492/2205/4 1494/2207/4 1488/2201/4 1487/2200/4
f 1494/2207/4 1495/2208/4 1496/2209/4 1488/2201/4
f 1488/2201/4 1496/2209/4 1497/2210/4 1489/2202/4
f 1496/2209/4 1498/2211/4 1499/2212/4 1497/2210/4
f 1497/2210/4 1499/2212/4 1383/2213/4 1385/2214/4
f 1489/2202/4 1497/2210/4 1385/2214/4 1395/2215/4
f 1490/2203/4 1489/2202/4 1395/2215/4 1396/2216/4
f 1482/2195/4 1490/2203/4 1396/2216/4 1483/2196/4
f 1462/2165/4 1481/2194/4 1484/2197/4 1408/2167/4
f 1460/2163/4 1485/2198/4 1481/2194/4 1462/2165/4
f 1458/2161/4 1493/2206/4 1485/2198/4 1460/2163/4
f 1457/2160/4 1500/2217/4 1493/2206/4 1458/2161/4
f 1472/2178/4 1501/2218/4 1500/2217/4 1457/2160/4
f 1473/2179/4 1502/2219/4 1501/2218/4 1472/2178/4
f 1475/2181/4 1476/2185/4 1473/2179/4 1469/2175/4
f 1476/2185/4 1477/2187/4 1502/2219/4 1473/2179/4
f 1477/2187/4 1479/2191/4 1503/2220/4 1502/2219/4
f 1502/2219/4 1503/2220/4 1504/2221/4 1501/2218/4
f 1503/2220/4 1505/2222/4 1506/2223/4 1504/2221/4
f 1505/2222/4 1507/2224/4 1508/2225/4 1506/2223/4
f 1500/2217/4 1509/2226/4 1491/2204/4 1493/2206/4
f 1509/2226/4 1510/2227/4 1492/2205/4 1491/2204/4
f 1510/2227/4 1511/2228/4 1494/2207/4 1492/2205/4
f 1501/2218/4 1504/2221/4 1509/2226/4 1500/2217/4
f 1504/2221/4 1506/2223/4 1510/2227/4 1509/2226/4
f 1506/2223/4 1508/2225/4 1511/2228/4 1510/2227/4
f 1479/2191/4 1478/2190/4 1505/2222/4 1503/2220/4
f 1478/2190/4 1480/2193/4 1507/2224/4 1505/2222/4
f 1480/2193/4 1512/2229/4 1513/2230/4 1507/2224/4
f 1329/2192/4 1320/2231/4 1512/2229/4 1480/2193/4
f 1320/2231/4 1318/2155/4 1455/2158/4 1512/2229/4
f 1512/2229/4 1455/2158/4 1514/2232/4 1513/2230/4
f 1507/2224/4 1513/2230/4 1515/2233/4 1508/2225/4
f 1513/2230/4 1514/2232/4 1516/2234/4 1515/2233/4
f 1514/2232/4 1517/2235/4 1518/2236/4 1516/2234/4
f 1455/2158/4 1454/2157/4 1517/2235/4 1514/2232/4
f 1454/2157/4 1519/2237/4 1520/2238/4 1517/2235/4
f 1311/2156/4 1306/2239/4 1519/2237/4 1454/2157/4
f 1306/2239/4 1304/2240/4 1521/2241/4 1519/2237/4
f 1519/2237/4 1521/2241/4 1522/2242/4 1520/2238/4
f 1523/2243/4 1524/2244/4 1525/2245/4 1495/2208/4
f 1495/2208/4 1525/2245/4 1498/2211/4 1496/2209/4
f 1525/2245/4 1526/2246/4 1527/2247/4 1498/2211/4
f 1499/2212/4 1528/2248/4 1376/2249/4 1383/2213/4
f 1498/2211/4 1527/2247/4 1528/2248/4 1499/2212/4
f 1527/2247/4 1529/2250/4 1530/2251/4 1528/2248/4
f 1528/2248/4 1530/2251/4 1371/2252/4 1376/2249/4
f 1524/2244/4 1531/2253/4 1526/2246/4 1525/2245/4
f 1511/2228/4 1523/2243/4 1495/2208/4 1494/2207/4
f 1508/2225/4 1515/2233/4 1523/2243/4 1511/2228/4
f 1515/2233/4 1516/2234/4 1524/2244/4 1523/2243/4
f 1516/2234/4 1518/2236/4 1531/2253/4 1524/2244/4
f 1518/2236/4 1532/2254/4 1533/2255/4 1531/2253/4
f 1531/2253/4 1533/2255/4 1534/2256/4 1526/2246/4
f 1517/2235/4 1520/2238/4 1532/2254/4 1518/2236/4
f 1526/2246/4 1534/2256/4 1529/2250/4 1527/2247/4
f 1529/2250/4 1535/2257/4 1536/2258/4 1530/2251/4
f 1530/2251/4 1536/2258/4 1368/2259/4 1371/2252/4
f 1520/2238/4 1522/2242/4 1537/2260/4 1532/2254/4
f 1304/2240/4 1303/2261/4 1420/2262/4 1521/2241/4
f 1521/2241/4 1420/2262/4 1448/2263/4 1522/2242/4
f 1534/2256/4 1538/2264/4 1535/2257/4 1529/2250/4
f 1539/2265/4 1450/2266/4 1451/2267/4 1538/2264/4
f 1532/2254/4 1537/2260/4 1539/2265/4 1533/2255/4
f 1533/2255/4 1539/2265/4 1538/2264/4 1534/2256/4
f 1522/2242/4 1448/2263/4 1449/2268/4 1537/2260/4
f 1537/2260/4 1449/2268/4 1450/2266/4 1539/2265/4
f 1538/2264/4 1451/2267/4 1452/2269/4 1535/2257/4
f 1535/2257/4 1452/2269/4 1453/2270/4 1536/2258/4
f 1536/2258/4 1453/2270/4 1369/2271/4 1368/2259/4
f 1540/2272/6 1354/2273/6 1355/2274/6 1474/2275/6
f 1413/2276/6 1541/2277/6 1542/2278/6 1414/2279/6
f 1541/2277/6 1543/2280/6 1544/2281/6 1542/2278/6
f 1543/2280/6 1545/2282/438 1546/2283/439 1544/2281/6
f 1545/2282/438 1547/2284/440 1548/2285/441 1546/2283/439
f 1547/2284/440 1549/2286/442 1550/2287/443 1548/2285/441
f 1549/2286/442 1551/2288/6 1552/2289/6 1550/2287/443
f 1551/2288/6 1553/2290/6 1554/2291/6 1552/2289/6
f 1553/2290/6 1350/2292/6 1351/2293/6 1554/2291/6
f 1554/2291/6 1351/2293/6 1353/2294/6 1555/2295/6
f 1552/2289/6 1554/2291/6 1555/2295/6 1556/2296/6
f 1550/2287/443 1552/2289/6 1556/2296/6 1557/2297/444
f 1548/2285/441 1550/2287/443 1557/2297/444 1558/2298/445
f 1546/2283/439 1548/2285/441 1558/2298/445 1559/2299/446
f 1544/2281/6 1546/2283/439 1559/2299/446 1560/2300/447
f 1542/2278/6 1544/2281/6 1560/2300/447 1561/2301/6
f 1414/2279/6 1542/2278/6 1561/2301/6 1415/2302/6
f 1415/2302/6 1561/2301/6 1562/2303/6 1417/2304/6
f 1561/2301/6 1560/2300/447 1563/2305/448 1562/2303/6
f 1560/2300/447 1559/2299/446 1564/2306/6 1563/2305/448
f 1559/2299/446 1558/2298/445 1565/2307/449 1564/2306/6
f 1558/2298/445 1557/2297/444 1566/2308/6 1565/2307/449
f 1557/2297/444 1556/2296/6 1567/2309/6 1566/2308/6
f 1556/2296/6 1555/2295/6 1540/2272/6 1567/2309/6
f 1555/2295/6 1353/2294/6 1354/2273/6 1540/2272/6
f 1567/2309/6 1540/2272/6 1474/2275/6 1468/2310/6
f 1566/2308/6 1567/2309/6 1468/2310/6 1471/2311/6
f 1565/2307/449 1566/2308/6 1471/2311/6 1467/2312/450
f 1564/2306/6 1565/2307/449 1467/2312/450 1466/2313/451
f 1563/2305/448 1564/2306/6 1466/2313/451 1465/2314/452
f 1562/2303/6 1563/2305/448 1465/2314/452 1464/2315/6
f 1417/2304/6 1562/2303/6 1464/2315/6 1418/2316/6
f 1568/2317/5 1447/2318/5 1296/2319/5 1295/2320/5
f 1569/2321/5 1570/2322/5 1571/2323/5 1572/2324/5
f 1570/2322/5 1573/2325/5 1574/2326/5 1571/2323/5
f 1575/2327/5 1576/2328/5 1568/2317/5 1577/2329/5
f 1578/2330/5 1575/2327/5 1577/2329/5 1579/2331/5
f 1579/2331/5 1577/2329/5 1309/2332/5 1314/2333/5
f 1577/2329/5 1568/2317/5 1295/2320/5 1309/2332/5
f 1576/2328/5 1446/2334/5 1447/2318/5 1568/2317/5
f 1574/2326/5 1445/2335/5 1446/2334/5 1576/2328/5
f 1573/2325/5 1444/2336/5 1445/2335/5 1574/2326/5
f 1580/2337/5 1443/2338/5 1444/2336/5 1573/2325/5
f 1581/2339/5 1580/2337/5 1573/2325/5 1570/2322/5
f 1582/2340/5 1441/2341/5 1443/2338/5 1580/2337/5
f 1583/2342/5 1582/2340/5 1580/2337/5 1581/2339/5
f 1571/2323/5 1574/2326/5 1576/2328/5 1575/2327/5
f 1572/2324/5 1571/2323/5 1575/2327/5 1578/2330/5
f 1584/2343/5 1578/2330/5 1579/2331/5 1585/2344/5
f 1585/2344/5 1579/2331/5 1314/2333/5 1321/2345/5
f 1586/2346/5 1585/2344/5 1321/2345/5 1322/2347/5
f 1587/2348/5 1586/2346/5 1322/2347/5 1333/2349/5
f 1588/2350/5 1587/2348/5 1333/2349/5 1334/2351/5
f 1589/2352/5 1588/2350/5 1334/2351/5 1335/2353/5
f 1590/2354/5 1591/2355/5 1588/2350/5 1589/2352/5
f 1592/2356/5 1569/2321/5 1572/2324/5 1593/2357/5
f 1594/2358/5 1592/2356/5 1593/2357/5 1595/2359/5
f 1596/2360/5 1594/2358/5 1595/2359/5 1597/2361/5
f 1598/2362/5 1581/2339/5 1570/2322/5 1569/2321/5
f 1599/2363/5 1583/2342/5 1581/2339/5 1598/2362/5
f 1600/2364/5 1601/2365/5 1583/2342/5 1599/2363/5
f 1602/2366/5 1600/2364/5 1599/2363/5 1603/2367/5
f 1604/2368/5 1602/2366/5 1603/2367/5 1605/2369/5
f 1387/2370/5 1386/2371/5 1602/2366/5 1604/2368/5
f 1398/2372/5 1387/2370/5 1604/2368/5 1606/2373/5
f 1399/2374/5 1398/2372/5 1606/2373/5 1607/2375/5
f 1400/2376/5 1399/2374/5 1607/2375/5 1608/2377/5
f 1601/2365/5 1609/2378/5 1582/2340/5 1583/2342/5
f 1609/2378/5 1442/2379/5 1441/2341/5 1582/2340/5
f 1360/2380/5 1363/2381/5 1442/2379/5 1609/2378/5
f 1374/2382/5 1360/2380/5 1609/2378/5 1601/2365/5
f 1379/2383/5 1374/2382/5 1601/2365/5 1600/2364/5
f 1386/2371/5 1379/2383/5 1600/2364/5 1602/2366/5
f 1610/2384/5 1584/2343/5 1585/2344/5 1586/2346/5
f 1591/2355/5 1611/2385/5 1587/2348/5 1588/2350/5
f 1611/2385/5 1610/2384/5 1586/2346/5 1587/2348/5
f 1593/2357/5 1572/2324/5 1578/2330/5 1584/2343/5
f 1595/2359/5 1593/2357/5 1584/2343/5 1610/2384/5
f 1597/2361/5 1595/2359/5 1610/2384/5 1611/2385/5
f 1612/2386/5 1597/2361/5 1611/2385/5 1591/2355/5
f 1613/2387/5 1612/2386/5 1591/2355/5 1590/2354/5
f 1606/2373/5 1604/2368/5 1605/2369/5 1614/2388/5
f 1607/2375/5 1606/2373/5 1614/2388/5 1615/2389/5
f 1608/2377/5 1607/2375/5 1615/2389/5 1616/2390/5
f 1616/2390/5 1615/2389/5 1617/2391/5 1618/2392/5
f 1615/2389/5 1614/2388/5 1619/2393/5 1617/2391/5
f 1614/2388/5 1605/2369/5 1620/2394/5 1619/2393/5
f 1605/2369/5 1603/2367/5 1621/2395/5 1620/2394/5
f 1603/2367/5 1599/2363/5 1598/2362/5 1621/2395/5
f 1621/2395/5 1598/2362/5 1569/2321/5 1592/2356/5
f 1620/2394/5 1621/2395/5 1592/2356/5 1594/2358/5
f 1619/2393/5 1620/2394/5 1594/2358/5 1596/2360/5
f 1622/2396/5 1596/2360/5 1597/2361/5 1612/2386/5
f 1623/2397/5 1622/2396/5 1612/2386/5 1613/2387/5
f 1617/2391/5 1619/2393/5 1596/2360/5 1622/2396/5
f 1618/2392/5 1617/2391/5 1622/2396/5 1623/2397/5
f 1624/2398/5 1589/2352/5 1335/2353/5 1346/2399/5
f 1625/2400/5 1590/2354/5 1589/2352/5 1624/2398/5
f 1626/2401/5 1613/2387/5 1590/2354/5 1625/2400/5
f 1409/2402/5 1400/2376/5 1608/2377/5 1627/2403/5
f 1628/2404/5 1627/2403/5 1629/2405/5 1630/2406/5
f 1627/2403/5 1608/2377/5 1616/2390/5 1629/2405/5
f 1629/2405/5 1616/2390/5 1618/2392/5 1631/2407/5
f 1631/2407/5 1618/2392/5 1623/2397/5 1632/2408/5
f 1632/2408/5 1623/2397/5 1613/2387/5 1626/2401/5
f 1633/2409/5 1632/2408/5 1626/2401/5 1634/2410/5
f 1410/2411/5 1409/2402/5 1627/2403/5 1628/2404/5
f 1635/2412/5 1633/2409/5 1634/2410/5 1636/2413/5
f 1637/2414/5 1638/2415/5 1347/2416/5 1348/2417/5
f 1553/2418/5 1637/2414/5 1348/2417/5 1350/2419/5
f 1551/2420/5 1639/2421/5 1637/2414/5 1553/2418/5
f 1549/2422/5 1636/2413/5 1639/2421/5 1551/2420/5
f 1638/2415/5 1624/2398/5 1346/2399/5 1347/2416/5
f 1640/2423/5 1625/2400/5 1624/2398/5 1638/2415/5
f 1634/2410/5 1626/2401/5 1625/2400/5 1640/2423/5
f 1639/2421/5 1640/2423/5 1638/2415/5 1637/2414/5
f 1636/2413/5 1634/2410/5 1640/2423/5 1639/2421/5
f 1547/2424/5 1635/2412/5 1636/2413/5 1549/2422/5
f 1641/2425/5 1631/2407/5 1632/2408/5 1633/2409/5
f 1630/2406/5 1629/2405/5 1631/2407/5 1641/2425/5
f 1545/2426/5 1642/2427/5 1635/2412/5 1547/2424/5
f 1642/2427/5 1641/2425/5 1633/2409/5 1635/2412/5
f 1643/2428/5 1630/2406/5 1641/2425/5 1642/2427/5
f 1644/2429/5 1628/2404/5 1630/2406/5 1643/2428/5
f 1543/2430/5 1643/2428/5 1642/2427/5 1545/2426/5
f 1541/2431/5 1644/2429/5 1643/2428/5 1543/2430/5
f 1411/2432/5 1410/2411/5 1628/2404/5 1644/2429/5
f 1413/2433/5 1411/2432/5 1644/2429/5 1541/2431/5
f 1483/2434/2 1396/2087/2 1394/2085/2 1404/2095/2
f 1484/2435/2 1483/2434/2 1404/2095/2 1403/2094/2
f 1408/2099/2 1484/2435/2 1403/2094/2 1405/2096/2
f 1404/2095/2 1394/2085/2 1393/2084/2 1402/2093/2
f 1326/2017/1 1332/2023/1 1323/2014/1 1324/2015/1
f 1344/2035/1 1352/2043/1 1294/1985/1 1340/2031/1
f 1327/2018/1 1326/2017/1 1324/2015/1 1319/2010/1
f 1319/2010/1 1324/2015/1 1315/2006/1 1316/2007/1
