# Blender 4.0.2
# www.blender.org
mtllib House1.mtl
o Plane
v -4.971718 0.000000 4.971718
v 4.971718 0.000000 4.971718
v -4.971718 0.000000 -4.971718
v 4.971718 0.000000 -4.971718
vn -0.0000 1.0000 -0.0000
vt 0.000000 0.000000
vt 1.000000 0.000000
vt 1.000000 1.000000
vt 0.000000 1.000000
s 0
usemtl Material.001
f 1/1/1 2/2/1 4/3/1 3/4/1
o building_001
v -2.000000 0.000000 2.000000
v 2.000000 0.000000 2.000000
v -2.000000 0.000000 -2.000000
v 2.000000 0.000000 -2.000000
v 3.000000 0.000000 2.000000
v 3.000000 0.000000 -2.000000
v -2.000000 0.000000 3.000000
v 2.000000 0.000000 3.000000
v -3.000000 0.000000 2.000000
v -3.000000 0.000000 -2.000000
v -2.000000 0.000000 -3.000000
v 2.000000 0.000000 -3.000000
v -2.120000 0.200000 2.120000
v -2.120000 0.200000 3.120000
v 2.120000 0.200000 3.120000
v 2.120000 0.200000 2.120000
v 3.120000 0.200000 2.120000
v 3.120000 0.200000 -2.120000
v 2.120000 0.200000 -2.120000
v 2.120000 0.200000 -3.120000
v -2.120000 0.200000 -3.120000
v -2.120000 0.200000 -2.120000
v -3.120000 0.200000 -2.120000
v -3.120000 0.200000 2.120000
v -2.120000 2.200000 2.120000
v -2.120000 2.200000 3.120000
v 2.120000 2.200000 3.120000
v 2.120000 2.200000 2.120000
v 3.120000 2.200000 2.120000
v 3.120000 2.200000 -2.120000
v 2.120000 2.200000 -2.120000
v 2.120000 2.200000 -3.120000
v -2.120000 2.200000 -3.120000
v -2.120000 2.200000 -2.120000
v -3.120000 2.200000 -2.120000
v -3.120000 2.200000 2.120000
v -2.120000 2.400000 2.120000
v -2.120000 2.400000 3.120000
v 2.120000 2.400000 3.120000
v 2.120000 2.400000 2.120000
v 3.120000 2.400000 2.120000
v 3.120000 2.400000 -2.120000
v 2.120000 2.400000 -2.120000
v 2.120000 2.400000 -3.120000
v -2.120000 2.400000 -3.120000
v -2.120000 2.400000 -2.120000
v -3.120000 2.400000 -2.120000
v -3.120000 2.400000 2.120000
v -2.120000 4.400000 2.120000
v -2.120000 4.400000 3.120000
v 2.120000 4.400000 3.120000
v 2.120000 4.400000 2.120000
v 3.120000 4.400000 2.120000
v 3.120000 4.400000 -2.120000
v 2.120000 4.400000 -2.120000
v 2.120000 4.400000 -3.120000
v -2.120000 4.400000 -3.120000
v -2.120000 4.400000 -2.120000
v -3.120000 4.400000 -2.120000
v -3.120000 4.400000 2.120000
v -2.120000 4.600000 2.120000
v -2.120000 4.600000 3.120000
v 2.120000 4.600000 3.120000
v 2.120000 4.600000 2.120000
v 3.120000 4.600000 2.120000
v 3.120000 4.600000 -2.120000
v 2.120000 4.600000 -2.120000
v 2.120000 4.600000 -3.120000
v -2.120000 4.600000 -3.120000
v -2.120000 4.600000 -2.120000
v -3.120000 4.600000 -2.120000
v -3.120000 4.600000 2.120000
v -2.000000 6.600000 2.000000
v 0.279289 0.320711 2.960000
v 2.000000 6.600000 3.000000
v 0.050000 0.320711 2.960000
v -0.279289 1.779289 2.960000
v -0.050000 1.779289 2.960000
v 2.000000 6.600000 -2.000000
v 2.000000 6.600000 -3.000000
v -2.000000 6.600000 -3.000000
v -2.000000 6.600000 -2.000000
v -0.050000 1.100000 2.960000
v -3.000000 6.600000 2.000000
v -2.000000 0.200000 2.000000
v -2.000000 0.200000 3.000000
v 2.000000 0.200000 2.000000
v 3.000000 0.200000 2.000000
v 2.000000 0.200000 3.000000
v 3.120000 0.000000 2.120000
v 3.120000 0.000000 -2.120000
v 2.120000 0.000000 -2.120000
v 2.120000 0.000000 2.120000
v -2.120000 0.000000 3.120000
v 2.120000 0.000000 3.120000
v -2.120000 0.000000 2.120000
v -3.120000 0.000000 -2.120000
v -3.120000 0.000000 2.120000
v -2.120000 0.000000 -2.120000
v 2.120000 0.000000 -3.120000
v -2.120000 0.000000 -3.120000
v 3.000000 0.200000 -2.000000
v 2.000000 0.200000 -2.000000
v 2.000000 0.200000 -3.000000
v -2.000000 0.200000 -3.000000
v -2.000000 0.200000 -2.000000
v -3.000000 0.200000 -2.000000
v -3.000000 0.200000 2.000000
v -2.000000 2.200000 2.000000
v -2.000000 2.200000 3.000000
v 2.000000 2.200000 3.000000
v 2.000000 2.200000 2.000000
v 3.000000 2.200000 2.000000
v 3.000000 2.200000 -2.000000
v 2.000000 2.200000 -2.000000
v 2.000000 2.200000 -3.000000
v -2.000000 2.200000 -3.000000
v -2.000000 2.200000 -2.000000
v -3.000000 2.200000 -2.000000
v -3.000000 2.200000 2.000000
v -2.000000 2.400000 2.000000
v -2.000000 2.400000 3.000000
v 2.000000 2.400000 3.000000
v 2.000000 2.400000 2.000000
v 3.000000 2.400000 2.000000
v 3.000000 2.400000 -2.000000
v 2.000000 2.400000 -2.000000
v 2.000000 2.400000 -3.000000
v -2.000000 2.400000 -3.000000
v -2.000000 2.400000 -2.000000
v -3.000000 2.400000 -2.000000
v -3.000000 2.400000 2.000000
v -2.000000 4.400000 2.000000
v -2.000000 4.400000 3.000000
v 2.000000 4.400000 3.000000
v 2.000000 4.400000 2.000000
v 3.000000 4.400000 2.000000
v 3.000000 4.400000 -2.000000
v 2.000000 4.400000 -2.000000
v 2.000000 4.400000 -3.000000
v -2.000000 4.400000 -3.000000
v -2.000000 4.400000 -2.000000
v -3.000000 4.400000 -2.000000
v -3.000000 4.400000 2.000000
v -2.000000 4.600000 2.000000
v -2.000000 4.600000 3.000000
v 2.000000 4.600000 3.000000
v 2.000000 4.600000 2.000000
v 3.000000 4.600000 2.000000
v 3.000000 4.600000 -2.000000
v 2.000000 4.600000 -2.000000
v 2.000000 4.600000 -3.000000
v -2.000000 4.600000 -3.000000
v -2.000000 4.600000 -2.000000
v -3.000000 4.600000 -2.000000
v -3.000000 4.600000 2.000000
v -2.320000 6.441100 2.320000
v -2.320000 6.441100 3.320000
v 2.320000 6.441100 3.320000
v 2.320000 6.441100 2.320000
v 3.320000 6.441100 2.320000
v 3.320000 6.441100 -2.320000
v 2.320000 6.441100 -2.320000
v 2.320000 6.441100 -3.320000
v -2.320000 6.441100 -3.320000
v -2.320000 6.441100 -2.320000
v -3.320000 6.441100 -2.320000
v -3.320000 6.441100 2.320000
v -3.320000 7.601100 0.000000
v 0.000000 7.601100 -3.320000
v -0.279289 1.100000 2.960000
v 0.000000 7.601100 3.320000
v 3.320000 7.601100 0.000000
v -2.320000 6.671100 3.320000
v 0.000000 7.831100 3.320000
v 0.000000 7.831100 0.000000
v -2.320000 6.671100 2.320000
v 2.320000 6.671100 3.320000
v 2.320000 6.671100 2.320000
v 3.320000 6.671100 2.320000
v 3.320000 7.831100 0.000000
v 2.320000 6.671100 -2.320000
v 3.320000 6.671100 -2.320000
v 2.320000 6.671100 -3.320000
v 0.000000 7.831100 -3.320000
v -2.320000 6.671100 -3.320000
v -2.320000 6.671100 -2.320000
v -3.320000 6.671100 -2.320000
v -3.320000 7.831100 0.000000
v -3.320000 6.671100 2.320000
v -2.000000 6.601100 3.000000
v 0.050000 1.779289 2.960000
v 2.000000 6.601100 2.000000
v 3.000000 6.601100 2.000000
v 3.000000 6.601100 -2.000000
v 0.279289 1.779289 2.960000
v 0.279289 1.100000 2.960000
v 0.050000 1.100000 2.960000
v -0.279289 1.000000 2.960000
v -3.000000 6.601100 -2.000000
v -0.050000 1.000000 2.960000
v -3.000000 7.601100 0.000000
v 0.000000 7.601100 -3.000000
v 0.000000 7.601100 3.000000
v 3.000000 7.601100 0.000000
v 0.000000 7.831100 3.000000
v -2.000000 6.831100 2.000000
v 2.000000 6.831100 2.000000
v 3.000000 7.831100 0.000000
v 2.000000 6.831100 -2.000000
v 0.000000 7.831100 -3.000000
v -2.000000 6.831100 -2.000000
v -3.000000 7.831100 0.000000
v -0.500000 0.200000 3.000000
v 0.500000 0.200000 3.000000
v -0.500000 2.200000 3.000000
v 0.500000 2.200000 3.000000
v -0.050000 0.320711 2.960000
v 0.500000 2.000000 3.000000
v -0.400000 0.200000 3.000000
v 0.400000 0.200000 3.000000
v -0.279289 0.320711 2.960000
v -0.500000 2.000000 3.000000
v -0.400000 1.900000 3.000000
v 0.400000 1.900000 3.000000
v -0.400000 0.200000 2.950000
v 0.400000 0.200000 2.950000
v 0.400000 1.900000 2.950000
v -0.400000 1.900000 2.950000
v -0.329289 0.270711 2.950000
v 0.329289 0.270711 2.950000
v 0.329289 1.829289 2.950000
v -0.329289 1.829289 2.950000
v -0.329289 1.050000 2.950000
v 0.329289 1.050000 2.950000
v 0.000000 0.270711 2.950000
v 0.000000 1.829289 2.950000
v 0.000000 1.050000 2.950000
v 0.279289 1.000000 2.960000
v 0.050000 1.000000 2.960000
v -3.000000 4.600000 0.000000
v -3.000000 6.600550 0.000000
v -3.000000 4.600000 0.420472
v -3.000000 4.600000 1.530472
v -3.000000 6.600367 0.420472
v -3.000000 6.600183 1.530472
v -2.930000 1.270000 0.905472
v -3.000000 6.165194 0.420472
v -3.000000 5.035111 1.530472
v -2.930000 5.215468 -0.905472
v -3.000000 4.600000 -1.530472
v -3.000000 4.600000 -0.420472
v -3.000000 6.600916 -1.530472
v -3.000000 6.600733 -0.420472
v -2.930000 5.985357 -1.350402
v -2.930000 5.985346 -1.045472
v -2.930000 5.670415 -1.045472
v -2.930000 5.670425 -1.350402
v -2.930000 5.530135 1.045472
v -2.930000 5.530125 1.350402
v -2.930000 5.215198 1.350402
v -2.930000 5.215208 1.045472
v -2.930000 5.985080 0.600543
v -2.960000 6.055119 1.420472
v -2.930000 5.985068 0.905472
v -2.930000 5.670140 0.905472
v -3.010000 5.035132 1.530472
v -2.930000 5.670151 0.600543
v -3.010000 6.165072 1.530472
v -2.930000 5.985074 1.045472
v -3.010000 6.055119 1.420472
v -3.010000 5.145125 1.420472
v -3.010000 5.035172 0.420472
v -2.930000 5.985110 1.350461
v -3.010000 5.145153 0.530472
v -3.010000 6.055153 0.530472
v -3.010000 6.165154 0.420472
v -2.930000 5.670125 1.350413
v -2.960000 5.145224 0.530543
v -2.960000 5.145196 1.420402
v -2.930000 5.670135 1.045472
v -2.960000 6.055082 0.530543
v -2.960000 5.600153 0.530543
v -2.960000 5.600122 1.420402
v -2.960000 5.145210 0.975472
v -2.960000 6.055065 0.975472
v -2.960000 5.600138 0.975472
v -2.930000 5.215221 0.600543
v -2.930000 5.215212 0.905472
v -2.930000 5.530140 0.905472
v -2.930000 5.530150 0.600543
v -3.000000 5.035398 -0.420472
v -3.000000 5.035419 -1.530472
v -3.000000 6.165396 -0.420472
v -3.000000 6.165437 -1.530472
v -2.930000 5.985352 -0.905472
v -2.960000 6.055397 -0.530472
v -2.960000 5.145397 -0.530472
v -2.930000 5.985389 -0.600483
v -2.930000 5.670400 -0.600532
v -3.010000 5.035378 -0.420472
v -3.010000 6.165355 -0.420472
v -2.930000 5.670410 -0.905472
v -3.010000 6.055397 -0.530472
v -3.010000 5.145397 -0.530472
v -3.010000 5.035439 -1.530472
v -2.930000 5.530425 -1.350402
v -3.010000 5.145425 -1.420472
v -3.010000 6.055430 -1.420472
v -2.930000 1.270000 0.600532
v -2.930000 5.530415 -1.045472
v -2.960000 5.145495 -1.420402
v -2.930000 5.215484 -1.045472
v -2.930000 5.215493 -1.350402
v -2.960000 6.055360 -1.420402
v -2.960000 5.600428 -1.420402
v -2.960000 5.600397 -0.530543
v -2.960000 5.145482 -0.975472
v -2.960000 6.055343 -0.975472
v -2.960000 5.600412 -0.975472
v -2.930000 5.215410 -0.600483
v -2.930000 5.530399 -0.600532
v -2.930000 5.530410 -0.905472
v -3.000000 0.200000 0.000000
v -3.000000 2.200000 0.000000
v -3.000000 0.200000 0.420472
v -3.000000 0.200000 1.530472
v -3.000000 2.200000 0.420472
v -3.000000 2.200000 1.530472
v -2.930000 1.584940 1.045472
v -2.930000 1.584989 1.350461
v -2.930000 3.784930 -0.600543
v -2.930000 1.270000 1.350413
v -3.000000 2.200000 -1.530472
v -3.000000 2.200000 -0.420472
v -3.000000 0.200000 -1.530472
v -3.000000 0.200000 -0.420472
v -2.930000 1.130000 -0.600532
v -2.930000 3.470000 1.350402
v -2.930000 0.815011 -0.600483
v 2.930000 1.584940 -1.045472
v -3.000000 0.635000 1.530472
v -2.930000 1.270000 1.045472
v -2.930000 0.815060 -0.905472
v -3.000000 1.765000 0.420472
v -2.960000 1.655000 0.530472
v -2.960000 1.655000 1.420472
v -2.960000 0.745000 1.420472
v -2.930000 1.130000 0.600543
v -2.930000 1.130000 0.905472
v -2.930000 1.584929 -1.350402
v -2.930000 0.815071 0.905472
v -3.010000 1.765000 1.530472
v -3.010000 1.655000 1.420472
v -3.010000 0.745000 1.420472
v -3.010000 0.635000 0.420472
v -2.930000 0.815071 0.600543
v -3.010000 0.745000 0.530472
v -3.010000 1.655000 0.530472
v -2.930000 1.130000 1.045472
v -2.930000 1.584929 -1.045472
v -2.960000 0.745071 0.530543
v -2.930000 1.130000 1.350413
v -2.930000 0.815011 1.350461
v -2.930000 0.815060 1.045472
v -2.960000 1.200000 0.530543
v -2.960000 1.200000 1.420402
v -2.960000 0.745071 0.975472
v -2.960000 1.654929 0.975472
v -2.960000 1.200000 0.975472
v -2.930000 1.584940 0.905472
v -2.930000 1.584989 0.600483
v -2.930000 3.470000 -0.600543
v 2.930000 1.584989 -1.350461
v -2.930000 1.270000 -1.045472
v -2.930000 1.270000 -1.350402
v -2.930000 1.584940 -0.905472
v -2.960000 1.655000 -0.530472
v -2.960000 0.745000 -0.530472
v -2.930000 1.584989 -0.600483
v -2.930000 1.270000 -0.600532
v -3.010000 0.635000 -0.420472
v -3.010000 1.765000 -0.420472
v -2.930000 1.270000 -0.905472
v -3.010000 1.655000 -0.530472
v -3.010000 0.745000 -0.530472
v -2.930000 1.130000 -1.350402
v -3.010000 0.635000 -1.530472
v -3.010000 0.745000 -1.420472
v -3.010000 1.655000 -1.420472
v -2.930000 1.130000 -1.045472
v -3.010000 1.765000 -1.530472
v -2.960000 0.745071 -1.420402
v -2.930000 0.815071 -1.045472
v -2.930000 0.815071 -1.350402
v -2.960000 1.654929 -1.420402
v -2.960000 1.200000 -1.420402
v -2.960000 1.200000 -0.530543
v -2.960000 0.745071 -0.975472
v -2.960000 1.654929 -0.975472
v -2.960000 1.200000 -0.975472
v -2.930000 1.130000 -0.905472
v -3.000000 2.400000 0.000000
v -3.000000 4.400000 0.000000
v -3.000000 2.400000 0.420472
v -3.000000 2.400000 1.530472
v -3.000000 4.400000 0.420472
v -3.000000 4.400000 1.530472
v -2.930000 3.470000 1.045472
v -2.930000 3.330000 0.600532
v -2.930000 3.470000 -0.905472
v -3.000000 3.965000 0.420472
v -3.000000 4.400000 -1.530472
v -3.000000 4.400000 -0.420472
v -3.000000 2.400000 -1.530472
v -3.000000 2.400000 -0.420472
v -2.930000 3.330000 -1.350402
v -3.000000 3.965000 -1.530472
v -3.000000 2.835000 -0.420472
v -3.000000 3.965000 -0.420472
v -3.000000 3.965000 1.530472
v -2.930000 3.330000 0.905472
v -3.000000 2.835000 1.530472
v -2.930000 3.015060 0.905472
v -2.930000 3.015011 0.600483
v -2.930000 3.330000 1.045472
v -2.930000 3.330000 1.350402
v -2.960000 2.945000 0.530472
v 2.930000 1.270000 -1.350413
v -2.930000 3.015071 1.350402
v -2.930000 3.015071 1.045472
v 2.930000 5.985538 0.600483
v -3.010000 3.855000 1.420472
v -3.010000 2.945000 1.420472
v -3.010000 2.835000 0.420472
v -2.930000 3.784930 0.600543
v -3.010000 2.945000 0.530472
v -3.010000 3.855000 0.530472
v -2.930000 3.784930 0.905472
v -2.930000 3.470000 0.905472
v -2.930000 3.470000 0.600543
v -2.960000 2.945071 1.420402
v -2.960000 3.854929 1.420402
v -2.960000 3.854929 0.530543
v -2.960000 3.400000 0.530543
v -2.960000 3.400000 1.420402
v -2.960000 2.945071 0.975472
v -2.960000 3.854929 0.975472
v -2.960000 3.400000 0.975472
v -2.930000 3.784930 1.350402
v -2.930000 3.784930 1.045472
v -2.930000 3.330000 -1.045472
v 2.930000 5.670550 0.600532
v -2.930000 3.015071 -1.045472
v -2.930000 3.015071 -1.350402
v -2.930000 3.330000 -0.905472
v -2.930000 3.330000 -0.600532
v -2.960000 2.945000 -0.530472
v -2.930000 3.015011 -0.600483
v -2.930000 3.015060 -0.905472
v 2.930000 1.584929 0.600543
v 2.930000 1.270000 -1.045472
v -2.930000 3.784930 -1.350402
v -3.010000 3.855000 -0.530472
v -3.010000 2.945000 -0.530472
v -3.010000 2.835000 -1.530472
v -2.930000 3.784930 -1.045472
v -3.010000 2.945000 -1.420472
v -3.010000 3.855000 -1.420472
v -2.930000 3.470000 -1.045472
v 3.000000 4.600000 -0.000000
v -2.960000 2.945071 -1.420402
v -2.930000 3.470000 -1.350402
v -2.960000 3.854929 -0.530543
v -2.960000 3.854929 -1.420402
v -2.960000 3.400000 -1.420402
v -2.960000 3.400000 -0.530543
v -2.960000 2.945071 -0.975472
v -2.960000 3.854929 -0.975472
v -2.960000 3.400000 -0.975472
v -2.930000 3.784930 -0.905472
v 3.000000 0.200000 -0.000000
v 3.000000 2.200000 -0.000000
v 3.000000 0.200000 -0.420472
v 3.000000 0.200000 -1.530472
v 3.000000 2.200000 -0.420472
v 3.000000 2.200000 -1.530472
v 3.000000 0.635000 -1.530472
v 2.930000 1.130000 -0.600532
v 2.930000 1.130000 -0.905472
v 2.930000 0.815060 -0.905472
v 3.000000 2.200000 1.530472
v 3.000000 2.200000 0.420472
v 3.000000 0.200000 1.530472
v 3.000000 0.200000 0.420472
v 3.000000 0.635000 1.530472
v 3.000000 1.765000 1.530472
v 2.930000 1.270000 0.600543
v 2.930000 1.270000 0.905472
v 2.930000 0.815011 -0.600483
v 3.000000 0.635000 -0.420472
v 3.000000 1.765000 -1.530472
v 3.000000 1.765000 -0.420472
v 2.960000 1.655000 -0.530472
v 2.960000 1.655000 -1.420472
v 2.960000 0.745000 -1.420472
v 2.960000 0.745000 -0.530472
v 2.930000 1.130000 -1.045472
v 3.010000 0.635000 -1.530472
v 2.930000 1.130000 1.350413
v 2.930000 1.130000 -1.350413
v 3.010000 1.655000 -1.420472
v 3.010000 0.745000 -1.420472
v 2.930000 0.815011 -1.350461
v 2.930000 1.130000 1.045472
v 3.010000 0.745000 -0.530472
v 3.010000 1.655000 -0.530472
v 2.930000 3.330000 1.350413
v 2.930000 0.815060 -1.045472
v 2.930000 1.584989 -0.600483
v 2.930000 1.584940 -0.905472
v 2.930000 1.270000 -0.905472
v 2.930000 1.270000 -0.600532
v 2.960000 1.200000 -0.530543
v 2.960000 1.200000 -1.420402
v 2.960000 0.745071 -0.975472
v 2.960000 1.654929 -0.975472
v 2.960000 1.200000 -0.975472
v 2.930000 3.784930 -1.045472
v 2.930000 0.815060 1.045472
v 3.000000 1.765000 0.420472
v 2.930000 0.815011 1.350461
v 2.960000 1.655000 1.420472
v 2.930000 1.130000 0.905472
v 2.930000 1.130000 0.600543
v 2.960000 0.745000 1.420472
v 3.010000 0.635000 0.420472
v 2.930000 0.815071 0.600543
v 2.930000 0.815071 0.905472
v 2.930000 3.784930 -1.350402
v 3.010000 1.655000 0.530472
v 3.010000 0.745000 0.530472
v 2.930000 3.470000 -1.350402
v 2.930000 1.584989 1.350461
v 3.010000 0.745000 1.420472
v 3.010000 1.655000 1.420472
v 2.930000 3.470000 -1.045472
v 2.930000 1.584940 1.045472
v 2.930000 1.270000 1.045472
v 2.960000 0.745071 0.530543
v 2.960000 1.654929 0.530543
v 2.930000 1.270000 1.350413
v 2.960000 1.200000 1.420402
v 2.960000 1.200000 0.530543
v 2.960000 0.745071 0.975472
v 2.960000 1.654929 0.975472
v 2.960000 1.200000 0.975472
v 2.930000 1.584929 0.905472
v 3.000000 2.400000 -0.000000
v 3.000000 4.400000 -0.000000
v 3.000000 2.400000 -0.420472
v 3.000000 2.400000 -1.530472
v 3.000000 4.400000 -0.420472
v 3.000000 4.400000 -1.530472
v 2.930000 3.330000 -0.600532
v 2.930000 3.330000 1.045472
v 2.930000 3.330000 -0.905472
v 2.930000 3.015060 1.045472
v 3.000000 4.400000 1.530472
v 3.000000 4.400000 0.420472
v 3.000000 2.400000 1.530472
v 3.000000 2.400000 0.420472
v 2.930000 3.015011 1.350461
v 2.930000 3.330000 0.905472
v 3.000000 2.835000 0.420472
v 2.930000 3.330000 0.600532
v 2.930000 3.015060 -0.905472
v 2.930000 3.015011 -0.600483
v 3.000000 2.835000 -1.530472
v 2.930000 3.015011 0.600483
v 2.930000 3.330000 -1.045472
v 2.930000 3.330000 -1.350413
v 2.960000 2.945000 -1.420472
v 2.960000 2.945000 -0.530472
v 2.930000 3.015060 0.905472
v 2.930000 3.015011 -1.350461
v 2.930000 3.015060 -1.045472
v 3.010000 3.965000 -1.530472
v 3.010000 3.855000 -1.420472
v 3.010000 2.945000 -1.420472
v 3.010000 2.835000 -0.420472
v 2.930000 3.784930 -0.600543
v 3.010000 2.945000 -0.530472
v 3.010000 3.855000 -0.530472
v 2.930000 3.784930 -0.905472
v 3.010000 3.965000 -0.420472
v 2.930000 3.470000 -0.905472
v 2.930000 3.470000 -0.600543
v 2.960000 3.854929 -1.420402
v 2.960000 3.854929 -0.530543
v 2.960000 3.400000 -0.530543
v 2.960000 3.400000 -1.420402
v 2.960000 2.945071 -0.975472
v 2.960000 3.854929 -0.975472
v 2.960000 3.400000 -0.975472
v 3.000000 3.965000 0.420472
v 3.000000 6.165550 0.420472
v 2.930000 3.784930 1.350402
v 2.930000 3.784930 1.045472
v 2.960000 2.945000 0.530472
v 2.960000 2.945000 1.420472
v 2.930000 3.470000 1.045472
v 2.930000 5.985538 -0.600483
v 2.930000 3.470000 1.350402
v 2.930000 5.985490 -0.905472
v 3.010000 3.855000 0.530472
v 3.010000 2.945000 0.530472
v 2.930000 3.784930 0.905472
v 3.010000 2.835000 1.530472
v 3.010000 2.945000 1.420472
v 3.010000 3.855000 1.420472
v 2.930000 3.784930 0.600543
v 3.010000 3.965000 1.530472
v 2.930000 3.470000 0.600543
v 2.930000 3.470000 0.905472
v 2.960000 3.854929 0.530543
v 2.960000 3.854929 1.420402
v 2.960000 3.400000 1.420402
v 2.960000 3.400000 0.530543
v 2.960000 2.945071 0.975472
v 2.960000 3.854929 0.975472
v 2.960000 3.400000 0.975472
v 3.000000 6.601100 -0.000000
v 3.000000 4.600000 -0.420472
v 3.000000 4.600000 -1.530472
v 3.000000 6.601100 -0.420472
v 3.000000 6.601100 -1.530472
v 3.000000 5.035550 -1.530472
v 2.930000 5.670550 -0.905472
v 2.930000 5.670550 -0.600532
v 2.930000 5.985479 -1.045472
v 3.000000 6.601100 1.530472
v 3.000000 6.601100 0.420472
v 3.000000 4.600000 1.530472
v 3.000000 4.600000 0.420472
v -0.279289 4.720711 2.960000
v 2.930000 5.670550 0.905472
v 2.930000 5.530550 1.350402
v 0.049999 5.399993 2.960000
v 3.000000 6.165550 -1.530472
v 3.000000 6.165550 -0.420472
v 2.930000 5.985479 -1.350402
v 3.000000 5.035550 -0.420472
v 2.960000 6.055550 -0.530472
v 2.930000 5.670550 -1.350402
v 2.930000 5.670550 -1.045472
v 2.930000 5.530550 -0.600543
v 2.930000 5.530550 -0.905472
v 2.930000 5.215621 -0.905472
v 2.930000 5.215621 -0.600543
v 2.930000 5.530550 1.045472
v 3.010000 6.055550 -1.420472
v 3.010000 5.145550 -1.420472
v 2.930000 5.530550 -1.045472
v 2.930000 5.530550 -1.350402
v 3.010000 5.145550 -0.530472
v 3.010000 6.055550 -0.530472
v 2.930000 5.215621 -1.350402
v 2.930000 5.215621 1.045472
v 2.960000 5.145620 -0.530543
v 2.960000 5.145620 -1.420402
v 2.960000 6.055479 -1.420402
v 2.930000 5.215621 -1.045472
v 2.960000 5.600550 -0.530543
v 2.960000 5.600550 -1.420402
v 2.960000 5.145620 -0.975472
v 2.960000 6.055479 -0.975472
v 2.960000 5.600550 -0.975472
v 2.930000 5.215621 1.350402
v 3.000000 5.035550 1.530472
v 2.930000 5.530550 0.905472
v 2.960000 6.055550 0.530472
v 2.930000 5.530550 0.600543
v 2.930000 5.215621 0.600543
v 2.930000 5.215621 0.905472
v 3.010000 5.035550 0.420472
v 2.930000 5.985479 1.350402
v -0.050000 3.200000 2.960000
v 3.010000 6.055550 0.530472
v 3.010000 5.145550 0.530472
v 0.279289 5.399988 2.960000
v 2.930000 5.985479 1.045472
v 3.010000 5.145550 1.420472
v 3.010000 6.055550 1.420472
v 2.930000 5.670550 1.045472
v 3.010000 6.165550 1.530472
v 2.960000 5.145620 1.420402
v 2.960000 5.145620 0.530543
v 2.930000 5.670550 1.350402
v 2.960000 6.055479 1.420402
v 2.960000 5.600550 1.420402
v 2.960000 5.600550 0.530543
v 2.960000 5.145620 0.975472
v 2.960000 6.055479 0.975472
v 2.960000 5.600550 0.975472
v 2.930000 5.985490 0.905472
v -0.500000 4.600000 3.000000
v 0.500000 4.600000 3.000000
v -0.500000 6.600733 3.000000
v 0.500000 6.600367 3.000000
v 0.500000 6.399883 3.000000
v 0.279289 4.720711 2.960000
v 0.050000 4.720711 2.960000
v -0.500000 6.400005 3.000000
v -0.400000 4.600000 3.000000
v 0.400000 4.600000 3.000000
v -0.400000 6.300003 3.000000
v 0.400000 6.299973 3.000000
v -0.400000 4.600000 2.950000
v 0.400000 4.600000 2.950000
v 0.400000 6.299973 2.950000
v -0.400000 6.300003 2.950000
v -0.329289 4.670711 2.950000
v 0.329289 4.670711 2.950000
v 0.329288 6.229263 2.950000
v -0.329291 6.229291 2.950000
v -0.329290 5.450001 2.950000
v 0.329289 5.449987 2.950000
v 0.000000 4.670711 2.950000
v -0.000001 6.229277 2.950000
v -0.000001 5.449994 2.950000
v -0.050000 4.720711 2.960000
v -0.050001 5.399995 2.960000
v -0.279290 5.400000 2.960000
v 0.049999 5.499993 2.960000
v 0.279289 5.499988 2.960000
v 0.279288 6.179265 2.960000
v 0.049999 6.179275 2.960000
v -0.279290 5.500000 2.960000
v -0.050001 5.499995 2.960000
v -0.050001 6.179279 2.960000
v -0.279291 6.179289 2.960000
v -0.500000 2.400000 3.000000
v 0.500000 2.400000 3.000000
v -0.500000 4.400000 3.000000
v 0.500000 4.400000 3.000000
v -0.050000 2.520711 2.960000
v 0.500000 4.200000 3.000000
v -0.400000 2.400000 3.000000
v 0.400000 2.400000 3.000000
v -0.279289 2.520711 2.960000
v -0.500000 4.200000 3.000000
v -0.400000 4.100000 3.000000
v 0.400000 4.100000 3.000000
v -0.400000 2.400000 2.950000
v 0.400000 2.400000 2.950000
v 0.400000 4.100000 2.950000
v -0.400000 4.100000 2.950000
v -0.329289 2.470711 2.950000
v 0.329289 2.470711 2.950000
v 0.329289 4.029289 2.950000
v -0.329289 4.029289 2.950000
v -0.329289 3.250000 2.950000
v 0.329289 3.250000 2.950000
v 0.000000 2.470711 2.950000
v 0.000000 4.029289 2.950000
v 0.000000 3.250000 2.950000
v -0.279289 3.200000 2.960000
v 0.050000 3.300000 2.960000
v 0.279289 3.300000 2.960000
v 0.279289 3.979289 2.960000
v 0.050000 3.979289 2.960000
v -0.279289 3.300000 2.960000
v -0.050000 3.300000 2.960000
v -0.050000 3.979289 2.960000
v -0.279289 3.979289 2.960000
v 0.050000 2.520711 2.960000
v 0.279289 2.520711 2.960000
v 0.279289 3.200000 2.960000
v 0.050000 3.200000 2.960000
v -1.115000 4.500000 3.120000
v -1.115000 4.400000 3.120000
v 1.115000 4.500000 3.120000
v 1.115000 4.400000 3.120000
v -1.115000 4.400000 4.120000
v -1.115000 4.500000 4.120000
v 1.115000 4.500000 4.120000
v 1.115000 4.400000 4.120000
v 1.115000 2.200000 4.120000
v 1.115000 2.300000 4.120000
v -1.115000 2.300000 4.120000
v -1.115000 2.200000 4.120000
v 1.115000 2.200000 3.120000
v 1.115000 2.300000 3.120000
v -1.115000 2.200000 3.120000
v -1.115000 2.300000 3.120000
v 1.015000 5.200000 4.120000
v -1.115000 5.200000 4.120000
v -1.015000 4.500000 4.120000
v -1.015000 5.200000 4.120000
v -1.015000 4.500000 4.020000
v -1.015000 5.200000 4.020000
v -1.115000 4.500000 4.020000
v -1.115000 5.200000 4.020000
v -1.115000 4.500000 4.120000
v 1.015000 5.200000 3.220000
v 1.115000 5.200000 4.120000
v 1.115000 4.500000 4.120000
v 1.115000 5.200000 4.020000
v 1.115000 4.500000 4.020000
v 1.015000 5.200000 4.020000
v 1.015000 4.500000 4.020000
v -1.015000 4.600000 4.119999
v 1.015000 4.500000 4.120000
v -1.015000 4.500000 3.120000
v -1.015000 5.200000 3.120000
v -1.015000 4.500000 3.220000
v -1.015000 5.200000 3.220000
v -1.115000 4.500000 3.220000
v -1.115000 5.200000 3.220000
v -1.115000 4.500000 3.120000
v -1.115000 5.200000 3.120000
v 1.115000 5.200000 3.220000
v 1.115000 4.500000 3.220000
v 1.115000 5.200000 3.120000
v 1.115000 4.500000 3.120000
v 1.015000 5.200000 3.120000
v 1.015000 4.500000 3.120000
v 1.015000 4.600000 4.119999
v 1.015000 4.500000 3.220000
v 1.015000 4.700000 4.119999
v -1.015000 4.700000 4.119999
v 1.015000 5.099999 4.020000
v -1.015000 4.700000 4.020000
v 1.015000 5.199999 4.020000
v 1.015000 5.199999 3.220000
v 1.115000 5.199999 4.020000
v 1.115000 5.199999 3.220000
v 1.115000 5.099999 4.020000
v 1.115000 5.099999 3.220000
v 1.015000 4.600000 4.020000
v 1.015000 5.099999 3.220000
v 1.015000 4.700000 3.220000
v 1.015000 4.700000 4.020000
v 1.115000 4.700000 3.220000
v 1.115000 4.700000 4.020000
v 1.115000 4.600000 3.220000
v 1.115000 4.600000 4.020000
v 1.015000 4.600000 3.220000
v 1.015000 4.700000 4.020000
v 1.015000 4.600000 4.020000
v -1.015000 4.600000 4.020000
v -1.015000 5.099999 4.119999
v 1.015000 5.099999 4.119999
v 1.015000 5.199999 4.119999
v -1.015000 5.199999 4.119999
v -1.015000 5.199999 4.020000
v 1.015000 5.199999 4.020000
v 1.015000 5.099999 4.020000
v -1.015000 5.099999 4.020000
v -1.040000 4.700000 3.956111
v -1.040000 5.099999 3.956111
v -1.090000 5.099999 3.956111
v -1.090000 4.700000 3.956111
v 1.040000 5.099999 3.867222
v 1.040000 5.099999 3.956111
v 1.090000 4.700000 3.956111
v 1.090000 5.099999 3.956111
v 1.090000 4.700000 3.906111
v 1.090000 5.099999 3.906111
v 1.040000 4.700000 3.906111
v 1.040000 5.099999 3.906111
v 1.040000 4.700000 3.956111
v 1.040000 5.099999 3.778333
v 1.090000 5.099999 3.867222
v 1.090000 4.700000 3.867222
v 1.090000 5.099999 3.817222
v 1.090000 4.700000 3.817222
v 1.040000 5.099999 3.817222
v 1.040000 4.700000 3.817222
v 1.040000 5.099999 3.689444
v 1.040000 4.700000 3.867222
v 1.090000 5.099999 3.778333
v 1.090000 4.700000 3.778333
v 1.090000 5.099999 3.728333
v 1.090000 4.700000 3.728333
v 1.040000 5.099999 3.728333
v 1.040000 4.700000 3.728333
v 1.040000 5.099999 3.600555
v 1.040000 4.700000 3.778333
v 1.090000 5.099999 3.689444
v 1.090000 4.700000 3.689444
v 1.090000 5.099999 3.639444
v 1.090000 4.700000 3.639444
v 1.040000 5.099999 3.639444
v 1.040000 4.700000 3.639444
v 1.040000 5.099999 3.511666
v 1.040000 4.700000 3.689444
v 1.090000 5.099999 3.600555
v 1.090000 4.700000 3.600555
v 1.090000 5.099999 3.550555
v 1.090000 4.700000 3.550555
v 1.040000 5.099999 3.550555
v 1.040000 4.700000 3.550555
v 1.040000 5.099999 3.422777
v 1.040000 4.700000 3.600555
v 1.090000 5.099999 3.511666
v 1.090000 4.700000 3.511666
v 1.090000 5.099999 3.461666
v 1.090000 4.700000 3.461666
v 1.040000 5.099999 3.461666
v 1.040000 4.700000 3.461666
v 1.040000 5.099999 3.333889
v 1.040000 4.700000 3.511666
v 1.090000 5.099999 3.422777
v 1.090000 4.700000 3.422777
v 1.090000 5.099999 3.372777
v 1.090000 4.700000 3.372777
v 1.040000 5.099999 3.372777
v 1.040000 4.700000 3.372777
v -1.090000 4.700000 3.906111
v 1.040000 4.700000 3.422777
v 1.090000 5.099999 3.333889
v 1.090000 4.700000 3.333889
v 1.090000 5.099999 3.283889
v 1.090000 4.700000 3.283889
v 1.040000 5.099999 3.283889
v 1.040000 4.700000 3.283889
v -1.090000 5.099999 3.906111
v 1.040000 4.700000 3.333889
v 1.015000 2.300000 4.020000
v 1.015000 3.000000 4.020000
v 1.015000 3.000000 4.120000
v 1.015000 2.300000 4.120000
v 1.115000 2.300000 4.120000
v -1.015000 3.000000 4.120000
v -1.015000 3.000000 4.020000
v -1.015000 2.300000 4.020000
v -1.115000 2.300000 4.020000
v -1.115000 3.000000 4.020000
v -1.115000 3.000000 4.120000
v -1.115000 2.300000 4.120000
v -1.015000 2.300000 4.120000
v -1.015000 2.300000 3.220000
v -1.015000 4.600000 4.020000
v -1.015000 4.600000 3.220000
v -1.115000 4.600000 3.220000
v -1.115000 4.600000 4.020000
v -1.115000 4.700000 4.020000
v -1.115000 4.700000 3.220000
v -1.015000 4.700000 3.220000
v -1.015000 4.700000 4.020000
v -1.015000 5.099999 4.020000
v -1.015000 5.099999 3.220000
v -1.115000 5.099999 3.220000
v -1.115000 5.099999 4.020000
v -1.115000 5.199999 4.020000
v -1.115000 5.199999 3.220000
v -1.015000 5.199999 3.220000
v -1.015000 5.199999 4.020000
v -0.943333 4.700000 4.045000
v -0.073333 5.099999 4.045000
v -0.943333 4.700000 4.095000
v -0.943333 5.099999 4.095000
v -0.893333 4.700000 4.095000
v -0.893333 5.099999 4.095000
v -0.893333 4.700000 4.045000
v -0.893333 5.099999 4.045000
v -0.846667 4.700000 4.045000
v -0.943333 5.099999 4.045000
v -0.846667 5.099999 4.095000
v -0.846667 4.700000 4.095000
v -0.796667 5.099999 4.095000
v -0.796667 4.700000 4.095000
v -0.796667 5.099999 4.045000
v -0.796667 4.700000 4.045000
v -0.846667 5.099999 4.045000
v -0.750000 4.700000 4.045000
v -0.750000 5.099999 4.095000
v -0.750000 4.700000 4.095000
v -0.700000 5.099999 4.095000
v -0.700000 4.700000 4.095000
v -0.700000 5.099999 4.045000
v -0.700000 4.700000 4.045000
v -0.750000 5.099999 4.045000
v -0.653333 4.700000 4.045000
v -0.653333 5.099999 4.095000
v -0.653333 4.700000 4.095000
v -0.603333 5.099999 4.095000
v -0.603333 4.700000 4.095000
v -0.603333 5.099999 4.045000
v -0.603333 4.700000 4.045000
v -0.653333 5.099999 4.045000
v -0.556667 4.700000 4.045000
v -0.556667 5.099999 4.095000
v -0.556667 4.700000 4.095000
v -0.506667 5.099999 4.095000
v -0.506667 4.700000 4.095000
v -0.506667 5.099999 4.045000
v -0.506667 4.700000 4.045000
v -0.556667 5.099999 4.045000
v -0.460000 4.700000 4.045000
v -0.460000 5.099999 4.095000
v -0.460000 4.700000 4.095000
v -0.410000 5.099999 4.095000
v -0.410000 4.700000 4.095000
v -0.410000 5.099999 4.045000
v -0.410000 4.700000 4.045000
v -0.460000 5.099999 4.045000
v -0.363333 4.700000 4.045000
v -0.363333 5.099999 4.095000
v -0.363333 4.700000 4.095000
v -0.313333 5.099999 4.095000
v -0.313333 4.700000 4.095000
v -0.313333 5.099999 4.045000
v -0.313333 4.700000 4.045000
v -0.363333 5.099999 4.045000
v -0.266667 4.700000 4.045000
v -0.266667 5.099999 4.095000
v -0.266667 4.700000 4.095000
v -0.216667 5.099999 4.095000
v -0.216667 4.700000 4.095000
v -0.216667 5.099999 4.045000
v -0.216667 4.700000 4.045000
v -0.266667 5.099999 4.045000
v -0.170000 4.700000 4.045000
v -0.170000 5.099999 4.095000
v -0.170000 4.700000 4.095000
v -0.120000 5.099999 4.095000
v -0.120000 4.700000 4.095000
v -0.120000 5.099999 4.045000
v -0.120000 4.700000 4.045000
v -0.170000 5.099999 4.045000
v 0.023333 5.099999 4.045000
v -0.073333 5.099999 4.095000
v -0.073333 4.700000 4.095000
v -0.023333 5.099999 4.095000
v -0.023333 4.700000 4.095000
v -0.023333 5.099999 4.045000
v -0.023333 4.700000 4.045000
v 0.120000 5.099999 4.045000
v -0.073333 4.700000 4.045000
v 0.023333 5.099999 4.095000
v 0.023333 4.700000 4.095000
v 0.073333 5.099999 4.095000
v 0.073333 4.700000 4.095000
v 0.073333 5.099999 4.045000
v 0.073333 4.700000 4.045000
v -1.040000 5.099999 3.906111
v 0.023333 4.700000 4.045000
v 0.120000 5.099999 4.095000
v 0.120000 4.700000 4.095000
v 0.170000 5.099999 4.095000
v 0.170000 4.700000 4.095000
v 0.170000 5.099999 4.045000
v 0.170000 4.700000 4.045000
v 0.216667 4.700000 4.045000
v 0.120000 4.700000 4.045000
v 0.216667 5.099999 4.095000
v 0.216667 4.700000 4.095000
v 0.266667 5.099999 4.095000
v 0.266667 4.700000 4.095000
v 0.266667 5.099999 4.045000
v 0.266667 4.700000 4.045000
v 0.216667 5.099999 4.045000
v 0.313333 4.700000 4.045000
v 0.313333 5.099999 4.095000
v 0.313333 4.700000 4.095000
v 0.363333 5.099999 4.095000
v 0.363333 4.700000 4.095000
v 0.363333 5.099999 4.045000
v 0.363333 4.700000 4.045000
v 0.313333 5.099999 4.045000
v 0.410000 4.700000 4.045000
v 0.410000 5.099999 4.095000
v 0.410000 4.700000 4.095000
v 0.460000 5.099999 4.095000
v 0.460000 4.700000 4.095000
v 0.460000 5.099999 4.045000
v 0.460000 4.700000 4.045000
v 0.410000 5.099999 4.045000
v 0.506667 4.700000 4.045000
v 0.506667 5.099999 4.095000
v 0.506667 4.700000 4.095000
v 0.556667 5.099999 4.095000
v 0.556667 4.700000 4.095000
v 0.556667 5.099999 4.045000
v 0.556667 4.700000 4.045000
v 0.506667 5.099999 4.045000
v 0.603333 4.700000 4.045000
v 0.603333 5.099999 4.095000
v 0.603333 4.700000 4.095000
v 0.653333 5.099999 4.095000
v 0.653333 4.700000 4.095000
v 0.653333 5.099999 4.045000
v 0.653333 4.700000 4.045000
v 0.603333 5.099999 4.045000
v 0.700000 4.700000 4.045000
v 0.700000 5.099999 4.095000
v 0.700000 4.700000 4.095000
v 0.750000 5.099999 4.095000
v 0.750000 4.700000 4.095000
v 0.750000 5.099999 4.045000
v 0.750000 4.700000 4.045000
v 0.700000 5.099999 4.045000
v 0.796667 4.700000 4.045000
v 0.796667 5.099999 4.095000
v 0.796667 4.700000 4.095000
v 0.846667 5.099999 4.095000
v 0.846667 4.700000 4.095000
v 0.846667 5.099999 4.045000
v 0.846667 4.700000 4.045000
v 0.796667 5.099999 4.045000
v 0.893333 4.700000 4.045000
v 0.893333 5.099999 4.095000
v 0.893333 4.700000 4.095000
v 0.943333 5.099999 4.095000
v 0.943333 4.700000 4.095000
v 0.943333 5.099999 4.045000
v 0.943333 4.700000 4.045000
v 0.893333 5.099999 4.045000
v -1.040000 4.700000 3.906111
v -1.090000 5.099999 3.817222
v -1.090000 4.700000 3.817222
v -1.090000 5.099999 3.867222
v -1.090000 4.700000 3.867222
v -1.040000 5.099999 3.867222
v -1.040000 4.700000 3.867222
v -1.040000 5.099999 3.817222
v -1.040000 4.700000 3.817222
v -1.090000 5.099999 3.728333
v -1.090000 4.700000 3.728333
v -1.090000 5.099999 3.778333
v -1.090000 4.700000 3.778333
v -1.040000 5.099999 3.778333
v -1.040000 4.700000 3.778333
v -1.040000 5.099999 3.728333
v -1.040000 4.700000 3.728333
v -1.090000 5.099999 3.639444
v -1.090000 4.700000 3.639444
v -1.090000 5.099999 3.689444
v -1.090000 4.700000 3.689444
v -1.040000 5.099999 3.689444
v -1.040000 4.700000 3.689444
v -1.040000 5.099999 3.639444
v -1.040000 4.700000 3.639444
v -1.090000 5.099999 3.550555
v -1.090000 4.700000 3.550555
v -1.090000 5.099999 3.600555
v -1.090000 4.700000 3.600555
v -1.040000 5.099999 3.600555
v -1.040000 4.700000 3.600555
v -1.040000 5.099999 3.550555
v -1.040000 4.700000 3.550555
v -1.090000 5.099999 3.461666
v -1.090000 4.700000 3.461666
v -1.090000 5.099999 3.511666
v -1.090000 4.700000 3.511666
v -1.040000 5.099999 3.511666
v -1.040000 4.700000 3.511666
v -1.040000 5.099999 3.461666
v -1.040000 4.700000 3.461666
v -1.090000 5.099999 3.372777
v -1.090000 4.700000 3.372777
v -1.090000 5.099999 3.422777
v -1.090000 4.700000 3.422777
v -1.040000 5.099999 3.422777
v -1.040000 4.700000 3.422777
v -1.040000 5.099999 3.372777
v -1.040000 4.700000 3.372777
v -1.090000 5.099999 3.283889
v -1.090000 4.700000 3.283889
v -1.090000 5.099999 3.333889
v -1.090000 4.700000 3.333889
v -1.040000 5.099999 3.333889
v -1.040000 4.700000 3.333889
v -1.040000 5.099999 3.283889
v -1.040000 4.700000 3.283889
v 1.115000 2.300000 4.020000
v 1.115000 3.000000 4.020000
v -1.015000 2.400000 4.119999
v 1.115000 3.000000 4.120000
v -1.115000 2.300000 3.220000
v -1.115000 3.000000 3.220000
v -1.115000 2.300000 3.120000
v -1.115000 3.000000 3.120000
v -1.015000 2.300000 3.120000
v -1.015000 3.000000 3.120000
v 1.015000 2.400000 4.119999
v -1.015000 3.000000 3.220000
v 1.015000 3.000000 3.120000
v 1.015000 2.300000 3.120000
v 1.015000 3.000000 3.220000
v 1.015000 2.300000 3.220000
v 1.115000 3.000000 3.220000
v 1.115000 2.300000 3.220000
v 1.115000 3.000000 3.120000
v 1.115000 2.300000 3.120000
v 1.015000 2.500000 4.119999
v -1.015000 2.500000 4.119999
v -1.115000 2.900000 4.020000
v -1.015000 2.500000 4.020000
v -1.115000 3.000000 4.020000
v -1.115000 3.000000 3.220000
v -1.015000 3.000000 4.020000
v -1.015000 3.000000 3.220000
v -1.015000 2.900000 4.020000
v -1.015000 2.900000 3.220000
v -1.115000 2.400000 4.020000
v -1.115000 2.900000 3.220000
v -1.115000 2.500000 3.220000
v -1.115000 2.500000 4.020000
v -1.015000 2.500000 3.220000
v -1.015000 2.500000 4.020000
v -1.015000 2.400000 3.220000
v -1.015000 2.400000 4.020000
v -1.115000 2.400000 3.220000
v 1.015000 2.500000 4.020000
v 1.015000 2.400000 4.020000
v -1.015000 2.400000 4.020000
v -1.015000 2.900000 4.119999
v 1.015000 2.900000 4.119999
v 1.015000 3.000000 4.119999
v -1.015000 3.000000 4.119999
v -1.015000 3.000000 4.020000
v 1.015000 3.000000 4.020000
v 1.015000 2.900000 4.020000
v -1.015000 2.900000 4.020000
v 1.040000 2.500000 3.283889
v 1.040000 2.900000 3.283889
v 1.090000 2.900000 3.283889
v 1.090000 2.500000 3.283889
v 1.090000 2.500000 3.333889
v 1.090000 2.900000 3.333889
v -1.090000 2.500000 3.283888
v -1.090000 2.900000 3.283888
v -1.090000 2.500000 3.333888
v -1.090000 2.900000 3.333888
v -1.040000 2.500000 3.333888
v -1.040000 2.900000 3.333888
v -1.040000 2.500000 3.283888
v -1.040000 2.900000 3.283888
v -1.090000 2.900000 3.372777
v -1.090000 2.500000 3.372777
v -1.090000 2.900000 3.422777
v -1.090000 2.500000 3.422777
v -1.040000 2.900000 3.422777
v -1.040000 2.500000 3.422777
v -1.040000 2.900000 3.372777
v -1.040000 2.500000 3.372777
v -1.090000 2.900000 3.461666
v -1.090000 2.500000 3.461666
v -1.090000 2.900000 3.511666
v -1.090000 2.500000 3.511666
v -1.040000 2.900000 3.511666
v -1.040000 2.500000 3.511666
v -1.040000 2.900000 3.461666
v -1.040000 2.500000 3.461666
v -1.090000 2.900000 3.550555
v -1.090000 2.500000 3.550555
v -1.090000 2.900000 3.600555
v -1.090000 2.500000 3.600555
v -1.040000 2.900000 3.600555
v -1.040000 2.500000 3.600555
v -1.040000 2.900000 3.550555
v -1.040000 2.500000 3.550555
v -1.090000 2.900000 3.639444
v -1.090000 2.500000 3.639444
v -1.090000 2.900000 3.689444
v -1.090000 2.500000 3.689444
v -1.040000 2.900000 3.689444
v -1.040000 2.500000 3.689444
v -1.040000 2.900000 3.639444
v -1.040000 2.500000 3.639444
v -1.090000 2.900000 3.728333
v -1.090000 2.500000 3.728333
v -1.090000 2.900000 3.778333
v -1.090000 2.500000 3.778333
v -1.040000 2.900000 3.778333
v -1.040000 2.500000 3.778333
v -1.040000 2.900000 3.728333
v -1.040000 2.500000 3.728333
v -1.090000 2.900000 3.817222
v -1.090000 2.500000 3.817222
v -1.090000 2.900000 3.867222
v -1.090000 2.500000 3.867222
v -1.040000 2.900000 3.867222
v -1.040000 2.500000 3.867222
v -1.040000 2.900000 3.817222
v -1.040000 2.500000 3.817222
v -1.090000 2.900000 3.906111
v -1.090000 2.500000 3.906111
v -1.090000 2.900000 3.956110
v -1.090000 2.500000 3.956110
v -1.040000 2.900000 3.956110
v -1.040000 2.500000 3.956110
v -1.040000 2.900000 3.906111
v -1.040000 2.500000 3.906111
v 1.040000 2.900000 3.333889
v 1.040000 2.900000 3.422778
v 1.115000 2.400000 4.020000
v 1.115000 2.400000 3.220000
v 1.015000 2.400000 3.220000
v 1.015000 2.400000 4.020000
v 1.015000 2.500000 4.020000
v 1.015000 2.500000 3.220000
v 1.115000 2.500000 3.220000
v 1.115000 2.500000 4.020000
v 1.115000 2.900000 4.020000
v 1.115000 2.900000 3.220000
v 1.015000 2.900000 3.220000
v 1.015000 2.900000 4.020000
v 1.015000 3.000000 4.020000
v 1.015000 3.000000 3.220000
v 1.115000 3.000000 3.220000
v 1.115000 3.000000 4.020000
v -0.943333 2.500000 4.045000
v -0.073333 2.900000 4.045000
v -0.943333 2.500000 4.095000
v -0.943333 2.900000 4.095000
v -0.893333 2.500000 4.095000
v -0.893333 2.900000 4.095000
v -0.893333 2.500000 4.045000
v -0.893333 2.900000 4.045000
v -0.846667 2.500000 4.045000
v -0.943333 2.900000 4.045000
v -0.846667 2.900000 4.095000
v -0.846667 2.500000 4.095000
v -0.796667 2.900000 4.095000
v -0.796667 2.500000 4.095000
v -0.796667 2.900000 4.045000
v -0.796667 2.500000 4.045000
v -0.846667 2.900000 4.045000
v -0.750000 2.500000 4.045000
v -0.750000 2.900000 4.095000
v -0.750000 2.500000 4.095000
v -0.700000 2.900000 4.095000
v -0.700000 2.500000 4.095000
v -0.700000 2.900000 4.045000
v -0.700000 2.500000 4.045000
v -0.750000 2.900000 4.045000
v -0.653333 2.500000 4.045000
v -0.653333 2.900000 4.095000
v -0.653333 2.500000 4.095000
v -0.603333 2.900000 4.095000
v -0.603333 2.500000 4.095000
v -0.603333 2.900000 4.045000
v -0.603333 2.500000 4.045000
v -0.653333 2.900000 4.045000
v -0.556667 2.500000 4.045000
v -0.556667 2.900000 4.095000
v -0.556667 2.500000 4.095000
v -0.506667 2.900000 4.095000
v -0.506667 2.500000 4.095000
v -0.506667 2.900000 4.045000
v -0.506667 2.500000 4.045000
v -0.556667 2.900000 4.045000
v -0.460000 2.500000 4.045000
v -0.460000 2.900000 4.095000
v -0.460000 2.500000 4.095000
v -0.410000 2.900000 4.095000
v -0.410000 2.500000 4.095000
v -0.410000 2.900000 4.045000
v -0.410000 2.500000 4.045000
v -0.460000 2.900000 4.045000
v -0.363333 2.500000 4.045000
v -0.363333 2.900000 4.095000
v -0.363333 2.500000 4.095000
v -0.313333 2.900000 4.095000
v -0.313333 2.500000 4.095000
v -0.313333 2.900000 4.045000
v -0.313333 2.500000 4.045000
v -0.363333 2.900000 4.045000
v -0.266667 2.500000 4.045000
v -0.266667 2.900000 4.095000
v -0.266667 2.500000 4.095000
v -0.216667 2.900000 4.095000
v -0.216667 2.500000 4.095000
v -0.216667 2.900000 4.045000
v -0.216667 2.500000 4.045000
v -0.266667 2.900000 4.045000
v -0.170000 2.500000 4.045000
v -0.170000 2.900000 4.095000
v -0.170000 2.500000 4.095000
v -0.120000 2.900000 4.095000
v -0.120000 2.500000 4.095000
v -0.120000 2.900000 4.045000
v -0.120000 2.500000 4.045000
v -0.170000 2.900000 4.045000
v 0.023333 2.900000 4.045000
v -0.073333 2.900000 4.095000
v -0.073333 2.500000 4.095000
v -0.023333 2.900000 4.095000
v -0.023333 2.500000 4.095000
v -0.023333 2.900000 4.045000
v -0.023333 2.500000 4.045000
v 0.120000 2.900000 4.045000
v -0.073333 2.500000 4.045000
v 0.023333 2.900000 4.095000
v 0.023333 2.500000 4.095000
v 0.073333 2.900000 4.095000
v 0.073333 2.500000 4.095000
v 0.073333 2.900000 4.045000
v 0.073333 2.500000 4.045000
v 0.216667 2.900000 4.045000
v 0.023333 2.500000 4.045000
v 0.120000 2.900000 4.095000
v 0.120000 2.500000 4.095000
v 0.170000 2.900000 4.095000
v 0.170000 2.500000 4.095000
v 0.170000 2.900000 4.045000
v 0.170000 2.500000 4.045000
v 1.040000 2.900000 3.511667
v 0.120000 2.500000 4.045000
v 0.216667 2.900000 4.095000
v 0.216667 2.500000 4.095000
v 0.266667 2.900000 4.095000
v 0.266667 2.500000 4.095000
v 0.266667 2.900000 4.045000
v 0.266667 2.500000 4.045000
v 0.313333 2.500000 4.045000
v 0.216667 2.500000 4.045000
v 0.313333 2.900000 4.095000
v 0.313333 2.500000 4.095000
v 0.363333 2.900000 4.095000
v 0.363333 2.500000 4.095000
v 0.363333 2.900000 4.045000
v 0.363333 2.500000 4.045000
v 0.313333 2.900000 4.045000
v 0.410000 2.500000 4.045000
v 0.410000 2.900000 4.095000
v 0.410000 2.500000 4.095000
v 0.460000 2.900000 4.095000
v 0.460000 2.500000 4.095000
v 0.460000 2.900000 4.045000
v 0.460000 2.500000 4.045000
v 0.410000 2.900000 4.045000
v 0.506667 2.500000 4.045000
v 0.506667 2.900000 4.095000
v 0.506667 2.500000 4.095000
v 0.556667 2.900000 4.095000
v 0.556667 2.500000 4.095000
v 0.556667 2.900000 4.045000
v 0.556667 2.500000 4.045000
v 0.506667 2.900000 4.045000
v 0.603333 2.500000 4.045000
v 0.603333 2.900000 4.095000
v 0.603333 2.500000 4.095000
v 0.653333 2.900000 4.095000
v 0.653333 2.500000 4.095000
v 0.653333 2.900000 4.045000
v 0.653333 2.500000 4.045000
v 0.603333 2.900000 4.045000
v 0.700000 2.500000 4.045000
v 0.700000 2.900000 4.095000
v 0.700000 2.500000 4.095000
v 0.750000 2.900000 4.095000
v 0.750000 2.500000 4.095000
v 0.750000 2.900000 4.045000
v 0.750000 2.500000 4.045000
v 0.700000 2.900000 4.045000
v 0.796667 2.500000 4.045000
v 0.796667 2.900000 4.095000
v 0.796667 2.500000 4.095000
v 0.846667 2.900000 4.095000
v 0.846667 2.500000 4.095000
v 0.846667 2.900000 4.045000
v 0.846667 2.500000 4.045000
v 0.796667 2.900000 4.045000
v 0.893333 2.500000 4.045000
v 0.893333 2.900000 4.095000
v 0.893333 2.500000 4.095000
v 0.943333 2.900000 4.095000
v 0.943333 2.500000 4.095000
v 0.943333 2.900000 4.045000
v 0.943333 2.500000 4.045000
v 0.893333 2.900000 4.045000
v 1.040000 2.500000 3.333889
v 1.090000 2.900000 3.422778
v 1.090000 2.500000 3.422778
v 1.090000 2.900000 3.372778
v 1.090000 2.500000 3.372778
v 1.040000 2.900000 3.372778
v 1.040000 2.500000 3.372778
v 1.040000 2.900000 3.600555
v 1.040000 2.500000 3.422778
v 1.090000 2.900000 3.511667
v 1.090000 2.500000 3.511667
v 1.090000 2.900000 3.461667
v 1.090000 2.500000 3.461667
v 1.040000 2.900000 3.461667
v 1.040000 2.500000 3.461667
v 1.040000 2.900000 3.689444
v 1.040000 2.500000 3.511667
v 1.090000 2.900000 3.600555
v 1.090000 2.500000 3.600555
v 1.090000 2.900000 3.550555
v 1.090000 2.500000 3.550555
v 1.040000 2.900000 3.550555
v 1.040000 2.500000 3.550555
v 1.040000 2.900000 3.778333
v 1.040000 2.500000 3.600555
v 1.090000 2.900000 3.689444
v 1.090000 2.500000 3.689444
v 1.090000 2.900000 3.639444
v 1.090000 2.500000 3.639444
v 1.040000 2.900000 3.639444
v 1.040000 2.500000 3.639444
v 1.040000 2.900000 3.867222
v 1.040000 2.500000 3.689444
v 1.090000 2.900000 3.778333
v 1.090000 2.500000 3.778333
v 1.090000 2.900000 3.728333
v 1.090000 2.500000 3.728333
v 1.040000 2.900000 3.728333
v 1.040000 2.500000 3.728333
v 1.040000 2.900000 3.956111
v 1.040000 2.500000 3.778333
v 1.090000 2.900000 3.867222
v 1.090000 2.500000 3.867222
v 1.090000 2.900000 3.817222
v 1.090000 2.500000 3.817222
v 1.040000 2.900000 3.817222
v 1.040000 2.500000 3.817222
v 1.040000 2.500000 3.867222
v 1.090000 2.900000 3.956111
v 1.090000 2.500000 3.956111
v 1.090000 2.900000 3.906111
v 1.090000 2.500000 3.906111
v 1.040000 2.900000 3.906111
v 1.040000 2.500000 3.906111
v 1.040000 2.500000 3.956111
vn 1.0000 -0.0000 -0.0000
vn -1.0000 -0.0000 -0.0000
vn -0.0000 -0.0000 1.0000
vn -0.0000 1.0000 -0.0000
vn -0.0000 -0.0000 -1.0000
vn -1.0000 -0.0000 0.0083
vn 1.0000 -0.0000 -0.0083
vn -0.0000 -1.0000 -0.0000
vn -0.0000 -0.8957 -0.4447
vn -0.1961 -0.0000 0.9806
vn -0.0000 0.1961 0.9806
vn 0.1961 -0.0000 0.9806
vn -0.0000 -0.1961 0.9806
vn -0.0005 -0.8948 0.4464
vn 0.4447 -0.8957 -0.0000
vn -0.4447 -0.8957 -0.0000
vn 0.0005 -0.8948 0.4464
vn -0.0000 -0.8944 -0.4472
vn -0.4456 -0.8952 -0.0005
vn 0.4464 -0.8948 0.0005
vn -0.4472 0.8944 -0.0000
vn 0.4472 0.8944 -0.0000
vn -0.0000 0.8944 0.4472
vn -0.0000 0.8944 -0.4472
vn -0.0017 -0.8943 -0.4474
vn -0.0000 -0.8944 0.4472
vn 0.4474 -0.8943 -0.0017
vn -0.4474 -0.8943 -0.0017
vn -0.4474 -0.8943 0.0017
vn 0.4472 -0.8944 -0.0000
vn -1.0000 -0.0000 -0.0093
vn -0.9999 0.0115 -0.0045
vn -0.9997 -0.0230 0.0045
vn -0.0007 -0.0000 -1.0000
vn -0.0014 1.0000 -0.0000
vn -0.0014 -0.0000 1.0000
vn -0.0007 -1.0000 -0.0000
vn -0.0040 1.0000 0.0001
vn -0.9191 0.3939 -0.0000
vn -0.9191 -0.0000 0.3939
vn -0.9191 -0.3939 -0.0000
vn -0.9191 0.0001 -0.3939
vn -1.0000 -0.0000 0.0074
vn -0.9191 -0.0000 -0.3939
vn -0.0007 1.0000 0.0001
vn -0.9990 0.0049 -0.0454
vn -0.9990 0.0454 -0.0050
vn -0.0042 1.0000 -0.0000
vn -0.9191 0.3939 0.0001
vn -0.9191 -0.0001 -0.3939
vn -0.9998 -0.0000 0.0186
vn -0.9999 -0.0115 0.0045
vn -0.9999 -0.0000 -0.0167
vn -0.9997 0.0230 -0.0000
vn -0.9997 -0.0230 -0.0000
vn -0.0007 1.0000 -0.0000
vn -0.0007 -0.0000 1.0000
vn -0.9990 -0.0049 0.0454
vn -0.9990 -0.0454 0.0050
vn -0.9191 -0.3939 0.0001
vn -1.0000 -0.0000 -0.0074
vn -0.9191 -0.3939 -0.0001
vn -0.9191 0.0001 0.3939
vn 0.9191 -0.3939 -0.0000
vn 0.9191 -0.0000 0.3939
vn 0.9191 0.3939 0.0001
vn -1.0000 -0.0000 -0.0083
vn -0.0014 -1.0000 -0.0000
vn -0.0014 -0.0000 -1.0000
vn -0.9959 -0.0000 0.0905
vn -0.9959 0.0905 -0.0000
vn 0.9191 -0.0000 -0.3939
vn 0.9191 -0.0001 -0.3939
vn -0.9191 0.3939 -0.0001
vn -0.9191 -0.0001 0.3939
vn 1.0000 -0.0000 -0.0093
vn 0.9999 -0.0115 0.0045
vn 0.0014 -0.0000 1.0000
vn 0.9992 -0.0000 -0.0405
vn 0.9959 -0.0000 0.0905
vn 0.9959 0.0905 -0.0000
vn 0.9959 -0.0905 -0.0000
vn 0.9191 -0.0001 0.3939
vn 0.9191 0.3939 -0.0001
vn 0.9191 0.0001 -0.3939
vn 0.9191 -0.3939 0.0001
vn 0.9191 0.3939 -0.0000
vn 0.9191 0.0001 0.3939
vn 0.9191 -0.3939 -0.0001
vn 0.0007 1.0000 -0.0000
vn 0.0007 -1.0000 -0.0000
vn 0.9990 0.0049 -0.0454
vn 0.9990 -0.0454 0.0050
vn 0.9998 -0.0000 0.0186
vn 0.9997 0.0230 -0.0000
vn 0.9999 -0.0115 -0.0045
vn 0.0014 -1.0000 -0.0000
vn 0.9999 -0.0000 0.0167
vn 0.9999 0.0115 -0.0045
vn 0.0007 -0.0000 -1.0000
vn 0.0007 -0.0000 1.0000
vn 0.9990 -0.0049 -0.0454
vn 0.9990 -0.0454 -0.0050
vn 1.0000 -0.0000 -0.0074
vn 1.0000 -0.0000 0.0074
vn 0.9959 -0.0000 -0.0905
vn 0.9990 0.0454 -0.0050
vn 1.0000 -0.0000 0.0083
vn 0.0014 1.0000 -0.0000
vn 0.0014 -0.0000 -1.0000
vn 0.9990 -0.0049 0.0454
vt -3.740000 -4.099998
vt 4.740000 -4.099998
vt 4.740000 -3.699998
vt -3.740000 -3.699998
vt 6.740000 -4.099998
vt 6.740000 -3.699998
vt -5.740000 -4.099998
vt -5.740000 -3.699998
vt -3.740000 -3.740000
vt -3.740000 -5.740000
vt -3.500000 -5.500000
vt -3.500000 -3.500000
vt -3.500000 -0.388889
vt -0.833333 -0.388889
vt 1.833333 -0.388889
vt 4.500000 -0.388889
vt 0.500000 1.611111
vt -3.500000 -5.900000
vt -5.500000 -5.900000
vt -5.500000 -1.900000
vt -3.500000 -1.900000
vt 4.500000 -5.900000
vt 6.500000 -5.900000
vt 6.500000 -1.900000
vt 4.500000 -1.900000
vt -2.166667 -5.900000
vt -2.166667 -1.900000
vt -2.166667 -3.233333
vt -2.166667 -4.566666
vt 3.166667 -5.900000
vt 3.166667 -1.900000
vt 3.166667 -3.233333
vt 3.166667 -4.566666
vt 1.833333 -5.900000
vt 1.833333 -1.900000
vt 1.833333 -3.900000
vt 6.740000 0.300002
vt 4.740000 0.300002
vt 4.740000 0.700002
vt 6.740000 0.700002
vt -5.740000 0.300002
vt -3.740000 0.300002
vt -3.740000 0.700002
vt -5.740000 0.700002
vt 6.500000 -1.500000
vt 4.500000 -1.500000
vt 4.500000 2.500000
vt 6.500000 2.500000
vt -5.500000 -1.500000
vt -3.500000 -1.500000
vt -3.500000 2.500000
vt -5.500000 2.500000
vt -3.727408 2.020000
vt -5.060741 2.020000
vt -5.060741 6.020000
vt -3.727408 6.020000
vt -3.727408 4.686667
vt -3.727408 3.353333
vt 4.467308 0.699817
vt 5.800642 0.699817
vt 5.800642 4.699817
vt 4.467308 4.699817
vt 4.467308 3.366483
vt 4.467308 2.033150
vt 1.833333 -1.500000
vt 1.833333 2.500000
vt 1.833333 0.500000
vt 6.740000 4.700002
vt 4.740000 4.700002
vt 4.740000 5.100002
vt 6.740000 5.100002
vt -5.740000 4.700002
vt -3.740000 4.700002
vt -3.740000 5.100002
vt -5.740000 5.100002
vt 1.833333 2.900000
vt 4.500000 2.900000
vt 4.500000 6.900000
vt 1.833333 6.900000
vt 1.833333 4.900000
vt 6.500000 2.900000
vt 6.500000 6.900000
vt -5.500000 2.900000
vt -3.500000 2.900000
vt -3.500000 6.900000
vt -5.500000 6.900000
vt -2.166667 2.900000
vt -2.166667 6.900000
vt -2.166667 5.566667
vt -2.166667 4.233334
vt 4.727423 2.019794
vt 6.060756 2.019794
vt 6.060756 6.021994
vt 4.727423 6.021994
vt 4.727423 4.687927
vt 4.727423 3.353861
vt 4.740000 -3.740000
vt 6.740000 -3.740000
vt 6.500000 -3.500000
vt 4.500000 -3.500000
vt 4.740000 -5.740000
vt 4.500000 -5.500000
vt 1.833333 -5.500000
vt 0.944445 -5.500000
vt 0.055556 -5.500000
vt -0.833333 -5.500000
vt 6.740000 4.740000
vt 6.500000 4.500000
vt 4.740000 4.740000
vt 4.500000 4.500000
vt -5.740000 -3.740000
vt -5.740000 4.740000
vt -5.500000 4.500000
vt -5.500000 -3.500000
vt -3.740000 4.740000
vt -3.500000 4.500000
vt -3.740000 6.740000
vt 4.740000 6.740000
vt 4.500000 6.500000
vt -3.500000 6.500000
vt 6.500000 3.166667
vt 6.500000 1.833333
vt 6.500000 0.500000
vt 6.500000 -0.833333
vt 6.500000 -2.166667
vt -5.500000 -2.166667
vt -5.500000 -0.833333
vt -5.500000 0.500000
vt -5.500000 1.833333
vt -5.500000 3.166667
vt -4.140000 -4.140000
vt -6.140000 -4.140000
vt -0.144262 2.092461
vt -0.144262 0.533882
vt -0.044262 0.633882
vt -0.044262 1.992461
vt 0.514317 2.092461
vt 0.414317 1.992461
vt 0.514317 0.533882
vt 0.414317 0.633882
vt 0.614317 0.633882
vt 0.614317 1.992461
vt 1.172896 2.092461
vt 1.072896 1.992461
vt 1.172896 0.533882
vt 1.072896 0.633882
vt -0.144262 -1.024696
vt -0.044262 -0.924696
vt -0.044262 0.433882
vt 0.414317 0.433882
vt 0.514317 -1.024696
vt 0.414317 -0.924696
vt -6.140000 5.140000
vt -4.140000 5.140000
vt -4.140000 7.140000
vt -2.166667 -0.388889
vt 0.500000 -0.388889
vt 1.833333 -0.388889
vt 3.166667 -0.388889
vt 5.140000 7.140000
vt 5.140000 5.140000
vt 7.140000 5.140000
vt 7.140000 -4.140000
vt 5.140000 -4.140000
vt 5.140000 -6.140000
vt -0.833333 -0.388889
vt -2.166667 -0.388889
vt -4.140000 -6.140000
vt 0.500000 -6.140000
vt 0.500000 -5.500000
vt 0.500000 0.500000
vt 7.140000 0.500000
vt 6.500000 0.500000
vt 0.500000 7.140000
vt 0.500000 6.500000
vt -6.140000 0.500000
vt -5.500000 0.500000
vt -4.140000 -0.254997
vt -6.140000 -0.254997
vt -6.140000 0.205003
vt -4.140000 0.205003
vt 0.500000 2.065002
vt 0.500000 2.525002
vt 0.500000 2.065002
vt 5.140000 -0.254997
vt 5.140000 0.205003
vt 0.500000 2.525002
vt 7.140000 -0.254997
vt 7.140000 0.205003
vt -6.140000 0.500000
vt -5.500000 0.500000
vt 0.500000 7.140000
vt 0.500000 6.500000
vt 0.500000 -6.140000
vt 0.500000 -5.500000
vt 7.140000 0.500000
vt 6.500000 0.500000
vt -2.766667 -2.140000
vt 0.233333 -2.140000
vt 0.233333 1.460000
vt 0.233333 1.860000
vt -2.766667 1.860000
vt 0.900000 1.460000
vt 2.233333 1.460000
vt 2.233333 1.860000
vt 1.300000 -1.577143
vt 1.500000 -1.577143
vt 1.500000 2.022857
vt 1.300000 1.822857
vt -0.500000 -1.577143
vt -0.300000 -1.577143
vt -0.300000 1.822857
vt -0.500000 2.022857
vt -0.500000 2.022857
vt -0.285683 -1.166118
vt 1.314317 -1.166118
vt 1.172896 -1.024696
vt 0.600000 0.600000
vt 1.058579 0.600000
vt 1.058579 1.958579
vt 0.600000 1.958579
vt 0.471429 -1.577143
vt 0.471429 1.822857
vt 0.571429 1.822857
vt 0.571429 -1.577143
vt -0.300000 0.471429
vt 1.300000 0.471429
vt 1.300000 0.571429
vt -0.300000 0.571429
vt 1.314317 2.233882
vt -0.285683 2.233882
vt 0.614317 -0.924696
vt 1.072896 -0.924696
vt 1.072896 0.433882
vt 0.614317 0.433882
vt 1.833333 2.900000
vt 0.500000 2.900000
vt 0.500000 6.900000
vt 1.833333 6.900000
vt 1.833333 5.566667
vt 1.833333 4.233334
vt 2.148333 -1.500313
vt 1.258333 -1.500313
vt 1.258333 -0.629968
vt 1.258333 1.630075
vt 1.258333 2.500421
vt 2.148333 2.500787
vt 0.518333 1.629994
vt -0.961667 1.629831
vt -0.961667 2.500054
vt -0.961667 -1.500313
vt -0.961667 -0.630090
vt -0.221667 -0.630049
vt 0.482501 -0.410025
vt 0.482501 1.409962
vt 0.582501 1.409962
vt 0.582501 -0.410025
vt 2.148334 -1.500863
vt 1.258333 -1.500863
vt 1.258333 -0.629986
vt 1.258333 1.630093
vt 1.258333 2.500970
vt 2.148334 2.501337
vt 0.518333 1.630011
vt -0.961667 1.629848
vt -0.961667 2.500603
vt -0.961667 -1.500863
vt -0.221667 -0.630067
vt 0.482501 -0.410029
vt 0.482501 1.409970
vt 0.582501 1.409970
vt 0.582501 -0.410029
vt 0.482501 1.390000
vt 0.482501 -0.390000
vt 0.582501 -0.390000
vt 0.582501 1.390000
vt 0.482501 1.410030
vt 0.482501 -0.409969
vt 0.582501 -0.409969
vt 0.582501 1.410030
vt 0.360009 0.639986
vt -0.249871 0.639965
vt -0.249969 1.269937
vt 0.360009 1.269863
vt -0.610000 -0.630053
vt -0.610000 1.629950
vt -0.390000 1.409962
vt -0.390000 -0.410025
vt 1.610000 -0.629971
vt 1.390000 -0.409969
vt 1.390000 1.410030
vt 1.610000 1.630113
vt 1.610000 1.630032
vt -0.610000 -0.630012
vt 1.390000 -0.409969
vt -0.390000 -0.410025
vt 0.500000 -0.409997
vt 0.502501 -0.610000
vt 0.502501 1.610000
vt 0.482501 1.610000
vt 1.275106 -0.668690
vt 0.385247 -0.668690
vt 0.525247 -0.528690
vt 1.135106 -0.528690
vt 0.500009 1.409846
vt 0.500009 0.499991
vt -0.389991 1.409953
vt -0.389850 0.499960
vt 0.502501 -0.630053
vt 0.482501 1.629869
vt 0.482501 -0.630053
vt 0.502501 1.630113
vt 0.482501 -0.629930
vt 0.482501 1.630113
vt -0.390000 1.409962
vt -0.390000 0.499969
vt 1.390000 1.410030
vt 0.500000 1.409996
vt 1.390000 0.500031
vt 0.360009 -0.269869
vt -0.249850 -0.269888
vt -0.249850 0.359965
vt 0.360009 0.359986
vt 1.249868 -0.269841
vt 0.640009 -0.269860
vt 0.640009 0.359996
vt 1.249868 0.360017
vt 1.249868 0.640018
vt 0.640009 0.639997
vt 0.640009 1.269852
vt 1.249868 1.269876
vt 1.389868 0.500022
vt 1.389868 1.409881
vt 0.500009 -0.409864
vt -0.389850 -0.409892
vt 1.389868 -0.409837
vt 0.482501 1.410037
vt 0.482501 -0.409974
vt 0.582501 -0.409974
vt 0.582501 1.410037
vt 0.360018 0.639995
vt -0.249863 0.639974
vt -0.249960 1.269952
vt 0.360018 1.269877
vt -0.610000 -0.630069
vt -0.610000 1.629969
vt -0.390000 1.409970
vt -0.390000 -0.410029
vt 1.610000 -0.629987
vt 1.390000 -0.409974
vt 1.390000 1.410037
vt 1.610000 1.630132
vt 1.610000 1.630050
vt -0.610000 -0.630028
vt 1.390000 -0.409975
vt -0.390000 -0.410030
vt 0.500000 -0.410003
vt 1.389876 0.500031
vt 1.389876 -0.409834
vt 1.249876 -0.269838
vt 1.249876 0.360025
vt 0.502501 -0.630069
vt 0.502501 1.629887
vt 0.482501 1.629887
vt 0.482501 -0.630069
vt 0.500018 0.500000
vt 0.640018 0.360004
vt 0.502501 1.630132
vt 0.502501 -0.629947
vt 0.482501 -0.629947
vt 0.500018 -0.409862
vt 0.640018 -0.269857
vt 0.502501 -0.610000
vt 0.482501 -0.610000
vt -0.390000 1.409969
vt -0.390000 0.499969
vt 1.390000 1.410036
vt 0.500000 1.410003
vt 1.390000 0.500031
vt 0.360018 -0.269889
vt -0.249960 -0.270005
vt -0.249863 0.359973
vt 0.360018 0.359994
vt 1.249876 -0.269839
vt 0.640018 -0.269858
vt 0.640018 0.360003
vt 1.249876 0.360024
vt 1.249876 0.640025
vt 0.640018 0.640004
vt 0.640018 1.269866
vt 1.249876 1.269889
vt -0.389841 0.499969
vt -0.249863 0.639975
vt 0.360018 0.639996
vt -0.389982 1.409969
vt -0.249961 1.269953
vt 0.500018 1.409862
vt 0.360018 1.269878
vt 0.640018 0.640005
vt 1.249876 0.640026
vt 0.640018 1.269867
vt 1.389876 1.409895
vt 1.249876 1.269890
vt -0.389982 -0.410030
vt -0.249961 -0.270004
vt 0.360018 -0.269888
vt -0.249863 0.359974
vt 0.360018 0.359995
vt 1.833333 -5.900000
vt 0.500000 -5.900000
vt 0.500000 -1.900000
vt 1.833333 -1.900000
vt 1.833333 -3.233333
vt 1.833333 -4.566666
vt 1.818667 -2.380000
vt 0.928667 -2.380000
vt 0.928667 -1.510000
vt 0.928667 0.750000
vt 0.928667 1.620000
vt 1.818667 1.620000
vt 0.188667 0.750000
vt -1.291333 0.750000
vt -1.291333 1.620000
vt -1.291333 -2.380000
vt -0.551333 -1.510000
vt 0.482354 -0.668823
vt 0.482354 1.151176
vt 0.582354 1.151176
vt 0.582354 -0.668823
vt 2.618667 -2.380000
vt 1.728667 -2.380000
vt 1.728667 -1.510000
vt 1.728667 0.750000
vt 1.728667 1.620000
vt 2.618667 1.620000
vt 0.988667 0.750000
vt -0.491333 0.750000
vt -0.491333 1.620000
vt -0.491333 -2.380000
vt 0.248667 -1.510000
vt 0.482354 1.151177
vt 0.482354 -0.668823
vt 0.582354 -0.668823
vt 0.582354 1.151177
vt 0.482354 1.275239
vt 0.482354 -0.504761
vt 0.582354 -0.504761
vt 0.582354 1.275239
vt -0.030182 -0.240007
vt -0.640062 -0.240007
vt -0.640160 0.389971
vt -0.030182 0.389874
vt -0.724761 -0.888824
vt -0.724761 1.371176
vt -0.504761 1.151176
vt -0.504761 -0.668823
vt 1.495239 -0.888824
vt 1.275239 -0.668823
vt 1.275239 1.151176
vt 1.495238 1.371176
vt 1.495239 1.371176
vt 0.414528 -2.610000
vt -1.365472 -2.610000
vt -0.475472 -2.610000
vt 0.385247 0.241168
vt 0.245247 -0.528713
vt 0.245247 0.101168
vt -0.504612 0.241168
vt -0.364633 0.101168
vt -0.504753 -0.668832
vt -0.364731 -0.528810
vt -0.389850 0.500009
vt 0.500009 0.500009
vt 0.360009 0.360009
vt -0.249871 0.360009
vt -0.275222 1.151176
vt 0.614778 1.151035
vt 0.474778 1.011057
vt -0.135200 1.011154
vt -0.389991 -0.409991
vt -0.249969 -0.269969
vt -0.275081 0.241177
vt -0.135102 0.381176
vt -1.365472 -0.790000
vt -1.365472 -1.700000
vt 0.414528 -0.790000
vt -0.475472 -0.790000
vt 0.414528 -1.700000
vt -0.030182 -1.149888
vt -0.640160 -1.149985
vt -0.640062 -0.520007
vt -0.030182 -0.520007
vt 0.859677 -1.149866
vt 0.249818 -1.149866
vt 0.249818 -0.520007
vt 0.859677 -0.520007
vt 0.859699 -0.240007
vt 0.249818 -0.240007
vt 0.249818 0.389874
vt 0.859796 0.389971
vt 0.525247 0.101168
vt 1.275106 0.241168
vt 1.135106 0.101168
vt -0.364633 0.381168
vt 0.245247 0.381168
vt -0.504753 1.151168
vt -0.364731 1.011146
vt 0.385247 1.151027
vt 0.245247 1.011049
vt 0.525247 0.381168
vt 1.135127 0.381168
vt 0.525247 1.011049
vt 1.275247 1.151168
vt 1.135225 1.011146
vt 0.482354 -0.275239
vt 0.482354 1.504761
vt 0.582354 1.504761
vt 0.582354 -0.275239
vt 0.750203 -0.240000
vt 0.140323 -0.240000
vt 0.140225 0.389978
vt 0.750203 0.389881
vt -0.495239 -0.888823
vt -0.495238 1.371177
vt -0.275239 1.151177
vt -0.275239 -0.668823
vt 1.724761 -0.888823
vt 1.504761 -0.668823
vt 1.504761 1.151177
vt 1.724761 1.371177
vt -0.495238 -0.888823
vt 2.365472 -2.610000
vt 0.585472 -2.610000
vt 1.475472 -2.610000
vt -0.389867 0.500009
vt 0.499991 0.500009
vt 0.359991 0.360009
vt -0.249867 0.360009
vt 0.716771 -0.233394
vt -0.173087 -0.233394
vt -0.033109 -0.373394
vt 0.576771 -0.373394
vt 0.614778 0.241177
vt 0.474778 0.381176
vt 1.504637 0.241177
vt 1.504637 -0.668682
vt 1.364637 -0.528682
vt 1.364637 0.101177
vt 0.754778 0.101177
vt 0.614778 -0.668682
vt 0.754778 -0.528682
vt 0.716771 -1.143253
vt 0.576771 -1.003275
vt -0.173229 -1.143394
vt -0.033207 -1.003372
vt 0.585472 -0.790000
vt 0.585472 -1.700000
vt 2.365472 -0.790000
vt 1.475472 -0.790000
vt 2.365472 -1.700000
vt 0.750203 -1.149881
vt 0.140225 -1.149978
vt 0.140323 -0.520000
vt 0.750203 -0.520000
vt 1.640062 -1.149859
vt 1.030203 -1.149859
vt 1.030203 -0.520000
vt 1.640062 -0.520000
vt 1.640062 -0.240000
vt 1.030203 -0.240000
vt 1.030203 0.389858
vt 1.640062 0.389858
vt 0.754778 0.381176
vt 1.364637 0.381176
vt 0.754778 1.011035
vt 1.504637 1.151035
vt 1.364637 1.011035
vt -0.275222 -0.668823
vt -0.135200 -0.528801
vt 0.474778 -0.528704
vt -0.135102 0.101177
vt 0.474778 0.101177
vt 0.272592 2.020000
vt -1.060742 2.020000
vt -1.060742 6.020000
vt 0.272592 6.020000
vt 0.272592 4.686667
vt 0.272592 3.353333
vt 2.148333 -1.500000
vt 1.258333 -1.500000
vt 1.258333 -0.630000
vt 1.258333 1.630000
vt 1.258333 2.500000
vt 2.148333 2.500000
vt 0.518333 1.630000
vt -0.961667 1.630000
vt -0.961667 2.500000
vt -0.961667 -1.500000
vt -0.221667 -0.630000
vt 0.482501 1.410000
vt 0.482501 -0.410000
vt 0.582501 -0.410000
vt 0.582501 1.410000
vt 2.148334 -1.500000
vt 1.258333 -1.500000
vt 1.258333 -0.630000
vt 1.258333 1.630000
vt 1.258333 2.500000
vt 2.148334 2.500000
vt 0.518333 1.630000
vt -0.221667 -0.630000
vt 0.359991 0.640008
vt -0.249867 0.640008
vt -0.249867 1.269867
vt 0.359991 1.269867
vt -0.610000 -0.630000
vt -0.610000 1.630000
vt -0.390000 1.410000
vt -0.390000 -0.410000
vt 1.610000 -0.630000
vt 1.390000 -0.410000
vt 1.390000 1.410000
vt 1.610000 1.630000
vt 1.610000 1.630000
vt 1.390000 -0.410000
vt -0.390000 -0.410000
vt 0.500000 -0.410000
vt 0.856771 -1.003275
vt 0.856771 -0.373394
vt 0.500009 -0.409850
vt 0.360009 -0.269872
vt -0.275097 0.241127
vt -0.275239 -0.668872
vt -0.135217 -0.528850
vt -0.135119 0.101128
vt 1.606630 -0.233394
vt 1.466652 -0.373394
vt -0.389867 -0.409850
vt -0.249867 -0.269850
vt 0.499991 -0.409850
vt 0.359991 -0.269850
vt 1.389850 1.409867
vt 1.389850 0.500009
vt 1.249850 0.640008
vt 1.249850 1.269867
vt 0.499991 1.409867
vt 0.639991 1.269867
vt -0.390000 1.410000
vt -0.390000 0.500000
vt 1.390000 1.410000
vt 0.500000 1.410000
vt 1.390000 0.500000
vt 0.359991 -0.269850
vt -0.249867 -0.269850
vt -0.249867 0.360009
vt 0.359991 0.360009
vt 1.249969 -0.269969
vt 0.639991 -0.269872
vt 0.639991 0.360009
vt 1.249871 0.360009
vt 1.249850 0.640008
vt 0.639991 0.640008
vt 0.639991 1.269867
vt 1.249850 1.269867
vt 0.639991 0.640008
vt 1.389991 -0.409991
vt 0.639991 -0.269872
vt 1.249969 -0.269969
vt 0.639991 0.360009
vt 1.249872 0.360009
vt -0.249867 0.640008
vt 0.359991 0.640008
vt -0.389867 1.409867
vt -0.249867 1.269867
vt 0.359991 1.269867
vt 0.360009 0.640008
vt -0.249850 0.640008
vt -0.249850 1.269867
vt 0.360009 1.269867
vt -0.610000 1.630000
vt -0.610000 -0.630000
vt 1.390000 -0.410000
vt -0.390000 -0.410000
vt 0.500000 -0.410000
vt 0.614761 0.241127
vt 0.474761 0.101128
vt 1.389867 1.409867
vt 1.389867 0.500009
vt 1.249867 0.640008
vt 1.249867 1.269867
vt 0.500009 1.409867
vt 0.640009 1.269867
vt -0.606756 -1.143395
vt 0.283244 -1.143253
vt 0.143244 -1.003276
vt -0.466734 -1.003372
vt 0.614761 -0.668731
vt 0.474761 -0.528753
vt 0.640009 0.640008
vt 0.499991 0.499990
vt 0.499991 -0.409868
vt 0.639991 -0.269868
vt 0.639991 0.359990
vt -0.390000 1.410000
vt -0.390000 0.500000
vt 1.390000 1.410000
vt 0.500000 1.410000
vt 1.390000 0.500000
vt 1.249867 -0.269850
vt 0.640009 -0.269850
vt 0.640009 0.360009
vt 1.249867 0.360009
vt 1.389867 -0.409850
vt -0.389850 1.409867
vt -0.833333 -5.900000
vt -0.833333 -1.900000
vt -0.833333 -3.233333
vt -0.833333 -4.566666
vt -0.598889 -3.700183
vt 0.291111 -3.700183
vt 0.291111 -2.830183
vt 0.291111 -0.570183
vt 0.291111 0.299817
vt -0.598889 0.299817
vt 1.031111 -0.570183
vt 2.511111 -0.570183
vt 2.511111 0.299817
vt 2.511111 -3.700183
vt 1.771111 -2.830183
vt 0.517777 0.676606
vt 0.517777 -1.143394
vt 0.417777 -1.143394
vt 0.417777 0.676606
vt -1.932222 -3.700183
vt -1.042222 -3.700183
vt -1.042222 -2.830183
vt -1.042222 -0.570183
vt -1.042222 0.299817
vt -1.932222 0.299817
vt -0.302222 -0.570183
vt 1.177778 -0.570183
vt 1.177778 0.299817
vt 1.177778 -3.700183
vt 0.437778 -2.830183
vt 0.517777 1.606771
vt 0.517777 -0.173229
vt 0.417777 -0.173229
vt 0.417777 1.606771
vt 1.290315 -1.560184
vt 1.900195 -1.560184
vt 1.900293 -0.930206
vt 1.290315 -0.930303
vt 1.826771 -1.363394
vt 1.826771 0.896606
vt 1.606771 0.676606
vt 1.606771 -1.143394
vt -0.393229 -1.363394
vt -0.173229 -1.143394
vt -0.173229 0.676606
vt -0.393228 0.896606
vt -0.393229 0.896606
vt 0.910630 -4.810367
vt 2.690630 -4.810367
vt 1.800630 -4.810367
vt 1.606771 -1.143394
vt 1.466750 -1.003372
vt 1.275097 0.241128
vt 0.385239 0.241128
vt 0.525239 0.101129
vt 1.135119 0.101129
vt 0.283244 -0.233395
vt 0.423244 -1.003253
vt 0.423244 -0.373394
vt 1.173103 -0.233395
vt 1.033103 -0.373394
vt -0.173229 0.676605
vt -0.033109 -0.093395
vt -0.033207 0.536583
vt 0.716771 0.676464
vt 0.576771 0.536486
vt 0.497777 -1.363394
vt 0.517777 0.896606
vt 0.517777 -1.363394
vt 2.690630 -2.990366
vt 2.690630 -3.900367
vt 0.910630 -2.990366
vt 1.800630 -2.990366
vt 0.910630 -3.900367
vt 1.290315 -2.470064
vt 1.900293 -2.470161
vt 1.900195 -1.840183
vt 1.290315 -1.840183
vt 0.400337 -2.470161
vt 1.010315 -2.470064
vt 1.010315 -1.840183
vt 0.400435 -1.840183
vt 0.400435 -1.560184
vt 1.010315 -1.560184
vt 1.010315 -0.930303
vt 0.400337 -0.930206
vt 0.576771 -0.093395
vt 1.466652 -0.093395
vt 0.856771 -0.093395
vt 1.606771 0.676605
vt 1.466750 0.536583
vt 0.856771 0.536486
vt 0.517777 -0.606771
vt 0.517777 1.173229
vt 0.417777 1.173229
vt 0.417777 -0.606771
vt -0.010303 -1.560184
vt 0.599555 -1.560184
vt 0.599555 -0.930325
vt -0.010303 -0.930325
vt 1.393229 -1.363394
vt 1.393229 0.896606
vt 1.173229 0.676606
vt 1.173229 -1.143394
vt -0.826771 -1.363394
vt -0.606771 -1.143394
vt -0.606771 0.676606
vt -0.826771 0.896606
vt -1.690630 -4.810367
vt 0.089370 -4.810367
vt -0.800630 -4.810367
vt 1.173103 -1.143253
vt 1.033103 -1.003253
vt 0.754761 -0.528753
vt 0.754761 0.101128
vt -0.606756 0.676605
vt -0.606614 -0.233395
vt -0.466636 -0.093395
vt -0.466734 0.536583
vt 1.504620 0.241127
vt 1.364642 0.101128
vt 1.504761 -0.668872
vt 1.364740 -0.528850
vt 0.283244 0.676464
vt 0.143244 0.536486
vt 0.089370 -2.990366
vt 0.089370 -3.900367
vt -1.690630 -2.990366
vt -0.800630 -2.990366
vt -1.690630 -3.900367
vt -0.010303 -2.470042
vt 0.599555 -2.470042
vt 0.599555 -1.840183
vt -0.010303 -1.840183
vt -0.900281 -2.470161
vt -0.290303 -2.470064
vt -0.290303 -1.840183
vt -0.900184 -1.840183
vt -0.900184 -1.560184
vt -0.290303 -1.560184
vt -0.290303 -0.930303
vt -0.900281 -0.930206
vt 0.143244 -0.093395
vt 0.143244 -0.373394
vt -0.466636 -0.373394
vt 1.033103 -0.093395
vt 0.423244 -0.093395
vt 1.173103 0.676464
vt 1.033103 0.536464
vt 0.423244 0.536464
vt 0.467308 0.699817
vt 1.800642 0.699817
vt 1.800642 4.699817
vt 0.467308 4.699817
vt 0.467308 3.366483
vt 0.467308 2.033150
vt -0.818667 -2.380220
vt 0.071333 -2.380220
vt 0.071333 -1.510220
vt 0.071333 0.749780
vt 0.071333 1.619780
vt -0.818667 1.619780
vt 0.811333 0.749780
vt 2.291333 0.749780
vt 2.291333 1.619780
vt 2.291333 -2.380220
vt 1.551333 -1.510219
vt 0.517646 1.504761
vt 0.517646 -0.275239
vt 0.417646 -0.275239
vt 0.417646 1.504761
vt -1.618667 -2.380220
vt -0.728667 -2.380220
vt -0.728667 -1.510220
vt -0.728667 0.749780
vt -0.728667 1.619780
vt -1.618667 1.619780
vt 0.011333 0.749780
vt 1.491333 0.749780
vt 1.491333 1.619780
vt 1.491333 -2.380220
vt 0.751333 -1.510219
vt 0.517646 1.151113
vt 0.517646 -0.668888
vt 0.417646 -0.668888
vt 0.417646 1.151113
vt 1.030189 -0.240206
vt 1.640048 -0.240206
vt 1.640048 0.389653
vt 1.030189 0.389653
vt 1.724761 -0.888887
vt 1.724761 1.371112
vt 1.504761 1.151113
vt 1.504761 -0.668888
vt -0.495239 -0.888887
vt -0.275239 -0.668888
vt -0.275239 1.151113
vt -0.495239 1.371112
vt -0.495239 1.371112
vt 0.585472 -2.610550
vt 2.365472 -2.610550
vt 1.475472 -2.610550
vt -0.275097 1.150986
vt -0.135097 0.381127
vt -0.135097 1.010986
vt 1.275239 -0.668871
vt 1.135217 -0.528849
vt 0.385239 -0.668730
vt 0.525239 -0.528752
vt -0.504620 1.150987
vt -0.504620 0.241128
vt -0.364620 0.381128
vt -0.364620 1.010987
vt 0.614761 1.150986
vt 0.474761 1.010986
vt 0.385239 1.150987
vt 0.245239 1.010987
vt 0.474761 0.381127
vt 2.365472 -0.790550
vt 2.365472 -1.700550
vt 0.585472 -0.790550
vt 1.475472 -0.790550
vt 0.585472 -1.700550
vt 1.030189 -1.150086
vt 1.640167 -1.150183
vt 1.640069 -0.520205
vt 1.030189 -0.520205
vt 0.140211 -1.150183
vt 0.750189 -1.150086
vt 0.750189 -0.520205
vt 0.140309 -0.520205
vt 0.140330 -0.240206
vt 0.750189 -0.240206
vt 0.750189 0.389653
vt 0.140330 0.389653
vt 1.364620 0.381127
vt 0.754761 0.381127
vt 1.504620 1.150986
vt 1.364620 1.010986
vt 0.754761 1.010986
vt 0.517646 -0.504761
vt 0.517646 1.275239
vt 0.417646 1.275239
vt 0.417646 -0.504761
vt 0.249811 -0.240206
vt 0.859670 -0.240206
vt 0.859670 0.389653
vt 0.249811 0.389653
vt 1.495239 -0.888887
vt 1.495239 1.371112
vt 1.275239 1.151113
vt 1.275239 -0.668888
vt -0.724761 -0.888887
vt -0.504761 -0.668888
vt -0.504761 1.151113
vt -0.724761 1.371112
vt -1.365472 -2.610550
vt 0.414528 -2.610550
vt -0.475472 -2.610550
vt 1.389867 1.409849
vt 0.500009 1.409849
vt 0.640009 1.269849
vt 1.249867 1.269849
vt 0.245239 0.381128
vt 0.525239 0.381128
vt 0.525239 1.010987
vt 1.275097 1.150987
vt 1.135097 1.010987
vt 1.389867 0.499990
vt 1.249867 0.639991
vt 0.500009 0.499990
vt 0.640009 0.639991
vt -0.389850 0.499990
vt -0.389850 -0.409868
vt -0.249850 -0.269868
vt -0.249850 0.359990
vt 0.414528 -0.790550
vt 0.414528 -1.700550
vt -1.365472 -0.790550
vt -0.475472 -0.790550
vt -1.365472 -1.700550
vt 0.249811 -1.150086
vt 0.859789 -1.150183
vt 0.859691 -0.520205
vt 0.249811 -0.520205
vt -0.640167 -1.150183
vt -0.030189 -1.150086
vt -0.030189 -0.520205
vt -0.640069 -0.520205
vt -0.640047 -0.240206
vt -0.030189 -0.240206
vt -0.030189 0.389653
vt -0.640047 0.389653
vt 1.135097 0.381128
vt -0.504761 -0.668871
vt 0.245239 -0.528752
vt -0.364740 -0.528849
vt 0.245239 0.101129
vt -0.364642 0.101129
vt 0.727422 2.019794
vt 2.060756 2.019794
vt 2.060756 6.021994
vt 0.727422 6.021994
vt 0.727422 4.687927
vt 0.727422 3.353861
vt -1.148333 -1.501101
vt -0.258333 -1.501101
vt -0.258333 -0.630001
vt -0.258333 1.630000
vt -0.258333 2.501100
vt -1.148333 2.501100
vt 0.481667 1.630000
vt 1.961667 1.630000
vt 1.961667 2.501100
vt 1.961667 -1.501101
vt 1.221667 -0.630001
vt 0.517499 -0.410001
vt 0.517499 1.409999
vt 0.417499 1.409999
vt 0.417499 -0.410001
vt -1.148334 -1.501101
vt -0.258333 -1.501101
vt -0.258333 -0.630001
vt -0.258333 1.630000
vt -0.258333 2.501100
vt -1.148334 2.501100
vt 0.481667 1.630000
vt 1.221666 -0.630001
vt 0.517499 -0.390000
vt 0.517499 1.390000
vt 0.417499 1.390000
vt 0.417499 -0.390000
vt 0.517499 -0.390000
vt 0.517499 1.390000
vt 0.417499 1.390000
vt 0.417499 -0.390000
vt 0.640009 0.639992
vt 1.249867 0.639992
vt 1.249867 1.269850
vt 0.640009 1.269850
vt 1.610000 -0.630001
vt 1.390000 1.409999
vt 1.390000 -0.410001
vt -0.610000 -0.630001
vt -0.390000 -0.410001
vt -0.390000 1.409999
vt -0.390000 -0.410000
vt 1.390000 -0.410000
vt 0.500000 -0.410000
vt 0.360009 0.359990
vt 0.500009 -0.409868
vt 0.360009 -0.269868
vt 1.389850 0.499990
vt 1.249850 0.359990
vt 1.389850 -0.409868
vt 1.249850 -0.269868
vt 0.640009 -0.269868
vt 0.640009 0.359990
vt 1.249867 0.359990
vt 1.390000 1.410000
vt 1.390000 0.500000
vt -0.390000 1.410000
vt 0.500000 1.410000
vt -0.390000 0.500000
vt 0.640009 -0.269867
vt 1.249867 -0.269867
vt 1.249867 0.359991
vt 0.640009 0.359991
vt -0.249850 -0.269867
vt 0.360009 -0.269867
vt 0.360009 0.359991
vt -0.249850 0.359991
vt -0.249872 0.639992
vt 0.360009 0.639992
vt 0.360009 1.269873
vt -0.249969 1.269969
vt 1.389867 -0.409868
vt 1.249867 -0.269868
vt 0.360009 0.639991
vt -0.249872 0.639991
vt 0.360009 1.269872
vt -0.389991 1.409990
vt -0.249969 1.269968
vt 0.639991 0.639992
vt 1.249871 0.639992
vt 1.249969 1.269969
vt 0.639991 1.269873
vt 1.610000 -0.630001
vt 1.610000 1.630000
vt 1.390000 1.409999
vt 1.390000 -0.410001
vt -0.610000 -0.630001
vt -0.390000 -0.410001
vt -0.390000 1.409999
vt 0.500000 -0.410000
vt 0.514317 0.533882
vt 0.414317 0.433882
vt 1.172897 -1.024686
vt 1.172895 0.533867
vt 1.072896 0.433869
vt 1.072897 -0.924685
vt 0.514318 -1.024686
vt 0.614318 -0.924685
vt -0.389867 1.409849
vt -0.389867 0.499990
vt -0.249867 0.639991
vt -0.249867 1.269849
vt 0.499991 1.409849
vt 0.359991 1.269849
vt 0.359991 0.639991
vt -0.144262 -1.024696
vt -0.044262 -0.924696
vt 1.390000 0.500000
vt -0.390000 0.500000
vt 0.639991 -0.269867
vt 1.249850 -0.269867
vt 1.249850 0.359991
vt 0.639991 0.359991
vt -0.249867 -0.269867
vt 0.359991 -0.269867
vt 0.359991 0.359991
vt -0.249867 0.359991
vt -0.249867 0.639992
vt 0.359991 0.639992
vt 0.359991 1.269850
vt -0.249867 1.269850
vt -0.389867 -0.409868
vt 0.359991 -0.269868
vt -0.249867 -0.269868
vt 0.359991 0.359990
vt -0.249867 0.359990
vt 1.249872 0.639991
vt 0.639991 0.639991
vt 1.389991 1.409990
vt 1.249969 1.269968
vt 0.639991 1.269872
vt -2.766667 -2.140420
vt 0.233333 -2.140420
vt 0.233333 1.459713
vt 0.233333 1.861047
vt -2.766667 1.861780
vt 0.900000 1.459591
vt 2.233333 1.459347
vt 2.233333 1.860313
vt 1.300000 -1.577124
vt 1.500000 -1.577124
vt 1.500000 2.022765
vt 1.300000 1.822822
vt -0.500000 -1.577124
vt -0.300000 -1.577124
vt -0.300000 1.822883
vt -0.500000 2.023009
vt -0.500000 2.022887
vt -0.285682 -1.166107
vt 1.314318 -1.166107
vt -0.144260 -1.024686
vt 0.600000 0.599998
vt 1.058578 0.599988
vt 1.058577 1.958543
vt 0.599999 1.958562
vt 0.471429 1.822883
vt 0.471429 -1.577124
vt 0.571429 -1.577124
vt 0.571429 1.822883
vt 0.471429 1.822822
vt 0.571429 1.822822
vt 1.314318 2.233838
vt 1.172894 2.092420
vt -0.285682 2.233899
vt -0.144263 2.092475
vt 0.514315 2.092447
vt -0.144262 0.533895
vt 0.614317 0.433879
vt -0.044261 -0.924685
vt 0.414318 -0.924685
vt 0.414317 0.433884
vt -0.044262 0.433892
vt -0.044262 0.633892
vt 0.414317 0.633883
vt 0.414316 1.992452
vt -0.044263 1.992471
vt 0.514317 0.533881
vt 1.072895 0.633869
vt 0.614317 0.633879
vt 1.072894 1.992424
vt 0.614316 1.992443
vt 0.233333 1.460000
vt 0.900000 1.460000
vt 2.233333 1.460000
vt 1.300000 -1.577143
vt 1.500000 -1.577143
vt 1.500000 2.022857
vt 1.300000 1.822857
vt -0.500000 -1.577143
vt -0.300000 -1.577143
vt -0.300000 1.822857
vt -0.500000 2.022857
vt -0.500000 2.022857
vt -0.285683 -1.166118
vt 1.314317 -1.166118
vt 1.172895 -1.024696
vt 1.058578 0.600000
vt 1.058578 1.958579
vt 0.600000 1.958579
vt 0.471429 -1.577143
vt 0.471429 1.822857
vt 0.571429 1.822857
vt 0.571429 -1.577143
vt 1.314317 2.233882
vt 1.172895 2.092461
vt 1.172895 0.533882
vt -0.285683 2.233882
vt -0.144262 2.092461
vt 0.514317 2.092461
vt -0.144262 0.533882
vt 1.072896 0.433882
vt 0.614317 0.433882
vt -0.044262 0.433882
vt -0.044262 0.633882
vt 0.414317 0.633882
vt 0.414317 1.992461
vt -0.044262 1.992461
vt 1.072896 0.633882
vt 0.614317 0.633882
vt 1.072896 1.992461
vt 0.614317 1.992461
vt -1.730000 0.400000
vt -1.730000 0.599999
vt 2.730000 0.599999
vt 2.730000 0.400000
vt 2.730000 0.500000
vt -1.730000 0.500000
vt -1.730000 1.200001
vt -1.730000 -0.199999
vt -1.530000 -0.199999
vt -1.530000 1.200001
vt -0.500000 1.200001
vt -0.500000 -0.199999
vt -0.300001 -0.199999
vt -0.300001 1.200001
vt 2.730000 0.500000
vt -1.730000 0.500000
vt -1.730000 0.400000
vt -1.730000 0.600000
vt 2.730000 0.600000
vt 2.730000 0.400000
vt -1.530000 -0.500000
vt -1.530000 -0.300001
vt -1.730000 -0.300001
vt -1.730000 -0.500000
vt 2.530000 1.200001
vt 2.530000 -0.199999
vt 2.730000 -0.199999
vt 2.730000 1.200001
vt 2.730000 -0.500000
vt 2.730000 -0.300001
vt 2.530000 -0.300001
vt 2.530000 -0.500000
vt 1.500000 -0.199999
vt 1.500000 1.200001
vt 1.300000 1.200001
vt 1.300000 -0.199999
vt -1.530000 1.300000
vt -1.730000 1.300000
vt -1.730000 1.500000
vt -1.530000 1.500000
vt 2.730000 1.300000
vt 2.730000 1.500000
vt 2.530000 1.500000
vt 2.530000 1.300000
vt 2.530000 0.400001
vt -1.530000 0.400001
vt -1.530000 0.600000
vt 2.530000 0.600000
vt 1.299999 0.400000
vt -0.300000 0.400000
vt -0.300000 0.599999
vt 1.299999 0.599999
vt 0.400000 1.299999
vt 0.400000 -0.300000
vt 0.600000 -0.300000
vt 0.600000 1.299999
vt 2.530000 0.599999
vt -1.530000 0.599999
vt -1.530000 0.400000
vt 2.530000 0.400000
vt -0.172222 0.900000
vt -0.172222 0.100001
vt -0.072222 0.100001
vt -0.072222 0.900000
vt 0.450000 0.900000
vt 0.450000 0.100001
vt 0.549999 0.100001
vt 0.549999 0.900000
vt 0.005556 0.900000
vt 0.005556 0.100001
vt 0.105556 0.100001
vt 0.105556 0.900000
vt 0.183333 0.900000
vt 0.183333 0.100001
vt 0.283333 0.100001
vt 0.283333 0.900000
vt 0.361111 0.900000
vt 0.361111 0.100001
vt 0.461111 0.100001
vt 0.461111 0.900000
vt 0.538889 0.900000
vt 0.538889 0.100001
vt 0.638889 0.100001
vt 0.638889 0.900000
vt 0.716667 0.900000
vt 0.716667 0.100001
vt 0.816667 0.100001
vt 0.816667 0.900000
vt 0.894444 0.900000
vt 0.894444 0.100001
vt 0.994444 0.100001
vt 0.994444 0.900000
vt 1.072222 0.900000
vt 1.072222 0.100001
vt 1.172222 0.100001
vt 1.172222 0.900000
vt 0.450001 0.900000
vt 0.450001 0.100001
vt 0.550000 0.100001
vt 0.550000 0.900000
vt -0.300001 -0.200001
vt -0.300001 1.199999
vt -0.500000 1.199999
vt -0.500000 -0.200001
vt -1.730000 -0.200001
vt -1.730000 1.199999
vt -1.530000 1.199999
vt -1.530000 -0.200001
vt 0.400000 -0.300000
vt 0.400000 1.300000
vt 0.600000 1.300000
vt 0.600000 -0.300000
vt -0.300000 0.600000
vt 1.300000 0.600000
vt 1.300000 0.400001
vt -0.300000 0.400001
vt -0.300000 0.599999
vt 1.300000 0.599999
vt 1.300000 0.400000
vt -0.300000 0.400000
vt 0.550004 0.900006
vt 0.550004 0.100008
vt 0.450004 0.100008
vt 0.450004 0.900006
vt -1.386667 0.900006
vt -1.386667 0.100008
vt -1.286667 0.100008
vt -1.286667 0.900006
vt -1.193334 0.900006
vt -1.193334 0.100008
vt -1.093333 0.100008
vt -1.093333 0.900006
vt -1.000000 0.900006
vt -1.000000 0.100008
vt -0.900000 0.100008
vt -0.900000 0.900006
vt -0.806667 0.900006
vt -0.806667 0.100008
vt -0.706667 0.100008
vt -0.706667 0.900006
vt -0.613333 0.900006
vt -0.613333 0.100008
vt -0.513333 0.100008
vt -0.513333 0.900006
vt -0.420000 0.900006
vt -0.420000 0.100008
vt -0.320000 0.100008
vt -0.320000 0.900006
vt -0.226667 0.900006
vt -0.226667 0.100008
vt -0.126667 0.100008
vt -0.126667 0.900006
vt -0.033333 0.900006
vt -0.033333 0.100008
vt 0.066667 0.100008
vt 0.066667 0.900006
vt 0.066667 0.900006
vt 0.066667 0.100008
vt 0.160000 0.900006
vt 0.160000 0.100008
vt 0.260000 0.100008
vt 0.260000 0.900006
vt 0.353333 0.900006
vt 0.353333 0.100008
vt 0.453333 0.100008
vt 0.453333 0.900006
vt 0.453333 0.900006
vt 0.453333 0.100008
vt 0.546667 0.900006
vt 0.546667 0.100008
vt 0.646667 0.100008
vt 0.646667 0.900006
vt 0.740000 0.900006
vt 0.740000 0.100008
vt 0.840000 0.100008
vt 0.840000 0.900006
vt 0.840000 0.900006
vt 0.840000 0.100008
vt 0.933333 0.900006
vt 0.933333 0.100008
vt 1.033333 0.100008
vt 1.033333 0.900006
vt 1.126667 0.900006
vt 1.126667 0.100008
vt 1.226667 0.100008
vt 1.226667 0.900006
vt 1.320000 0.900006
vt 1.320000 0.100008
vt 1.420000 0.100008
vt 1.420000 0.900006
vt 1.513333 0.900006
vt 1.513333 0.100008
vt 1.613333 0.100008
vt 1.613333 0.900006
vt 1.706667 0.900006
vt 1.706667 0.100008
vt 1.806667 0.100008
vt 1.806667 0.900006
vt 1.900000 0.900006
vt 1.900000 0.100008
vt 2.000000 0.100008
vt 2.000000 0.900006
vt 2.093333 0.900006
vt 2.093333 0.100008
vt 2.193334 0.100008
vt 2.193334 0.900006
vt 2.286667 0.900006
vt 2.286667 0.100008
vt 2.386667 0.100008
vt 2.386667 0.900006
vt 2.730000 -0.200001
vt 2.730000 1.199999
vt 2.530000 1.199999
vt 2.530000 -0.200001
vt 2.530000 -0.500000
vt 2.530000 -0.300001
vt 2.730000 -0.300001
vt 2.730000 -0.500000
vt 1.300000 -0.200001
vt 1.300000 1.199999
vt 1.500000 1.199999
vt 1.500000 -0.200001
vt 2.530000 1.300000
vt 2.730000 1.300000
vt 2.730000 1.500000
vt 2.530000 1.500000
vt 2.530000 0.400001
vt -1.530000 0.400001
vt -1.530000 0.600000
vt 2.530000 0.600000
vt 1.299999 0.400000
vt -0.300000 0.400000
vt -0.300000 0.600000
vt 1.299999 0.600000
vt 2.530000 0.600000
vt -1.530000 0.600000
vt -1.530000 0.400000
vt 2.530000 0.400000
vt 1.172223 0.900002
vt 1.172223 0.100001
vt 1.072223 0.100001
vt 1.072223 0.900002
vt 0.550000 0.900002
vt 0.450001 0.900002
vt 0.994445 0.900002
vt 0.994445 0.100001
vt 0.894445 0.100001
vt 0.894445 0.900002
vt 0.816668 0.900002
vt 0.816668 0.100001
vt 0.716668 0.100001
vt 0.716668 0.900002
vt 0.638890 0.900002
vt 0.638890 0.100001
vt 0.538890 0.100001
vt 0.538890 0.900002
vt 0.461112 0.900002
vt 0.461112 0.100001
vt 0.361112 0.100001
vt 0.361112 0.900002
vt 0.283334 0.900002
vt 0.283334 0.100001
vt 0.183334 0.100001
vt 0.183334 0.900002
vt 0.105556 0.900002
vt 0.105556 0.100001
vt 0.005557 0.100001
vt 0.005557 0.900002
vt -0.072221 0.900002
vt -0.072221 0.100001
vt -0.172221 0.100001
vt -0.172221 0.900002
vt 0.549999 0.900002
vt 0.450000 0.900002
vt 0.400000 -0.300000
vt 0.400000 1.300000
vt 0.600000 1.300000
vt 0.600000 -0.300000
vt -0.300000 0.600000
vt 1.300000 0.600000
vt 1.300000 0.400000
vt -0.300000 0.400000
vt 0.550004 0.900004
vt 0.550004 0.100004
vt 0.450004 0.100004
vt 0.450004 0.900004
vt -1.386667 0.900004
vt -1.386667 0.100004
vt -1.286667 0.100004
vt -1.286667 0.900004
vt -1.193333 0.900004
vt -1.193333 0.100004
vt -1.093333 0.100004
vt -1.093333 0.900004
vt -1.000000 0.900004
vt -1.000000 0.100004
vt -0.900000 0.100004
vt -0.900000 0.900004
vt -0.806666 0.900004
vt -0.806666 0.100004
vt -0.706666 0.100004
vt -0.706666 0.900004
vt -0.613333 0.900004
vt -0.613333 0.100004
vt -0.513333 0.100004
vt -0.513333 0.900004
vt -0.420000 0.900004
vt -0.420000 0.100004
vt -0.320000 0.100004
vt -0.320000 0.900004
vt -0.226667 0.900004
vt -0.226667 0.100004
vt -0.126667 0.100004
vt -0.126667 0.900004
vt -0.033333 0.900004
vt -0.033333 0.100004
vt 0.066667 0.100004
vt 0.066667 0.900004
vt 0.066667 0.900004
vt 0.066667 0.100004
vt 0.160000 0.900004
vt 0.160000 0.100004
vt 0.260000 0.100004
vt 0.260000 0.900004
vt 0.260000 0.900004
vt 0.260000 0.100004
vt 0.353333 0.900004
vt 0.353333 0.100004
vt 0.453333 0.100004
vt 0.453333 0.900004
vt 0.546667 0.900004
vt 0.546667 0.100004
vt 0.646667 0.100004
vt 0.646667 0.900004
vt 0.646667 0.900004
vt 0.646667 0.100004
vt 0.740000 0.900004
vt 0.740000 0.100004
vt 0.840000 0.100004
vt 0.840000 0.900004
vt 0.740000 0.100004
vt 0.933333 0.900004
vt 0.933333 0.100004
vt 1.033333 0.100004
vt 1.033333 0.900004
vt 1.126667 0.900004
vt 1.126667 0.100004
vt 1.226667 0.100004
vt 1.226667 0.900004
vt 1.320000 0.900004
vt 1.320000 0.100004
vt 1.420000 0.100004
vt 1.420000 0.900004
vt 1.513333 0.900004
vt 1.513333 0.100004
vt 1.613333 0.100004
vt 1.613333 0.900004
vt 1.706667 0.900004
vt 1.706667 0.100004
vt 1.806667 0.100004
vt 1.806667 0.900004
vt 1.900000 0.900004
vt 1.900000 0.100004
vt 2.000000 0.100004
vt 2.000000 0.900004
vt 2.093333 0.900004
vt 2.093333 0.100004
vt 2.193333 0.100004
vt 2.193333 0.900004
vt 2.286666 0.900004
vt 2.286666 0.100004
vt 2.386667 0.100004
vt 2.386667 0.900004
s 0
usemtl mat_walls
f 195/17/4 713/18/4 714/19/4 79/20/4 208/21/4
f 110/22/6 111/23/6 123/24/6 122/25/6
f 91/26/4 92/27/4 117/28/4 116/29/4
f 107/26/2 108/27/2 120/28/2 119/29/2
f 331/30/7 112/22/7 124/25/7 333/31/7 357/32/7 346/33/7
f 93/23/2 91/22/2 116/25/2 115/24/2
f 108/26/6 109/22/6 121/25/6 120/29/6
f 489/34/2 106/26/2 118/29/2 491/35/2 506/36/2 492/37/2
f 112/23/4 89/22/4 113/25/4 124/24/4
f 219/38/4 93/26/4 115/29/4 221/39/4 223/40/4
f 109/27/3 110/26/3 122/29/3 121/28/3
f 106/27/6 107/26/6 119/29/6 118/28/6
f 89/22/3 90/23/3 114/24/3 113/25/3
f 130/49/6 131/50/6 143/51/6 142/52/6
f 127/53/2 128/54/2 140/55/2 139/56/2
f 134/54/6 135/53/6 147/56/6 146/55/6
f 131/50/2 132/49/2 144/52/2 143/51/2
f 128/50/4 129/49/4 141/52/4 140/51/4
f 410/57/3 136/58/3 148/59/3 412/60/3 425/61/3 427/62/3
f 125/54/3 126/53/3 138/56/3 137/55/3
f 132/50/6 133/54/6 145/55/6 144/51/6
f 566/63/8 130/64/8 142/65/8 568/66/8 592/67/8 583/68/8
f 136/53/4 125/54/4 137/55/4 148/56/4
f 748/69/4 127/50/4 139/51/4 750/70/4 752/71/4
f 133/49/3 134/50/3 146/51/3 145/52/3
f 712/80/4 151/81/4 79/82/4 714/83/4 715/84/4
f 157/85/3 158/81/3 86/82/3 85/86/3
f 154/85/6 155/81/6 83/82/6 199/86/6
f 151/87/2 152/88/2 197/89/2 79/90/2
f 158/88/6 159/87/6 204/90/6 86/89/6
f 155/81/2 156/85/2 84/86/2 83/82/2
f 152/81/4 153/85/4 198/86/4 197/82/4
f 248/91/7 160/88/7 88/89/7 250/92/7 273/93/7 253/94/7
f 149/88/3 150/87/3 195/90/3 77/89/3
f 156/81/6 157/88/6 85/89/6 84/82/6
f 639/95/2 154/96/2 199/97/2 641/98/2 654/99/2 642/100/2
f 160/87/4 149/88/4 77/89/4 88/90/4
f 198/17/2 646/160/2 647/18/2 637/161/2 640/162/2 641/163/2 199/20/2 209/21/2
f 84/20/6 85/17/6 207/21/6
f 204/20/3 257/163/3 258/162/3 246/161/3 249/170/3 250/171/3 88/17/3 206/21/3
f 90/202/4 218/203/4 227/204/4 220/205/4 114/206/4
f 227/207/4 223/208/4 221/209/4 220/205/4
f 256/240/3 245/241/3 246/242/3 258/243/3 298/244/3 296/245/3
f 245/246/32 247/247/32 277/248/32 252/249/32 249/250/32 246/251/32
f 252/252/33 273/253/33 250/254/33 249/250/33
f 247/247/34 248/255/34 253/256/34 271/257/34 277/248/34
f 159/262/3 255/263/3 297/264/3 299/265/3 257/266/3 204/267/3
f 299/268/3 298/269/3 258/270/3 257/266/3
f 255/263/3 256/271/3 296/272/3 297/264/3
f 341/413/52 328/414/52 329/415/52 339/416/52 387/417/52 386/418/52
f 328/419/32 330/420/32 360/421/32 349/422/32 332/423/32 329/424/32
f 349/425/33 357/426/33 333/427/33 332/423/33
f 330/420/53 331/428/53 346/429/53 360/421/53
f 111/434/54 340/435/54 392/436/54 396/437/54 338/438/54 123/439/54
f 396/440/55 387/441/55 339/442/55 338/438/55
f 340/435/56 341/443/56 386/444/56 392/436/56
f 420/587/3 407/588/3 408/589/3 418/590/3 424/591/3 423/592/3
f 407/593/32 409/594/32 439/595/32 416/596/32 411/597/32 408/598/32
f 416/599/3 425/600/3 412/601/3 411/597/3
f 409/594/53 410/602/53 427/603/53 439/595/53
f 135/608/68 419/609/68 470/610/68 422/611/68 417/612/68 147/613/68
f 422/614/3 424/600/3 418/601/3 417/612/3
f 419/609/53 420/602/53 423/615/53 470/610/53
f 499/719/77 486/414/77 487/415/77 497/720/77 535/721/77 541/722/77
f 486/723/2 488/724/2 505/725/2 507/726/2 490/727/2 487/728/2
f 507/729/2 506/730/2 491/731/2 490/727/2
f 488/724/2 489/732/2 492/733/2 505/725/2
f 92/738/2 498/739/2 500/740/2 501/741/2 496/742/2 117/743/2
f 501/744/2 535/745/2 497/746/2 496/742/2
f 498/739/78 499/747/78 541/748/78 500/740/78
f 576/869/2 563/870/2 564/871/2 574/872/2 610/873/2 579/874/2
f 563/875/95 565/876/95 595/877/95 600/878/95 567/879/95 564/880/95
f 600/881/96 592/882/96 568/883/96 567/879/96
f 565/876/97 566/884/97 583/885/97 595/877/97
f 129/890/99 575/891/99 623/892/99 627/893/99 573/894/99 141/895/99
f 627/896/100 610/897/100 574/898/100 573/894/100
f 575/891/97 576/899/97 579/900/97 623/892/97
f 649/1018/77 475/1019/77 637/1020/77 647/1021/77 611/1022/77 690/1023/77
f 475/1024/2 638/1025/2 657/1026/2 655/1027/2 640/1028/2 637/1029/2
f 655/1030/2 654/1031/2 641/1032/2 640/1028/2
f 638/1025/2 639/1033/2 642/1034/2 657/1026/2
f 153/1039/109 648/1040/109 684/1041/109 700/1042/109 646/1043/109 198/1044/109
f 700/1045/100 611/1031/100 647/1032/100 646/1043/100
f 648/1040/78 649/1033/78 690/1046/78 684/1041/78
f 150/1155/4 711/1156/4 718/1157/4 713/1158/4 195/1159/4
f 718/1160/4 715/1161/4 714/1162/4 713/1158/4
f 126/202/4 747/203/4 756/1205/4 749/205/4 138/206/4
f 756/1206/4 752/1207/4 750/209/4 749/205/4
usemtl mat_roof
f 178/172/22 179/173/22 210/174/22 180/175/22 211/16/22 181/135/22
f 182/169/23 183/168/23 212/104/23 180/175/23 210/174/23 179/173/23
f 183/168/24 184/167/24 185/176/24 213/177/24 180/175/24 212/104/24
f 185/176/25 187/166/25 186/165/25 214/114/25 180/175/25 213/177/25
f 188/164/23 189/178/23 215/179/23 180/175/23 214/114/23 186/165/23
f 190/159/22 191/158/22 216/120/22 180/175/22 215/179/22 189/178/22
f 192/157/25 193/180/25 217/181/25 180/175/25 216/120/25 191/158/25
f 194/136/24 181/135/24 211/16/24 180/175/24 217/181/24 193/180/24
usemtl mat_slabs
f 94/5/2 95/6/2 22/7/2 21/8/2
f 105/9/3 103/6/3 26/7/3 25/10/3
f 102/11/4 100/5/4 17/8/4 28/12/4
f 17/13/5 18/14/5 90/15/5 89/16/5
f 98/5/4 99/6/4 19/7/4 18/8/4
f 99/11/2 97/5/2 20/8/2 19/12/2
f 96/6/2 104/9/2 24/10/2 23/7/2
f 95/9/6 96/6/6 23/7/6 22/10/6
f 103/5/6 101/11/6 27/12/6 26/8/6
f 100/5/3 98/11/3 18/12/3 17/8/3
f 97/6/4 94/9/4 21/10/4 20/7/4
f 104/6/6 105/5/6 25/8/6 24/7/6
f 101/6/3 102/5/3 28/8/3 27/7/3
f 34/41/6 35/42/6 47/43/6 46/44/6
f 31/45/2 32/46/2 44/47/2 43/48/2
f 38/46/6 39/45/6 51/48/6 50/47/6
f 35/42/2 36/41/2 48/44/2 47/43/2
f 32/42/4 33/41/4 45/44/4 44/43/4
f 39/42/3 40/46/3 52/47/3 51/43/3
f 29/46/3 30/45/3 42/48/3 41/47/3
f 36/42/6 37/46/6 49/47/6 48/43/6
f 33/46/2 34/42/2 46/43/2 45/47/2
f 40/45/4 29/46/4 41/47/4 52/48/4
f 30/46/4 31/42/4 43/43/4 42/47/4
f 37/41/3 38/42/3 50/43/3 49/44/3
f 61/72/3 62/73/3 74/74/3 73/75/3
f 58/72/6 59/73/6 71/74/6 70/75/6
f 55/76/2 56/77/2 68/78/2 67/79/2
f 62/77/6 63/76/6 75/79/6 74/78/6
f 59/73/2 60/72/2 72/75/2 71/74/2
f 56/73/4 57/72/4 69/75/4 68/74/4
f 63/73/3 64/77/3 76/78/3 75/74/3
f 53/77/3 54/76/3 66/79/3 65/78/3
f 60/73/6 61/77/6 73/78/6 72/74/6
f 57/77/2 58/73/2 70/74/2 69/78/2
f 64/76/4 53/77/4 65/78/4 76/79/4
f 54/77/4 55/73/4 67/74/4 66/78/4
f 20/101/5 21/102/5 92/103/5 91/104/5
f 19/105/5 20/101/5 91/104/5 93/106/5
f 18/14/5 19/105/5 93/106/5 219/107/5 225/108/5 224/109/5 218/110/5 90/15/5
f 95/111/9 94/102/9 9/103/9 10/112/9
f 96/113/9 95/111/9 10/112/9 8/114/9
f 94/102/9 97/101/9 6/104/9 9/103/9
f 99/105/9 98/14/9 11/15/9 12/106/9
f 97/101/9 99/105/9 12/106/9 6/104/9
f 98/14/9 100/13/9 5/16/9 11/15/9
f 102/115/9 101/116/9 14/117/9 13/118/9
f 100/13/9 102/115/9 13/118/9 5/16/9
f 101/116/9 103/119/9 7/120/9 14/117/9
f 105/121/9 104/122/9 16/123/9 15/124/9
f 103/119/9 105/121/9 15/124/9 7/120/9
f 104/122/9 96/113/9 8/114/9 16/123/9
f 21/102/5 22/111/5 106/112/5 489/125/5 488/126/5 486/127/5 499/128/5 498/129/5 92/103/5
f 22/111/5 23/113/5 107/114/5 106/112/5
f 23/113/5 24/122/5 108/123/5 107/114/5
f 24/122/5 25/121/5 109/124/5 108/123/5
f 25/121/5 26/119/5 110/120/5 109/124/5
f 26/119/5 27/116/5 111/117/5 110/120/5
f 27/116/5 28/115/5 112/118/5 331/130/5 330/131/5 328/132/5 341/133/5 340/134/5 111/117/5
f 28/115/5 17/13/5 89/16/5 112/118/5
f 30/14/9 29/13/9 113/16/9 114/15/9
f 31/105/9 30/14/9 114/15/9 220/110/9 221/107/9 115/106/9
f 32/101/9 31/105/9 115/106/9 116/104/9
f 33/102/9 32/101/9 116/104/9 117/103/9
f 34/111/9 33/102/9 117/103/9 496/129/9 497/128/9 487/127/9 490/126/9 491/125/9 118/112/9
f 35/113/9 34/111/9 118/112/9 119/114/9
f 36/122/9 35/113/9 119/114/9 120/123/9
f 37/121/9 36/122/9 120/123/9 121/124/9
f 38/119/9 37/121/9 121/124/9 122/120/9
f 39/116/9 38/119/9 122/120/9 123/117/9
f 40/115/9 39/116/9 123/117/9 338/134/9 339/133/9 329/132/9 332/131/9 333/130/9 124/118/9
f 29/13/9 40/115/9 124/118/9 113/16/9
f 41/13/5 42/14/5 126/15/5 125/16/5
f 42/14/5 43/105/5 127/106/5 748/107/5 754/108/5 753/109/5 747/110/5 126/15/5
f 43/105/5 44/101/5 128/104/5 127/106/5
f 44/101/5 45/102/5 129/103/5 128/104/5
f 45/102/5 46/111/5 130/112/5 566/125/5 565/126/5 563/127/5 576/128/5 575/129/5 129/103/5
f 46/111/5 47/113/5 131/114/5 130/112/5
f 47/113/5 48/122/5 132/123/5 131/114/5
f 48/122/5 49/121/5 133/124/5 132/123/5
f 49/121/5 50/119/5 134/120/5 133/124/5
f 50/119/5 51/116/5 135/117/5 134/120/5
f 51/116/5 52/115/5 136/118/5 410/130/5 409/131/5 407/132/5 420/133/5 419/134/5 135/117/5
f 52/115/5 41/13/5 125/16/5 136/118/5
f 54/14/9 53/13/9 137/16/9 138/15/9
f 55/105/9 54/14/9 138/15/9 749/110/9 750/107/9 139/106/9
f 56/101/9 55/105/9 139/106/9 140/104/9
f 57/102/9 56/101/9 140/104/9 141/103/9
f 58/111/9 57/102/9 141/103/9 573/129/9 574/128/9 564/127/9 567/126/9 568/125/9 142/112/9
f 59/113/9 58/111/9 142/112/9 143/114/9
f 60/122/9 59/113/9 143/114/9 144/123/9
f 61/121/9 60/122/9 144/123/9 145/124/9
f 62/119/9 61/121/9 145/124/9 146/120/9
f 63/116/9 62/119/9 146/120/9 147/117/9
f 64/115/9 63/116/9 147/117/9 417/134/9 418/133/9 408/132/9 411/131/9 412/130/9 148/118/9
f 53/13/9 64/115/9 148/118/9 137/16/9
f 65/13/5 66/14/5 150/15/5 149/16/5
f 66/14/5 67/105/5 151/106/5 712/107/5 720/108/5 719/109/5 711/110/5 150/15/5
f 67/105/5 68/101/5 152/104/5 151/106/5
f 68/101/5 69/102/5 153/103/5 152/104/5
f 69/102/5 70/111/5 154/112/5 639/125/5 638/126/5 475/127/5 649/128/5 648/129/5 153/103/5
f 70/111/5 71/113/5 155/114/5 154/112/5
f 71/113/5 72/122/5 156/123/5 155/114/5
f 72/122/5 73/121/5 157/124/5 156/123/5
f 73/121/5 74/119/5 158/120/5 157/124/5
f 74/119/5 75/116/5 159/117/5 158/120/5
f 75/116/5 76/115/5 160/118/5 248/130/5 247/131/5 245/132/5 256/133/5 255/134/5 159/117/5
f 76/115/5 65/13/5 149/16/5 160/118/5
usemtl mat_roof_hangs
f 161/135/10 172/136/10 88/118/10 77/16/10
f 171/157/15 170/158/15 86/120/15 204/117/15
f 170/158/16 169/159/16 85/124/16 86/120/16
f 168/164/17 167/165/17 83/114/17 84/123/17
f 167/165/18 166/166/18 199/112/18 83/114/18
f 165/167/19 164/168/19 197/104/19 198/103/19
f 164/168/20 163/169/20 79/106/20 197/104/20
f 162/172/21 161/135/21 77/16/21 195/15/21
f 170/182/6 171/183/6 192/184/6 191/185/6
f 173/186/3 172/182/3 194/185/3 193/187/3
f 163/183/2 164/182/2 183/185/2 182/184/2
f 176/188/4 163/189/4 182/190/4 179/191/4
f 171/189/3 173/186/3 193/187/3 192/190/3
f 164/189/4 165/192/4 184/193/4 183/190/4
f 162/182/4 176/188/4 179/191/4 178/185/4
f 172/183/4 161/182/4 181/185/4 194/184/4
f 174/188/6 169/182/6 190/185/6 189/191/6
f 168/189/6 174/188/6 189/191/6 188/190/6
f 166/192/6 167/189/6 186/190/6 187/193/6
f 167/189/2 168/192/2 188/193/2 186/190/2
f 161/182/3 162/183/3 178/184/3 181/185/3
f 177/186/2 166/189/2 187/190/2 185/187/2
f 169/192/3 170/189/3 191/190/3 190/193/3
f 165/182/2 177/186/2 185/187/2 184/185/2
f 172/136/26 173/194/26 206/195/26 88/118/26
f 173/194/27 171/157/27 204/117/27 206/195/27
f 169/159/28 174/196/28 207/197/28 85/124/28
f 174/196/29 168/164/29 84/123/29 207/197/29
f 163/169/30 176/198/30 208/199/30 79/106/30
f 176/198/31 162/172/31 195/15/31 208/199/31
f 166/166/27 177/200/27 209/201/27 199/112/27
f 177/200/19 165/167/19 198/103/19 209/201/19
usemtl mat_frame
f 237/137/11 238/138/11 175/139/11 81/140/11
f 241/141/12 237/137/12 81/140/12 82/142/12
f 242/143/13 241/141/13 82/142/13 87/144/13
f 238/138/14 242/143/14 87/144/14 175/139/14
f 241/141/11 242/143/11 202/145/11 196/146/11
f 236/147/12 241/141/12 196/146/12 200/148/12
f 239/149/13 236/147/13 200/148/13 201/150/13
f 242/143/14 239/149/14 201/150/14 202/145/14
f 238/138/11 234/151/11 226/152/11 203/153/11
f 242/143/12 238/138/12 203/153/12 205/154/12
f 240/155/13 242/143/13 205/154/13 222/156/13
f 234/151/14 240/155/14 222/156/14 226/152/14
f 225/210/4 219/211/4 223/212/4 229/213/4
f 218/214/4 224/215/4 228/216/4 227/217/4
f 228/216/4 229/213/4 223/212/4 227/218/4
f 230/219/4 231/220/4 235/221/4 240/155/4 234/151/4
f 225/226/3 229/227/3 232/228/3 231/229/3
f 224/230/5 225/231/5 231/232/5 230/233/5
f 229/231/9 228/230/9 233/233/9 232/232/9
f 228/227/2 224/226/2 230/229/2 233/228/2
f 231/220/4 232/234/4 236/147/4 239/149/4 235/221/4
f 232/234/4 233/235/4 237/137/4 241/141/4 236/147/4
f 233/235/4 230/219/4 234/151/4 238/138/4 237/137/4
f 240/155/14 235/221/14 78/237/14 80/236/14
f 235/221/13 239/149/13 243/238/13 78/237/13
f 239/149/12 242/143/12 244/239/12 243/238/12
f 242/143/11 240/155/11 80/236/11 244/239/11
f 276/258/35 275/259/35 268/260/35 284/261/35
f 309/273/6 308/274/6 301/275/6 302/276/6
f 279/277/36 276/278/36 284/279/36 283/280/36
f 280/281/37 279/282/37 283/283/37 286/284/37
f 275/278/38 280/277/38 286/280/38 268/279/38
f 271/289/3 273/290/3 275/291/3 276/292/3
f 277/293/3 279/294/3 280/295/3 281/296/3
f 280/295/3 275/291/3 273/290/3 281/297/3
f 277/293/3 271/298/3 276/292/3 279/294/3
f 273/302/39 252/303/39 281/304/39
f 253/313/4 273/314/4 271/315/4
f 252/316/6 277/317/6 281/318/6
f 312/277/46 309/278/46 302/279/46 316/280/46
f 313/341/37 312/342/37 316/343/37 319/344/37
f 308/278/38 313/277/38 319/280/38 301/279/38
f 305/349/3 306/350/3 308/351/3 309/352/3
f 310/353/47 312/354/47 313/355/47 299/356/47
f 313/355/48 308/351/48 306/350/48 299/357/48
f 310/353/3 305/358/3 309/352/3 312/354/3
f 296/366/4 298/367/4 306/368/4 305/369/4
f 299/372/6 297/373/6 310/374/6
f 297/303/9 296/377/9 305/378/9 310/304/9
f 298/377/49 299/304/49 306/378/49
f 359/430/6 358/431/6 351/432/6 352/433/6
f 394/445/37 393/446/37 397/447/37 400/448/37
f 362/449/57 359/450/57 352/451/57 366/452/57
f 363/431/58 362/430/58 366/433/58 350/432/58
f 358/450/9 363/449/9 350/452/9 351/451/9
f 346/457/59 357/458/59 358/459/59 359/460/59
f 360/461/47 362/462/47 363/463/47 349/464/47
f 363/463/48 358/459/48 357/458/48 349/465/48
f 360/461/60 346/457/60 359/460/60 362/462/60
f 389/519/38 394/520/38 400/521/38 382/522/38
f 390/446/6 389/445/6 382/448/6 383/447/6
f 393/520/57 390/519/57 383/522/57 397/521/57
f 386/527/3 387/528/3 389/529/3 390/530/3
f 392/531/3 393/532/3 394/533/3 396/534/3
f 394/533/3 389/529/3 387/528/3 396/534/3
f 392/531/3 386/535/3 390/530/3 393/532/3
f 442/604/58 441/605/58 432/606/58 448/607/58
f 469/605/35 468/604/35 478/607/35 462/606/35
f 437/278/69 442/277/69 448/280/69 447/279/69
f 438/605/70 437/604/70 447/607/70 446/606/70
f 441/277/57 438/278/57 446/279/57 432/280/57
f 427/620/71 425/621/71 437/622/71 438/623/71
f 439/624/47 441/625/47 442/626/47 416/627/47
f 442/626/72 437/622/72 425/621/72 416/628/72
f 439/624/60 427/620/60 438/623/60 441/625/60
f 472/277/57 469/278/57 462/279/57 476/280/57
f 473/604/37 472/605/37 476/606/37 479/607/37
f 468/278/69 473/277/69 479/280/69 478/279/69
f 423/620/71 424/684/71 468/622/71 469/623/71
f 470/624/47 472/625/47 473/626/47 422/628/47
f 473/626/72 468/622/72 424/684/72 422/628/72
f 470/624/60 423/685/60 469/623/60 472/625/60
f 521/734/6 520/735/6 511/736/6 508/737/6
f 546/735/79 545/734/79 555/737/79 554/736/79
f 516/749/9 521/750/9 508/751/9 509/752/9
f 517/735/4 516/734/4 509/737/4 510/736/4
f 520/750/5 517/749/5 510/752/5 511/751/5
f 492/757/80 513/757/80 506/758/80 516/759/80 517/760/80
f 505/761/81 520/762/81 521/763/81 507/764/81
f 521/763/82 516/759/82 506/758/82 507/765/82
f 505/761/83 492/757/83 517/760/83 520/762/83
f 492/785/6 506/786/6 513/787/6
f 549/811/91 546/812/91 554/813/91 540/814/91
f 550/734/6 549/735/6 540/736/6 537/737/6
f 545/812/92 550/811/92 537/814/92 555/813/92
f 541/819/93 535/820/93 545/821/93 546/822/93
f 500/823/81 549/824/81 550/825/81 501/826/81
f 550/825/82 545/821/82 535/820/82 501/826/82
f 500/823/94 541/819/94 546/822/94 549/824/94
f 593/886/98 598/887/98 604/888/98 603/889/98
f 625/901/101 624/902/101 615/903/101 631/904/101
f 594/902/102 593/901/102 603/904/102 587/903/102
f 597/887/5 594/886/5 587/889/5 588/888/5
f 598/901/101 597/902/101 588/903/101 604/904/101
f 583/909/103 592/910/103 593/911/103 594/912/103
f 595/913/2 597/914/2 598/915/2 600/916/2
f 598/915/2 593/911/2 592/910/2 600/917/2
f 595/913/104 583/909/104 594/912/104 597/914/104
f 621/902/102 620/901/102 630/904/102 614/903/102
f 624/959/5 621/960/5 614/961/5 615/962/5
f 620/960/98 625/959/98 631/962/98 630/961/98
f 579/967/107 610/968/107 620/969/107 621/970/107
f 623/971/2 624/972/2 625/973/2 627/974/2
f 625/973/108 620/969/108 610/968/108 627/974/108
f 623/971/104 579/967/104 621/970/104 624/972/104
f 667/1035/79 666/1036/79 676/1037/79 675/1038/79
f 697/1047/110 694/1048/110 702/1049/110 701/1050/110
f 670/1051/110 667/1052/110 675/1053/110 674/1054/110
f 671/1036/101 670/1035/101 674/1038/101 658/1037/101
f 666/1052/92 671/1051/92 658/1054/92 676/1053/92
f 642/1059/107 654/628/107 666/1060/107 667/1061/107
f 657/1062/81 670/1063/81 671/1064/81 655/684/81
f 671/1064/82 666/1060/82 654/628/82 655/621/82
f 657/1062/83 642/1059/83 667/1061/83 670/1063/83
f 694/1035/102 693/1036/102 686/1037/102 702/1038/102
f 693/1048/92 698/1047/92 704/1050/92 686/1049/92
f 698/1036/111 697/1035/111 701/1038/111 704/1037/111
f 690/1106/93 611/1107/93 693/1108/93 694/1109/93
f 684/1110/112 697/1111/112 698/1112/112 700/684/112
f 698/1112/108 693/1108/108 611/1107/108 700/684/108
f 684/1110/94 690/1106/94 694/1109/94 697/1111/94
f 769/155/13 771/1114/13 692/1115/13 751/156/13
f 728/1116/13 732/1117/13 695/1118/13 716/1119/13
f 733/1120/14 728/1116/14 716/1119/14 717/1121/14
f 763/1129/14 769/155/14 751/156/14 755/1130/14
f 720/1163/4 712/1164/4 715/1165/4 722/1166/4
f 711/1167/4 719/1168/4 721/1169/4 718/1170/4
f 721/1169/4 722/1166/4 715/1165/4 718/1171/4
f 723/1172/4 724/1173/4 728/1116/4 733/1120/4 727/1174/4
f 722/231/9 721/230/9 726/233/9 725/232/9
f 721/1179/2 719/1180/2 723/1181/2 726/1182/2
f 720/1180/3 722/1183/3 725/1184/3 724/1181/3
f 719/230/5 720/231/5 724/232/5 723/233/5
f 724/1173/4 725/1185/4 729/1186/4 732/1117/4 728/1116/4
f 725/1185/4 726/1187/4 730/1188/4 734/1189/4 729/1186/4
f 726/1187/4 723/1172/4 727/1174/4 731/1190/4 730/1188/4
f 732/1117/12 735/1200/12 653/1191/12 695/1118/12
f 735/1200/11 733/1120/11 717/1121/11 653/1191/11
f 727/1174/14 733/1120/14 736/1193/14 650/1192/14
f 733/1120/13 735/1200/13 737/1194/13 736/1193/13
f 735/1200/12 731/1190/12 738/1195/12 737/1194/12
f 731/1190/11 727/1174/11 650/1192/11 738/1195/11
f 735/1200/14 732/1117/14 740/1201/14 739/1202/14
f 732/1117/13 729/1186/13 741/1203/13 740/1201/13
f 729/1186/12 734/1189/12 742/1204/12 741/1203/12
f 734/1189/11 735/1200/11 739/1202/11 742/1204/11
f 731/1190/14 735/1200/14 744/1197/14 743/1196/14
f 735/1200/13 734/1189/13 745/1198/13 744/1197/13
f 734/1189/12 730/1188/12 746/1199/12 745/1198/12
f 730/1188/11 731/1190/11 743/1196/11 746/1199/11
f 754/1208/4 748/1209/4 752/1210/4 758/1211/4
f 747/1212/4 753/1213/4 757/1214/4 756/1215/4
f 757/1214/4 758/1211/4 752/1210/4 756/1216/4
f 759/1217/4 760/1218/4 764/1219/4 769/155/4 763/1129/4
f 754/1223/3 758/1224/3 761/1225/3 760/1226/3
f 753/230/5 754/231/5 760/232/5 759/233/5
f 758/231/9 757/230/9 762/233/9 761/232/9
f 757/1224/2 753/1223/2 759/1226/2 762/1225/2
f 760/1218/4 761/1227/4 765/1228/4 768/1229/4 764/1219/4
f 761/1227/4 762/1230/4 766/1231/4 770/1232/4 765/1228/4
f 762/1230/4 759/1217/4 763/1129/4 767/1233/4 766/1231/4
f 771/1114/12 767/1233/12 772/1236/12 692/1115/12
f 767/1233/11 763/1129/11 755/1130/11 772/1236/11
f 771/1114/14 768/1229/14 774/1241/14 773/1242/14
f 768/1229/13 765/1228/13 775/1243/13 774/1241/13
f 765/1228/12 770/1232/12 776/1244/12 775/1243/12
f 770/1232/11 771/1114/11 773/1242/11 776/1244/11
f 767/1233/14 771/1114/14 778/1238/14 777/1237/14
f 771/1114/13 770/1232/13 779/1239/13 778/1238/13
f 770/1232/12 766/1231/12 780/1240/12 779/1239/12
f 766/1231/11 767/1233/11 777/1237/11 780/1240/11
f 769/155/14 764/1219/14 782/237/14 781/236/14
f 764/1219/13 768/1229/13 783/1234/13 782/237/13
f 768/1229/12 771/1114/12 784/1235/12 783/1234/12
f 771/1114/11 769/155/11 781/236/11 784/1235/11
usemtl mat_door_panels
f 202/222/4 201/223/4 200/224/4 196/225/4
f 80/236/4 78/237/4 243/238/4 244/239/4
f 226/152/4 222/156/4 205/154/4 203/153/4
f 175/139/4 87/144/4 82/142/4 81/140/4
f 739/1175/4 740/1176/4 741/1177/4 742/1178/4
f 717/1121/4 716/1119/4 695/1118/4 653/1191/4
f 650/1192/4 736/1193/4 737/1194/4 738/1195/4
f 743/1196/4 744/1197/4 745/1198/4 746/1199/4
f 773/222/4 774/1220/4 775/1221/4 776/1222/4
f 781/236/4 782/237/4 783/1234/4 784/1235/4
f 755/1130/4 751/156/4 692/1115/4 772/1236/4
f 777/1237/4 778/1238/4 779/1239/4 780/1240/4
usemtl mat_window
f 285/285/3 282/286/3 278/287/3 274/288/3
f 283/299/2 284/300/2 289/301/2
f 284/300/44 268/319/44 288/320/44
f 268/319/3 286/321/3 290/322/3
f 286/321/5 283/299/5 287/323/5
f 266/324/3 265/325/3 264/326/3 263/327/3
f 292/328/3 293/329/3 294/330/3 295/331/3
f 272/332/3 270/333/3 269/334/3 267/335/3
f 307/345/3 304/346/3 303/347/3 300/348/3
f 316/359/3 302/360/3 322/361/3
f 302/360/3 301/379/3 321/380/3
f 301/379/3 319/381/3 323/382/3
f 319/381/5 316/359/5 320/383/5
f 254/384/3 325/385/3 326/386/3 327/387/3
f 318/388/3 317/389/3 315/390/3 311/391/3
f 262/392/3 261/393/3 260/394/3 259/395/3
f 347/453/3 337/454/3 335/455/3 334/456/3
f 366/466/3 352/467/3 372/468/3
f 352/467/3 351/488/3 371/489/3
f 351/488/3 350/490/3 373/491/3
f 350/490/62 366/466/62 370/492/62
f 369/493/3 368/494/3 367/495/3 364/496/3
f 361/497/3 356/498/3 354/499/3 353/500/3
f 314/501/3 251/502/3 375/503/3 376/504/3
f 388/523/3 385/524/3 384/525/3 381/526/3
f 397/536/3 383/537/3 403/538/3
f 383/537/3 382/560/3 402/561/3
f 382/560/3 400/562/3 404/563/3
f 400/562/4 397/536/4 401/564/4
f 348/565/3 344/566/3 342/567/3 406/568/3
f 399/569/3 398/570/3 395/571/3 391/572/3
f 380/573/3 379/574/3 365/575/3 355/576/3
f 413/616/3 343/617/3 454/618/3 455/619/3
f 432/629/3 446/630/3 451/631/3
f 446/630/5 447/652/5 450/653/5
f 447/652/5 448/654/5 452/655/5
f 448/654/62 432/629/62 449/656/62
f 435/657/3 434/658/3 431/659/3 430/660/3
f 429/661/3 428/662/3 426/663/3 414/664/3
f 445/665/3 444/666/3 443/667/3 440/668/3
f 415/680/3 377/681/3 336/682/3 485/683/3
f 476/686/3 462/687/3 482/688/3
f 462/687/44 478/708/44 481/709/44
f 478/708/5 479/710/5 483/711/5
f 479/710/5 476/686/5 480/712/5
f 464/635/3 463/485/3 461/479/3 460/478/3
f 459/713/3 458/714/3 456/715/3 421/716/3
f 477/693/3 474/703/3 471/696/3 467/694/3
f 466/753/2 433/754/2 378/755/2 345/756/2
f 511/766/2 510/767/2 530/768/2
f 510/767/2 509/788/2 529/789/2
f 509/788/2 508/790/2 531/791/2
f 508/790/2 511/766/2 528/792/2
f 523/793/2 518/794/2 515/795/2 512/796/2
f 504/797/2 495/798/2 494/799/2 493/800/2
f 527/801/2 526/802/2 525/803/2 524/804/2
f 503/815/2 502/816/2 465/817/2 562/818/2
f 540/827/2 554/828/2 559/829/2
f 554/828/4 555/844/4 558/845/4
f 555/844/2 537/846/2 560/847/2
f 537/846/2 540/827/2 557/848/2
f 543/849/2 542/850/2 539/851/2 538/852/2
f 536/853/2 534/854/2 519/855/2 514/856/2
f 556/857/2 553/858/2 552/859/2 548/860/2
f 551/905/2 547/906/2 544/907/2 533/908/2
f 588/918/2 587/919/2 607/920/2
f 587/919/105 603/937/105 606/938/105
f 603/937/5 604/939/5 608/940/5
f 604/939/106 588/918/106 605/941/106
f 591/942/2 590/943/2 586/944/2 585/945/2
f 582/946/2 581/947/2 571/948/2 569/949/2
f 602/950/2 601/951/2 599/952/2 596/953/2
f 629/963/2 628/964/2 626/965/2 622/966/2
f 615/975/2 614/976/2 634/977/2
f 614/976/105 630/995/105 633/996/105
f 630/995/5 631/997/5 635/998/5
f 631/997/106 615/975/106 632/999/106
f 589/1000/2 584/1001/2 580/1002/2 578/1003/2
f 577/1004/2 572/1005/2 570/1006/2 522/1007/2
f 618/1008/2 616/1009/2 613/1010/2 612/1011/2
f 660/1055/2 659/1056/2 656/1057/2 645/1058/2
f 674/1065/5 675/1066/5 680/1067/5
f 675/1066/5 676/1078/5 679/1079/5
f 676/1078/2 658/1080/2 681/1081/2
f 658/1080/106 674/1065/106 678/1082/106
f 677/1083/2 672/1084/2 669/1085/2 668/1086/2
f 664/1087/2 663/1088/2 662/1089/2 661/1090/2
f 644/1091/2 643/1092/2 619/1093/2 617/1094/2
f 651/1102/2 457/1103/2 436/1104/2 710/1105/2
f 701/623/5 702/625/5 707/1113/5
f 702/625/105 686/710/105 706/1131/105
f 686/710/2 704/708/2 708/711/2
f 704/708/5 701/623/5 705/1132/5
f 689/1133/2 688/1134/2 687/1135/2 685/1136/2
f 683/1137/2 673/1138/2 665/1139/2 652/1140/2
f 703/1141/2 699/1142/2 696/1143/2 691/1144/2
usemtl mat_window_panes
f 366/305/40 372/306/40 356/307/40 361/308/40
f 290/309/41 291/310/41 285/285/41 274/288/41
f 268/311/42 290/309/42 274/288/42 278/287/42
f 288/312/43 268/311/43 278/287/43 282/286/43
f 291/310/40 288/312/40 282/286/40 285/285/40
f 287/336/40 291/310/40 270/333/40 272/332/40
f 291/310/45 290/309/45 269/334/45 270/333/45
f 290/309/42 286/337/42 267/335/42 269/334/42
f 286/337/41 287/336/41 272/332/41 267/335/41
f 289/338/40 284/339/40 265/325/40 266/324/40
f 284/339/45 288/312/45 264/326/45 265/325/45
f 288/312/42 291/310/42 263/327/42 264/326/42
f 291/310/41 289/338/41 266/324/41 263/327/41
f 283/340/40 289/338/40 293/329/40 292/328/40
f 289/338/45 291/310/45 294/330/45 293/329/45
f 291/310/42 287/336/42 295/331/42 294/330/42
f 287/336/41 283/340/41 292/328/41 295/331/41
f 320/362/41 316/363/41 318/364/41 311/365/41
f 324/370/42 320/362/42 311/365/42 315/371/42
f 322/375/45 324/370/45 315/371/45 317/376/45
f 316/363/40 322/375/40 317/376/40 318/364/40
f 324/370/40 321/396/40 304/397/40 307/398/40
f 321/396/43 301/399/43 303/400/43 304/397/43
f 301/399/42 323/401/42 300/402/42 303/400/42
f 323/401/41 324/370/41 307/398/41 300/402/41
f 320/362/40 324/370/40 261/403/40 262/404/40
f 324/370/45 323/401/45 260/405/45 261/403/45
f 323/401/42 319/406/42 259/407/42 260/405/42
f 319/406/41 320/362/41 262/404/41 259/407/41
f 322/375/50 302/408/50 325/409/50 254/410/50
f 302/408/51 321/396/51 326/411/51 325/409/51
f 321/396/42 324/370/42 327/412/42 326/411/42
f 324/370/41 322/375/41 254/410/41 327/412/41
f 374/469/41 372/306/41 369/470/41 364/471/41
f 371/472/42 374/469/42 364/471/42 367/473/42
f 352/474/51 371/472/51 367/473/51 368/475/51
f 481/476/42 484/477/42 460/478/42 461/479/42
f 382/480/61 404/481/61 381/482/61 384/483/61
f 462/484/51 481/476/51 461/479/51 463/485/51
f 402/486/43 382/480/43 384/483/43 385/487/43
f 372/306/50 352/474/50 368/475/50 369/470/50
f 372/306/45 374/469/45 354/505/45 356/307/45
f 374/469/42 370/506/42 353/507/42 354/505/42
f 370/506/41 366/305/41 361/308/41 353/507/41
f 374/469/40 371/472/40 337/508/40 347/509/40
f 371/472/43 351/510/43 335/511/43 337/508/43
f 351/510/61 373/512/61 334/513/61 335/511/61
f 373/512/41 374/469/41 347/509/41 334/513/41
f 370/506/40 374/469/40 251/514/40 314/515/40
f 374/469/45 373/512/45 375/516/45 251/514/45
f 373/512/63 350/517/63 376/518/63 375/516/63
f 350/517/64 370/506/64 314/515/64 376/518/64
f 450/539/42 453/540/42 430/541/42 431/542/42
f 532/543/65 528/544/65 493/545/65 494/546/65
f 405/547/40 402/486/40 385/487/40 388/548/40
f 401/549/41 397/550/41 399/551/41 391/552/41
f 405/547/42 401/549/42 391/552/42 395/553/42
f 403/554/45 405/547/45 395/553/45 398/555/45
f 530/556/66 532/543/66 494/546/66 495/557/66
f 511/558/67 530/556/67 495/557/67 504/559/67
f 397/550/40 403/554/40 398/555/40 399/551/40
f 404/481/41 405/547/41 388/548/41 381/482/41
f 401/549/40 405/547/40 379/577/40 380/578/40
f 405/547/45 404/481/45 365/579/45 379/577/45
f 404/481/42 400/580/42 355/581/42 365/579/42
f 400/580/41 401/549/41 380/578/41 355/581/41
f 403/554/50 383/582/50 344/583/50 348/584/50
f 383/582/51 402/486/51 342/585/51 344/583/51
f 402/486/42 405/547/42 406/586/42 342/585/42
f 405/547/41 403/554/41 348/584/41 406/586/41
f 532/543/73 530/556/73 523/632/73 512/633/73
f 482/634/50 462/484/50 463/485/50 464/635/50
f 605/636/74 588/637/74 582/638/74 569/639/74
f 529/640/65 532/543/65 512/633/65 515/641/65
f 446/642/45 450/539/45 431/542/45 434/643/45
f 451/644/40 446/642/40 434/643/40 435/645/40
f 448/646/41 449/647/41 445/648/41 440/649/41
f 452/650/42 448/646/42 440/649/42 443/651/42
f 453/540/45 452/650/45 443/651/45 444/669/45
f 449/647/40 453/540/40 444/669/40 445/648/40
f 453/540/41 451/644/41 435/645/41 430/541/41
f 432/670/75 451/644/75 428/671/75 429/672/75
f 451/644/45 453/540/45 426/673/45 428/671/45
f 453/540/42 449/647/42 414/674/42 426/673/42
f 449/647/76 432/670/76 429/672/76 414/674/76
f 453/540/40 450/539/40 343/675/40 413/676/40
f 450/539/45 447/677/45 454/678/45 343/675/45
f 447/677/42 452/650/42 455/679/42 454/678/42
f 452/650/41 453/540/41 413/676/41 455/679/41
f 609/689/65 605/636/65 569/639/65 571/690/65
f 479/691/41 480/692/41 477/693/41 467/694/41
f 483/695/42 479/691/42 467/694/42 471/696/42
f 540/697/67 559/698/67 534/699/67 536/700/67
f 607/701/66 609/689/66 571/690/66 581/702/66
f 484/477/45 483/695/45 471/696/45 474/703/45
f 709/704/73 707/705/73 689/706/73 685/707/73
f 480/692/40 484/477/40 474/703/40 477/693/40
f 484/477/41 482/634/41 464/635/41 460/478/41
f 476/717/40 482/634/40 458/714/40 459/713/40
f 482/634/45 484/477/45 456/715/45 458/714/45
f 484/477/42 480/692/42 421/716/42 456/715/42
f 480/692/41 476/717/41 459/713/41 421/716/41
f 484/477/40 481/476/40 377/681/40 415/680/40
f 481/476/45 478/718/45 336/682/45 377/681/45
f 478/718/42 483/695/42 485/683/42 336/682/42
f 483/695/41 484/477/41 415/680/41 485/683/41
f 510/769/84 529/640/84 515/641/84 518/770/84
f 633/771/65 636/772/65 578/773/65 580/774/65
f 561/775/73 559/698/73 543/776/73 538/777/73
f 530/556/85 510/769/85 518/770/85 523/632/85
f 558/778/65 561/775/65 538/777/65 539/779/65
f 508/780/86 528/544/86 527/781/86 524/782/86
f 531/783/87 508/780/87 524/782/87 525/784/87
f 532/543/66 531/783/66 525/784/66 526/805/66
f 528/544/88 532/543/88 526/805/88 527/781/88
f 528/544/74 511/558/74 504/559/74 493/545/74
f 532/543/88 529/640/88 433/806/88 466/807/88
f 529/640/89 509/808/89 378/809/89 433/806/89
f 509/808/90 531/783/90 345/810/90 378/809/90
f 531/783/73 532/543/73 466/807/73 345/810/73
f 554/830/66 558/778/66 539/779/66 542/831/66
f 588/637/67 607/701/67 581/702/67 582/638/67
f 559/698/88 554/830/88 542/831/88 543/776/88
f 609/689/73 607/701/73 591/832/73 585/833/73
f 537/834/86 557/835/86 556/836/86 548/837/86
f 606/838/65 609/689/65 585/833/65 586/839/65
f 587/840/84 606/838/84 586/839/84 590/841/84
f 560/842/87 537/834/87 548/837/87 552/843/87
f 561/775/66 560/842/66 552/843/66 553/861/66
f 557/835/88 561/775/88 553/861/88 556/836/88
f 559/698/66 561/775/66 519/862/66 534/699/66
f 561/775/65 557/835/65 514/863/65 519/862/65
f 557/835/74 540/697/74 536/700/74 514/863/74
f 561/775/88 558/778/88 502/864/88 503/865/88
f 558/778/66 555/866/66 465/867/66 502/864/66
f 555/866/65 560/842/65 562/868/65 465/867/65
f 560/842/73 561/775/73 503/865/73 562/868/73
f 607/701/85 587/840/85 590/841/85 591/832/85
f 604/921/73 605/636/73 602/922/73 596/923/73
f 614/924/84 633/771/84 580/774/84 584/925/84
f 634/926/85 614/924/85 584/925/85 589/927/85
f 631/928/73 632/929/73 618/930/73 612/931/73
f 608/932/65 604/921/65 596/923/65 599/933/65
f 635/934/65 631/928/65 612/931/65 613/935/65
f 609/689/66 608/932/66 599/933/66 601/936/66
f 605/636/88 609/689/88 601/936/88 602/922/88
f 609/689/88 606/838/88 547/954/88 551/955/88
f 606/838/66 603/956/66 544/957/66 547/954/66
f 603/956/65 608/932/65 533/958/65 544/957/65
f 608/932/73 609/689/73 551/955/73 533/958/73
f 676/978/65 681/979/65 645/980/65 656/981/65
f 636/772/66 635/934/66 613/935/66 616/982/66
f 632/929/88 636/772/88 616/982/88 618/930/88
f 635/934/73 636/772/73 629/983/73 622/984/73
f 630/985/65 635/934/65 622/984/65 626/986/65
f 679/987/66 676/978/66 656/981/66 659/988/66
f 682/989/88 679/987/88 659/988/88 660/990/88
f 678/991/73 674/992/73 664/993/73 661/994/73
f 633/771/66 630/985/66 626/986/66 628/1012/66
f 636/772/88 633/771/88 628/1012/88 629/983/88
f 636/772/73 634/926/73 589/927/73 578/773/73
f 615/1013/67 634/926/67 572/1014/67 577/1015/67
f 634/926/66 636/772/66 570/1016/66 572/1014/66
f 636/772/65 632/929/65 522/1017/65 570/1016/65
f 632/929/74 615/1013/74 577/1015/74 522/1017/74
f 682/989/65 678/991/65 661/994/65 662/1068/65
f 680/1069/66 682/989/66 662/1068/66 663/1070/66
f 706/1071/65 709/704/65 685/707/65 687/1072/65
f 702/1073/66 706/1071/66 687/1072/66 688/1074/66
f 674/992/88 680/1069/88 663/1070/88 664/993/88
f 682/989/73 680/1069/73 677/1075/73 668/1076/73
f 707/705/88 702/1073/88 688/1074/88 689/706/88
f 679/987/65 682/989/65 668/1076/65 669/1077/65
f 675/1095/66 679/987/66 669/1077/66 672/1096/66
f 680/1069/88 675/1095/88 672/1096/88 677/1075/88
f 681/979/73 682/989/73 660/990/73 645/980/73
f 678/991/88 682/989/88 643/1097/88 644/1098/88
f 682/989/66 681/979/66 619/1099/66 643/1097/66
f 681/979/87 658/1100/87 617/1101/87 619/1099/87
f 658/1100/86 678/991/86 644/1098/86 617/1101/86
f 704/1122/73 705/1123/73 703/1124/73 691/1125/73
f 708/1126/65 704/1122/65 691/1125/65 696/1127/65
f 709/704/66 708/1126/66 696/1127/66 699/1128/66
f 705/1123/88 709/704/88 699/1128/88 703/1124/88
f 701/1145/88 707/705/88 673/1146/88 683/1147/88
f 707/705/66 709/704/66 665/1148/66 673/1146/66
f 709/704/65 705/1123/65 652/1149/65 665/1148/65
f 705/1123/73 701/1145/73 683/1147/73 652/1149/73
f 709/704/88 706/1071/88 457/1150/88 651/1151/88
f 706/1071/89 686/1152/89 436/1153/89 457/1150/89
f 686/1152/90 708/1126/90 710/1154/90 436/1153/90
f 708/1126/73 709/704/73 651/1151/73 710/1154/73
usemtl mat_balcony
f 789/1245/6 790/1246/6 791/1247/6 792/1248/6
f 787/1249/3 788/1249/3 792/1249/3 791/1249/3
f 786/1250/2 785/1250/2 790/1250/2 789/1250/2
f 788/1249/5 786/1250/5 789/1250/5 792/1249/5
f 785/1250/9 787/1249/9 791/1249/9 790/1250/9
f 797/1259/5 799/1260/5 796/1260/5 793/1259/5
f 800/1260/9 798/1259/9 794/1259/9 795/1260/9
f 796/1261/6 795/1262/6 794/1263/6 793/1264/6
f 798/1259/3 797/1259/3 793/1259/3 794/1259/3
f 799/1260/2 800/1260/2 795/1260/2 796/1260/2
usemtl mat_railing_posts
f 802/1251/4 809/1252/4 803/1253/4 804/1254/4
f 804/1255/2 803/1256/2 805/1257/2 806/1258/2
f 806/1254/6 805/1253/6 807/1252/6 808/1251/6
f 808/1258/3 807/1257/3 809/1256/3 802/1255/3
f 804/1265/5 806/1266/5 808/1267/5 802/1268/5
f 803/1265/9 809/1268/9 807/1267/9 805/1266/9
f 801/1269/4 818/1270/4 812/1271/4 811/1272/4
f 811/1255/2 812/1256/2 814/1257/2 813/1258/2
f 813/1272/6 814/1271/6 816/1270/6 815/1269/6
f 815/1258/3 816/1257/3 818/1256/3 801/1255/3
f 811/1273/5 813/1274/5 815/1275/5 801/1276/5
f 812/1273/9 818/1276/9 816/1275/9 814/1274/9
f 825/1252/6 826/1251/6 820/1254/6 819/1253/6
f 819/1277/2 820/1278/2 822/1279/2 821/1280/2
f 821/1253/4 822/1254/4 824/1251/4 823/1252/4
f 823/1280/3 824/1279/3 826/1278/3 825/1277/3
f 821/1281/9 823/1282/9 825/1283/9 819/1284/9
f 820/1284/5 826/1283/5 824/1282/5 822/1281/5
f 810/1269/4 834/1270/4 828/1271/4 827/1272/4
f 827/1279/2 828/1280/2 830/1277/2 829/1278/2
f 829/1272/6 830/1271/6 832/1270/6 831/1269/6
f 831/1278/3 832/1277/3 834/1280/3 810/1279/3
f 827/1285/5 829/1286/5 831/1287/5 810/1288/5
f 828/1285/9 834/1288/9 832/1287/9 830/1286/9
f 866/1305/2 865/1306/2 1126/1307/2 1053/1308/2
f 870/1309/4 877/1310/4 871/1311/4 872/1312/4
f 872/1305/2 871/1306/2 873/1307/2 874/1308/2
f 874/1312/6 873/1311/6 875/1310/6 876/1309/6
f 876/1308/3 875/1307/3 877/1306/3 870/1305/3
f 869/1309/4 886/1310/4 880/1311/4 879/1312/4
f 879/1313/2 880/1314/2 882/1315/2 881/1316/2
f 881/1312/6 882/1311/6 884/1310/6 883/1309/6
f 883/1316/3 884/1315/3 886/1314/3 869/1313/3
f 878/1309/4 894/1310/4 888/1311/4 887/1312/4
f 887/1317/2 888/1318/2 890/1319/2 889/1320/2
f 889/1312/6 890/1311/6 892/1310/6 891/1309/6
f 891/1320/3 892/1319/3 894/1318/3 878/1317/3
f 885/1309/4 902/1310/4 896/1311/4 895/1312/4
f 895/1321/2 896/1322/2 898/1323/2 897/1324/2
f 897/1312/6 898/1311/6 900/1310/6 899/1309/6
f 899/1324/3 900/1323/3 902/1322/3 885/1321/3
f 893/1309/4 910/1310/4 904/1311/4 903/1312/4
f 903/1325/2 904/1326/2 906/1327/2 905/1328/2
f 905/1312/6 906/1311/6 908/1310/6 907/1309/6
f 907/1328/3 908/1327/3 910/1326/3 893/1325/3
f 901/1309/4 918/1310/4 912/1311/4 911/1312/4
f 911/1329/2 912/1330/2 914/1331/2 913/1332/2
f 913/1312/6 914/1311/6 916/1310/6 915/1309/6
f 915/1332/3 916/1331/3 918/1330/3 901/1329/3
f 909/1309/4 926/1310/4 920/1311/4 919/1312/4
f 919/1333/2 920/1334/2 922/1335/2 921/1336/2
f 921/1312/6 922/1311/6 924/1310/6 923/1309/6
f 923/1336/3 924/1335/3 926/1334/3 909/1333/3
f 917/1309/4 934/1310/4 928/1311/4 927/1312/4
f 927/1337/2 928/1338/2 930/1339/2 929/1340/2
f 929/1312/6 930/1311/6 932/1310/6 931/1309/6
f 931/1340/3 932/1339/3 934/1338/3 917/1337/3
f 867/1341/4 868/1342/4 865/1343/4 866/1344/4
f 933/1308/3 925/1307/3 868/1306/3 867/1305/3
f 1053/1344/6 1126/1343/6 925/1342/6 933/1341/6
f 942/1345/2 941/1346/2 940/1347/2 947/1348/2
f 943/1349/6 944/1350/6 941/1351/6 942/1352/6
f 946/1348/3 945/1347/3 944/1346/3 943/1345/3
f 947/1352/4 940/1351/4 945/1350/4 946/1349/4
f 974/1365/3 965/1366/3 967/1367/3 968/1368/3
f 968/1369/4 967/1370/4 969/1371/4 970/1372/4
f 970/1368/2 969/1367/2 971/1366/2 972/1365/2
f 972/1372/6 971/1371/6 965/1370/6 974/1369/6
f 981/1365/3 973/1366/3 976/1367/3 975/1368/3
f 975/1373/4 976/1374/4 978/1375/4 977/1376/4
f 977/1368/2 978/1367/2 980/1366/2 979/1365/2
f 979/1376/6 980/1375/6 973/1374/6 981/1373/6
f 989/1365/3 982/1366/3 984/1367/3 983/1368/3
f 983/1377/4 984/1378/4 986/1379/4 985/1380/4
f 985/1368/2 986/1367/2 988/1366/2 987/1365/2
f 987/1380/6 988/1379/6 982/1378/6 989/1377/6
f 997/1365/3 990/1366/3 992/1367/3 991/1368/3
f 991/1381/4 992/1382/4 994/1383/4 993/1384/4
f 993/1368/2 994/1367/2 996/1366/2 995/1365/2
f 995/1384/6 996/1383/6 990/1382/6 997/1381/6
f 1005/1365/3 998/1366/3 1000/1367/3 999/1368/3
f 999/1385/4 1000/1386/4 1002/1387/4 1001/1388/4
f 1001/1368/2 1002/1367/2 1004/1366/2 1003/1365/2
f 1003/1388/6 1004/1387/6 998/1386/6 1005/1385/6
f 1013/1365/3 1006/1366/3 1008/1367/3 1007/1368/3
f 1007/1389/4 1008/1390/4 1010/1391/4 1009/1392/4
f 1009/1368/2 1010/1367/2 1012/1366/2 1011/1365/2
f 1011/1392/6 1012/1391/6 1006/1390/6 1013/1389/6
f 1021/1365/3 1014/1366/3 1016/1367/3 1015/1368/3
f 1015/1393/4 1016/1394/4 1018/1395/4 1017/1396/4
f 1017/1368/2 1018/1367/2 1020/1366/2 1019/1365/2
f 1019/1396/6 1020/1395/6 1014/1394/6 1021/1393/6
f 1029/1365/3 1022/1366/3 1024/1367/3 1023/1368/3
f 1023/1397/4 1024/1398/4 1026/1399/4 1025/1400/4
f 1025/1368/2 1026/1367/2 1028/1366/2 1027/1365/2
f 1027/1401/6 1028/1402/6 1022/1398/6 1029/1397/6
f 1037/1365/3 1030/1366/3 1032/1367/3 1031/1368/3
f 1031/1403/4 1032/1404/4 1034/1405/4 1033/1406/4
f 1033/1368/2 1034/1367/2 1036/1366/2 1035/1365/2
f 1035/1406/6 1036/1405/6 1030/1404/6 1037/1403/6
f 966/1365/3 1046/1366/3 1040/1367/3 1039/1368/3
f 1039/1407/4 1040/1408/4 1042/1409/4 1041/1410/4
f 1041/1368/2 1042/1367/2 1044/1366/2 1043/1365/2
f 1043/1411/6 1044/1412/6 1046/1408/6 966/1407/6
f 1038/1365/3 1054/1366/3 1048/1367/3 1047/1368/3
f 1047/1413/4 1048/1414/4 1050/1415/4 1049/1416/4
f 1049/1368/2 1050/1367/2 1052/1366/2 1051/1365/2
f 1051/1416/6 1052/1415/6 1054/1414/6 1038/1413/6
f 1045/1365/3 1062/1366/3 1056/1367/3 1055/1368/3
f 1055/1417/4 1056/1418/4 1058/1419/4 1057/1420/4
f 1057/1368/2 1058/1367/2 1060/1366/2 1059/1365/2
f 1059/1421/6 1060/1422/6 1062/1418/6 1045/1417/6
f 1069/1365/3 1061/1366/3 1064/1367/3 1063/1368/3
f 1063/1423/4 1064/1424/4 1066/1425/4 1065/1426/4
f 1065/1368/2 1066/1367/2 1068/1366/2 1067/1365/2
f 1067/1426/6 1068/1425/6 1061/1424/6 1069/1423/6
f 1077/1365/3 1070/1366/3 1072/1367/3 1071/1368/3
f 1071/1427/4 1072/1428/4 1074/1429/4 1073/1430/4
f 1073/1368/2 1074/1367/2 1076/1366/2 1075/1365/2
f 1075/1430/6 1076/1429/6 1070/1428/6 1077/1427/6
f 1085/1365/3 1078/1366/3 1080/1367/3 1079/1368/3
f 1079/1431/4 1080/1432/4 1082/1433/4 1081/1434/4
f 1081/1368/2 1082/1367/2 1084/1366/2 1083/1365/2
f 1083/1434/6 1084/1433/6 1078/1432/6 1085/1431/6
f 1093/1365/3 1086/1366/3 1088/1367/3 1087/1368/3
f 1087/1435/4 1088/1436/4 1090/1437/4 1089/1438/4
f 1089/1368/2 1090/1367/2 1092/1366/2 1091/1365/2
f 1091/1438/6 1092/1437/6 1086/1436/6 1093/1435/6
f 1101/1365/3 1094/1366/3 1096/1367/3 1095/1368/3
f 1095/1439/4 1096/1440/4 1098/1441/4 1097/1442/4
f 1097/1368/2 1098/1367/2 1100/1366/2 1099/1365/2
f 1099/1442/6 1100/1441/6 1094/1440/6 1101/1439/6
f 1109/1365/3 1102/1366/3 1104/1367/3 1103/1368/3
f 1103/1443/4 1104/1444/4 1106/1445/4 1105/1446/4
f 1105/1368/2 1106/1367/2 1108/1366/2 1107/1365/2
f 1107/1446/6 1108/1445/6 1102/1444/6 1109/1443/6
f 1117/1365/3 1110/1366/3 1112/1367/3 1111/1368/3
f 1111/1447/4 1112/1448/4 1114/1449/4 1113/1450/4
f 1113/1368/2 1114/1367/2 1116/1366/2 1115/1365/2
f 1115/1450/6 1116/1449/6 1110/1448/6 1117/1447/6
f 1125/1365/3 1118/1366/3 1120/1367/3 1119/1368/3
f 1119/1451/4 1120/1452/4 1122/1453/4 1121/1454/4
f 1121/1368/2 1122/1367/2 1124/1366/2 1123/1365/2
f 1123/1454/6 1124/1453/6 1118/1452/6 1125/1451/6
f 1133/1344/6 1134/1343/6 1128/1342/6 1127/1341/6
f 1127/1316/3 1128/1315/3 1130/1314/3 1129/1313/3
f 1129/1341/4 1130/1342/4 1132/1343/4 1131/1344/4
f 1131/1313/2 1132/1314/2 1134/1315/2 1133/1316/2
f 1141/1344/6 1142/1343/6 1136/1342/6 1135/1341/6
f 1135/1320/3 1136/1319/3 1138/1318/3 1137/1317/3
f 1137/1341/4 1138/1342/4 1140/1343/4 1139/1344/4
f 1139/1317/2 1140/1318/2 1142/1319/2 1141/1320/2
f 1149/1344/6 1150/1343/6 1144/1342/6 1143/1341/6
f 1143/1324/3 1144/1323/3 1146/1322/3 1145/1321/3
f 1145/1341/4 1146/1342/4 1148/1343/4 1147/1344/4
f 1147/1321/2 1148/1322/2 1150/1323/2 1149/1324/2
f 1157/1344/6 1158/1343/6 1152/1342/6 1151/1341/6
f 1151/1328/3 1152/1327/3 1154/1326/3 1153/1325/3
f 1153/1341/4 1154/1342/4 1156/1343/4 1155/1344/4
f 1155/1325/2 1156/1326/2 1158/1327/2 1157/1328/2
f 1165/1344/6 1166/1343/6 1160/1342/6 1159/1341/6
f 1159/1332/3 1160/1331/3 1162/1330/3 1161/1329/3
f 1161/1341/4 1162/1342/4 1164/1343/4 1163/1344/4
f 1163/1329/2 1164/1330/2 1166/1331/2 1165/1332/2
f 1173/1344/6 1174/1343/6 1168/1342/6 1167/1341/6
f 1167/1336/3 1168/1335/3 1170/1334/3 1169/1333/3
f 1169/1341/4 1170/1342/4 1172/1343/4 1171/1344/4
f 1171/1333/2 1172/1334/2 1174/1335/2 1173/1336/2
f 1181/1344/6 1182/1343/6 1176/1342/6 1175/1341/6
f 1175/1340/3 1176/1339/3 1178/1338/3 1177/1337/3
f 1177/1341/4 1178/1342/4 1180/1343/4 1179/1344/4
f 1179/1337/2 1180/1338/2 1182/1339/2 1181/1340/2
f 947/1265/9 946/1268/9 943/1267/9 942/1266/9
f 940/1265/5 941/1266/5 944/1267/5 945/1268/5
f 939/1455/4 1186/1456/4 937/1457/4 938/1458/4
f 938/1348/3 937/1347/3 936/1346/3 935/1345/3
f 935/1458/6 936/1457/6 1184/1456/6 1183/1455/6
f 1183/1345/2 1184/1346/2 1186/1347/2 939/1348/2
f 938/1459/9 935/1460/9 1183/1461/9 939/1462/9
f 937/1459/5 1186/1462/5 1184/1461/5 936/1460/5
f 948/1352/4 1194/1351/4 1188/1350/4 1187/1349/4
f 1187/1463/3 1188/1464/3 1190/1465/3 1189/1466/3
f 1189/1349/6 1190/1350/6 1192/1351/6 1191/1352/6
f 1191/1466/2 1192/1465/2 1194/1464/2 948/1463/2
f 1187/1282/9 1189/1283/9 1191/1284/9 948/1281/9
f 1188/1282/5 1194/1281/5 1192/1284/5 1190/1283/5
f 1201/1456/6 1202/1455/6 1196/1458/6 1195/1457/6
f 1195/1465/3 1196/1466/3 1198/1463/3 1197/1464/3
f 1197/1457/4 1198/1458/4 1200/1455/4 1199/1456/4
f 1199/1464/2 1200/1463/2 1202/1466/2 1201/1465/2
f 1197/1467/5 1199/1468/5 1201/1469/5 1195/1470/5
f 1196/1470/9 1202/1469/9 1200/1468/9 1198/1467/9
f 1234/1483/3 1233/1484/3 1482/1485/3 1303/1486/3
f 1246/1487/6 1245/1343/6 1239/1342/6 1240/1488/6
f 1240/1483/3 1239/1484/3 1241/1485/3 1242/1486/3
f 1242/1488/4 1241/1342/4 1243/1343/4 1244/1487/4
f 1244/1486/2 1243/1485/2 1245/1484/2 1246/1483/2
f 1253/1487/6 1254/1343/6 1248/1342/6 1247/1488/6
f 1247/1489/3 1248/1490/3 1250/1491/3 1249/1492/3
f 1249/1488/4 1250/1342/4 1252/1343/4 1251/1487/4
f 1251/1492/2 1252/1491/2 1254/1490/2 1253/1489/2
f 1261/1487/6 1262/1343/6 1256/1342/6 1255/1488/6
f 1255/1493/3 1256/1494/3 1258/1495/3 1257/1496/3
f 1257/1488/4 1258/1342/4 1260/1343/4 1259/1487/4
f 1259/1496/2 1260/1495/2 1262/1494/2 1261/1493/2
f 1269/1487/6 1270/1343/6 1264/1342/6 1263/1488/6
f 1263/1497/3 1264/1498/3 1266/1499/3 1265/1500/3
f 1265/1488/4 1266/1342/4 1268/1343/4 1267/1487/4
f 1267/1500/2 1268/1499/2 1270/1498/2 1269/1497/2
f 1277/1487/6 1278/1343/6 1272/1342/6 1271/1488/6
f 1271/1501/3 1272/1502/3 1274/1503/3 1273/1504/3
f 1273/1488/4 1274/1342/4 1276/1343/4 1275/1487/4
f 1275/1504/2 1276/1503/2 1278/1502/2 1277/1501/2
f 1285/1487/6 1286/1343/6 1280/1342/6 1279/1488/6
f 1279/1505/3 1280/1506/3 1282/1507/3 1281/1508/3
f 1281/1488/4 1282/1342/4 1284/1343/4 1283/1487/4
f 1283/1508/2 1284/1507/2 1286/1506/2 1285/1505/2
f 1293/1487/6 1294/1343/6 1288/1342/6 1287/1488/6
f 1287/1509/3 1288/1510/3 1290/1511/3 1289/1512/3
f 1289/1488/4 1290/1342/4 1292/1343/4 1291/1487/4
f 1291/1512/2 1292/1511/2 1294/1510/2 1293/1509/2
f 1301/1487/6 1302/1343/6 1296/1342/6 1295/1488/6
f 1295/1513/3 1296/1514/3 1298/1515/3 1297/1516/3
f 1297/1488/4 1298/1342/4 1300/1343/4 1299/1487/4
f 1299/1516/2 1300/1515/2 1302/1514/2 1301/1513/2
f 1235/1517/6 1236/1311/6 1233/1310/6 1234/1518/6
f 1238/1486/2 1237/1485/2 1236/1484/2 1235/1483/2
f 1303/1518/4 1482/1310/4 1237/1311/4 1238/1517/4
f 1330/1527/3 1321/1528/3 1323/1529/3 1324/1530/3
f 1324/1531/4 1323/1532/4 1325/1533/4 1326/1534/4
f 1326/1530/2 1325/1529/2 1327/1528/2 1328/1527/2
f 1328/1534/6 1327/1533/6 1321/1532/6 1330/1531/6
f 1337/1527/3 1329/1528/3 1332/1529/3 1331/1530/3
f 1331/1535/4 1332/1536/4 1334/1537/4 1333/1538/4
f 1333/1530/2 1334/1529/2 1336/1528/2 1335/1527/2
f 1335/1538/6 1336/1537/6 1329/1536/6 1337/1535/6
f 1345/1527/3 1338/1528/3 1340/1529/3 1339/1530/3
f 1339/1539/4 1340/1540/4 1342/1541/4 1341/1542/4
f 1341/1530/2 1342/1529/2 1344/1528/2 1343/1527/2
f 1343/1542/6 1344/1541/6 1338/1540/6 1345/1539/6
f 1353/1527/3 1346/1528/3 1348/1529/3 1347/1530/3
f 1347/1543/4 1348/1544/4 1350/1545/4 1349/1546/4
f 1349/1530/2 1350/1529/2 1352/1528/2 1351/1527/2
f 1351/1546/6 1352/1545/6 1346/1544/6 1353/1543/6
f 1361/1527/3 1354/1528/3 1356/1529/3 1355/1530/3
f 1355/1547/4 1356/1548/4 1358/1549/4 1357/1550/4
f 1357/1530/2 1358/1529/2 1360/1528/2 1359/1527/2
f 1359/1550/6 1360/1549/6 1354/1548/6 1361/1547/6
f 1369/1527/3 1362/1528/3 1364/1529/3 1363/1530/3
f 1363/1551/4 1364/1552/4 1366/1553/4 1365/1554/4
f 1365/1530/2 1366/1529/2 1368/1528/2 1367/1527/2
f 1367/1554/6 1368/1553/6 1362/1552/6 1369/1551/6
f 1377/1527/3 1370/1528/3 1372/1529/3 1371/1530/3
f 1371/1555/4 1372/1556/4 1374/1557/4 1373/1558/4
f 1373/1530/2 1374/1529/2 1376/1528/2 1375/1527/2
f 1375/1558/6 1376/1557/6 1370/1556/6 1377/1555/6
f 1385/1527/3 1378/1528/3 1380/1529/3 1379/1530/3
f 1379/1559/4 1380/1560/4 1382/1561/4 1381/1562/4
f 1381/1530/2 1382/1529/2 1384/1528/2 1383/1527/2
f 1383/1563/6 1384/1564/6 1378/1560/6 1385/1559/6
f 1393/1527/3 1386/1528/3 1388/1529/3 1387/1530/3
f 1387/1565/4 1388/1566/4 1390/1567/4 1389/1568/4
f 1389/1530/2 1390/1529/2 1392/1528/2 1391/1527/2
f 1391/1569/6 1392/1570/6 1386/1566/6 1393/1565/6
f 1322/1527/3 1402/1528/3 1396/1529/3 1395/1530/3
f 1395/1571/4 1396/1572/4 1398/1573/4 1397/1574/4
f 1397/1530/2 1398/1529/2 1400/1528/2 1399/1527/2
f 1399/1574/6 1400/1573/6 1402/1572/6 1322/1571/6
f 1394/1527/3 1410/1528/3 1404/1529/3 1403/1530/3
f 1403/1575/4 1404/1576/4 1406/1577/4 1405/1578/4
f 1405/1530/2 1406/1529/2 1408/1528/2 1407/1527/2
f 1407/1579/6 1408/1580/6 1410/1576/6 1394/1575/6
f 1401/1527/3 1418/1528/3 1412/1529/3 1411/1530/3
f 1411/1581/4 1412/1582/4 1414/1583/4 1413/1584/4
f 1413/1530/2 1414/1529/2 1416/1528/2 1415/1527/2
f 1415/1584/6 1416/1583/6 1418/1585/6 1401/1581/6
f 1409/1527/3 1426/1528/3 1420/1529/3 1419/1530/3
f 1419/1586/4 1420/1587/4 1422/1588/4 1421/1589/4
f 1421/1530/2 1422/1529/2 1424/1528/2 1423/1527/2
f 1423/1589/6 1424/1588/6 1426/1587/6 1409/1586/6
f 1433/1527/3 1425/1528/3 1428/1529/3 1427/1530/3
f 1427/1590/4 1428/1591/4 1430/1592/4 1429/1593/4
f 1429/1530/2 1430/1529/2 1432/1528/2 1431/1527/2
f 1431/1593/6 1432/1592/6 1425/1591/6 1433/1590/6
f 1441/1527/3 1434/1528/3 1436/1529/3 1435/1530/3
f 1435/1594/4 1436/1595/4 1438/1596/4 1437/1597/4
f 1437/1530/2 1438/1529/2 1440/1528/2 1439/1527/2
f 1439/1597/6 1440/1596/6 1434/1595/6 1441/1594/6
f 1449/1527/3 1442/1528/3 1444/1529/3 1443/1530/3
f 1443/1598/4 1444/1599/4 1446/1600/4 1445/1601/4
f 1445/1530/2 1446/1529/2 1448/1528/2 1447/1527/2
f 1447/1601/6 1448/1600/6 1442/1599/6 1449/1598/6
f 1457/1527/3 1450/1528/3 1452/1529/3 1451/1530/3
f 1451/1602/4 1452/1603/4 1454/1604/4 1453/1605/4
f 1453/1530/2 1454/1529/2 1456/1528/2 1455/1527/2
f 1455/1605/6 1456/1604/6 1450/1603/6 1457/1602/6
f 1465/1527/3 1458/1528/3 1460/1529/3 1459/1530/3
f 1459/1606/4 1460/1607/4 1462/1608/4 1461/1609/4
f 1461/1530/2 1462/1529/2 1464/1528/2 1463/1527/2
f 1463/1609/6 1464/1608/6 1458/1607/6 1465/1606/6
f 1473/1527/3 1466/1528/3 1468/1529/3 1467/1530/3
f 1467/1610/4 1468/1611/4 1470/1612/4 1469/1613/4
f 1469/1530/2 1470/1529/2 1472/1528/2 1471/1527/2
f 1471/1613/6 1472/1612/6 1466/1611/6 1473/1610/6
f 1481/1527/3 1474/1528/3 1476/1529/3 1475/1530/3
f 1475/1614/4 1476/1615/4 1478/1616/4 1477/1617/4
f 1477/1530/2 1478/1529/2 1480/1528/2 1479/1527/2
f 1479/1617/6 1480/1616/6 1474/1615/6 1481/1614/6
f 1304/1518/4 1490/1310/4 1484/1311/4 1483/1517/4
f 1483/1492/2 1484/1491/2 1486/1490/2 1485/1489/2
f 1485/1517/6 1486/1311/6 1488/1310/6 1487/1518/6
f 1487/1489/3 1488/1490/3 1490/1491/3 1304/1492/3
f 1417/1518/4 1498/1310/4 1492/1311/4 1491/1517/4
f 1491/1496/2 1492/1495/2 1494/1494/2 1493/1493/2
f 1493/1517/6 1494/1311/6 1496/1310/6 1495/1518/6
f 1495/1493/3 1496/1494/3 1498/1495/3 1417/1496/3
f 1489/1518/4 1506/1310/4 1500/1311/4 1499/1517/4
f 1499/1500/2 1500/1499/2 1502/1498/2 1501/1497/2
f 1501/1517/6 1502/1311/6 1504/1310/6 1503/1518/6
f 1503/1497/3 1504/1498/3 1506/1499/3 1489/1500/3
f 1497/1518/4 1514/1310/4 1508/1311/4 1507/1517/4
f 1507/1504/2 1508/1503/2 1510/1502/2 1509/1501/2
f 1509/1517/6 1510/1311/6 1512/1310/6 1511/1518/6
f 1511/1501/3 1512/1502/3 1514/1503/3 1497/1504/3
f 1505/1518/4 1522/1310/4 1516/1311/4 1515/1517/4
f 1515/1508/2 1516/1507/2 1518/1506/2 1517/1505/2
f 1517/1517/6 1518/1311/6 1520/1310/6 1519/1518/6
f 1519/1505/3 1520/1506/3 1522/1507/3 1505/1508/3
f 1513/1518/4 1529/1310/4 1524/1311/4 1523/1517/4
f 1523/1512/2 1524/1511/2 1526/1510/2 1525/1509/2
f 1525/1517/6 1526/1311/6 1528/1310/6 1527/1518/6
f 1527/1509/3 1528/1510/3 1529/1511/3 1513/1512/3
f 1521/1518/4 1536/1310/4 1531/1311/4 1530/1517/4
f 1530/1516/2 1531/1515/2 1533/1514/2 1532/1513/2
f 1532/1517/6 1533/1311/6 1535/1310/6 1534/1518/6
f 1534/1513/3 1535/1514/3 1536/1515/3 1521/1516/3
usemtl mat_railing_rails
f 833/1289/9 817/1290/9 856/1291/9 855/1292/9
f 846/1293/3 837/1294/3 839/1295/3 840/1296/3
f 840/1297/5 839/1298/5 841/1299/5 842/1300/5
f 842/1296/2 841/1295/2 843/1294/2 844/1293/2
f 844/1300/9 843/1299/9 837/1298/9 846/1297/9
f 853/1293/3 845/1294/3 848/1295/3 847/1296/3
f 847/1297/5 848/1298/5 850/1299/5 849/1300/5
f 849/1296/2 850/1295/2 852/1294/2 851/1293/2
f 851/1300/9 852/1299/9 845/1298/9 853/1297/9
f 835/1292/4 836/1291/4 817/1290/4 833/1289/4
f 854/1292/5 838/1291/5 836/1290/5 835/1289/5
f 855/1289/6 856/1290/6 838/1291/6 854/1292/6
f 858/1289/9 857/1290/9 864/1291/9 863/1292/9
f 859/1301/4 860/1302/4 857/1303/4 858/1304/4
f 862/1292/5 861/1291/5 860/1290/5 859/1289/5
f 863/1304/6 864/1303/6 861/1302/6 862/1301/6
f 952/1353/9 951/1354/9 950/1355/9 949/1356/9
f 953/1357/3 954/1358/3 951/1359/3 952/1360/3
f 956/1356/5 955/1355/5 954/1354/5 953/1353/5
f 949/1360/2 950/1359/2 955/1358/2 956/1357/2
f 960/1353/9 959/1354/9 958/1355/9 957/1356/9
f 961/1361/3 962/1362/3 959/1363/3 960/1364/3
f 964/1356/5 963/1355/5 962/1354/5 961/1353/5
f 957/1364/2 958/1363/2 963/1362/2 964/1361/2
f 1193/1471/9 1185/1472/9 1224/1473/9 1223/1474/9
f 1214/1293/3 1205/1294/3 1207/1295/3 1208/1296/3
f 1208/1297/5 1207/1298/5 1209/1299/5 1210/1300/5
f 1210/1296/2 1209/1295/2 1211/1294/2 1212/1293/2
f 1212/1300/9 1211/1299/9 1205/1298/9 1214/1297/9
f 1221/1475/3 1213/1476/3 1216/1477/3 1215/1478/3
f 1215/1297/5 1216/1298/5 1218/1299/5 1217/1300/5
f 1217/1478/2 1218/1477/2 1220/1476/2 1219/1475/2
f 1219/1300/9 1220/1299/9 1213/1298/9 1221/1297/9
f 1203/1479/4 1204/1480/4 1185/1481/4 1193/1482/4
f 1222/1474/5 1206/1473/5 1204/1472/5 1203/1471/5
f 1223/1482/6 1224/1481/6 1206/1480/6 1222/1479/6
f 1226/1471/9 1225/1472/9 1232/1473/9 1231/1474/9
f 1227/1479/4 1228/1480/4 1225/1481/4 1226/1482/4
f 1230/1474/5 1229/1473/5 1228/1472/5 1227/1471/5
f 1231/1482/6 1232/1481/6 1229/1480/6 1230/1479/6
f 1308/1519/9 1307/1520/9 1306/1521/9 1305/1522/9
f 1309/1523/3 1310/1524/3 1307/1525/3 1308/1526/3
f 1312/1522/5 1311/1521/5 1310/1520/5 1309/1519/5
f 1305/1526/2 1306/1525/2 1311/1524/2 1312/1523/2
f 1316/1519/9 1315/1520/9 1314/1521/9 1313/1522/9
f 1317/1523/3 1318/1524/3 1315/1525/3 1316/1526/3
f 1320/1522/5 1319/1521/5 1318/1520/5 1317/1519/5
f 1313/1526/2 1314/1525/2 1319/1524/2 1320/1523/2
