# Blender 4.5.4 LTS
# www.blender.org
mtllib pizzaCorner.mtl
o PizzaCorner
v 0.003691 0.987650 0.600000
v -0.419149 1.082916 0.600000
v -0.173469 1.082916 0.600000
v -0.596309 0.987650 0.600000
v 0.603691 0.987650 0.600000
v 0.180851 1.082916 0.600000
v 0.426531 1.082916 0.600000
v -0.547413 2.615040 0.600000
v -0.596309 2.528664 0.600000
v -0.596309 2.607619 0.509195
v -0.596309 1.638606 0.600000
v -0.596309 2.516977 -0.600000
v -0.596309 1.964084 0.600000
v -0.596309 0.781068 -0.600000
v -0.596309 1.042588 0.600000
v -0.596309 0.856751 0.600000
v -0.596309 1.313128 0.600000
v -0.596309 0.815177 0.600000
v -0.596309 2.289562 0.600000
v -0.596309 2.607619 0.509195
v -0.596309 2.528664 0.600000
v -0.596309 2.607619 0.509195
v -0.596309 2.663936 0.600000
v -0.547413 2.615040 0.600000
v -0.596309 2.663936 0.600000
v -0.419149 2.615040 0.600000
v -0.547413 2.615040 0.600000
v 0.562399 1.964084 0.600000
v 0.603691 1.964084 0.558708
v 0.603691 1.922792 0.600000
v 0.603691 2.245226 0.600000
v 0.426531 2.194295 0.600000
v 0.603691 2.289562 0.600000
v 0.603691 2.245226 0.600000
v 0.603691 1.964084 0.558708
v 0.562399 1.964084 0.600000
v -0.544482 0.155987 0.600000
v -0.544482 0.158331 0.596942
v -0.544482 0.098058 0.600000
v 0.603691 3.237838 0.000000
v -0.596309 3.237838 -0.600000
v 0.603691 3.237838 -0.600000
v 0.603691 3.237838 0.600000
v 0.003691 3.237838 0.600000
v -0.596309 3.237838 0.600000
v 0.603691 3.237838 -0.600000
v -0.596309 3.237838 -0.600000
v 0.603691 2.615040 -0.600000
v 0.603691 0.856751 -0.600000
v -0.596309 0.781068 -0.600000
v 0.603691 0.815178 -0.600000
v -0.596309 2.516977 -0.600000
v 0.603691 2.289562 -0.600000
v 0.603691 1.964084 -0.600000
v 0.603691 1.638606 -0.600000
v 0.603691 1.313128 -0.600000
v 0.603691 1.042588 -0.600000
v 0.537556 1.527870 0.407371
v 0.549231 1.527870 0.192629
v 0.549231 1.527870 0.407371
v 0.537556 1.527870 0.192629
v 0.537556 2.829782 0.192629
v 0.537556 2.615040 0.192629
v 0.549231 2.615040 0.192629
v 0.549231 2.829782 0.192629
v 0.537556 1.527870 -0.407371
v 0.537556 1.313128 -0.407371
v 0.549231 1.313128 -0.407371
v 0.549231 1.527870 -0.407371
v 0.537556 2.829782 -0.192629
v 0.549231 2.829782 -0.407371
v 0.549231 2.829782 -0.192629
v 0.537556 2.829782 -0.407371
v 0.537556 1.313128 0.407371
v 0.549231 1.527870 0.407371
v 0.549231 1.313128 0.407371
v 0.537556 1.527870 0.407371
v 0.537556 1.313128 -0.192629
v 0.549231 1.527870 -0.192629
v 0.549231 1.313128 -0.192629
v 0.537556 1.527870 -0.192629
v 0.537556 2.829782 -0.407371
v 0.537556 2.615040 -0.407371
v 0.549231 2.615040 -0.407371
v 0.549231 2.829782 -0.407371
v 0.537556 2.829782 0.407371
v 0.549231 2.829782 0.192629
v 0.549231 2.829782 0.407371
v 0.537556 2.829782 0.192629
v 0.537556 2.615040 -0.192629
v 0.549231 2.829782 -0.192629
v 0.549231 2.615040 -0.192629
v 0.537556 2.829782 -0.192629
v 0.537556 2.178826 0.407371
v 0.549231 2.178826 0.192629
v 0.549231 2.178826 0.407371
v 0.537556 2.178826 0.192629
v -0.405020 2.180166 0.540461
v -0.187597 2.180166 0.548907
v -0.405020 2.180166 0.548907
v -0.187597 2.180166 0.540461
v 0.194980 1.529210 0.540461
v 0.412403 1.529211 0.548907
v 0.194980 1.529210 0.548907
v 0.412403 1.529211 0.540461
v 0.194980 2.615040 0.540461
v 0.194980 2.831122 0.548907
v 0.194980 2.615040 0.548907
v 0.194980 2.831122 0.540461
v -0.187597 2.180166 0.540461
v -0.187597 1.964084 0.540461
v -0.187597 1.964084 0.548907
v -0.187597 2.180166 0.548907
v 0.412403 2.180166 0.540461
v 0.412403 1.964084 0.540461
v 0.412403 1.964084 0.548907
v 0.412403 2.180166 0.548907
v -0.405020 1.964084 0.540461
v -0.405020 2.180166 0.548907
v -0.405020 1.964084 0.548907
v -0.405020 2.180166 0.540461
v -0.405020 1.529210 0.540461
v -0.187597 1.529210 0.548907
v -0.405020 1.529210 0.548907
v -0.187597 1.529210 0.540461
v 0.412403 2.831122 0.540461
v 0.412403 2.615040 0.540461
v 0.412403 2.615040 0.548907
v 0.412403 2.831122 0.548907
v -0.187597 1.529210 0.540461
v -0.187597 1.313128 0.540461
v -0.187597 1.313128 0.548907
v -0.187597 1.529210 0.548907
v 0.194980 2.180166 0.540461
v 0.412403 2.180166 0.540461
v 0.412403 2.180166 0.548907
v 0.194980 2.180166 0.548907
v 0.194980 2.831122 0.540461
v 0.412403 2.831122 0.548907
v 0.194980 2.831122 0.548907
v 0.412403 2.831122 0.540461
v -0.405020 1.313128 0.540461
v -0.405020 1.529210 0.548907
v -0.405020 1.313128 0.548907
v -0.405020 1.529210 0.540461
v -0.187597 2.831122 0.540461
v -0.187597 2.615040 0.540461
v -0.187597 2.615040 0.548907
v -0.187597 2.831122 0.548907
v 0.426531 2.845251 0.600000
v 0.426531 2.615040 0.600000
v 0.426531 2.615040 0.557078
v 0.603691 2.384829 -0.177160
v 0.561349 2.615040 -0.177160
v 0.561349 2.384829 -0.177160
v 0.603691 2.384829 0.422840
v 0.561349 2.615040 0.422840
v 0.561349 2.384829 0.422840
v -0.596309 2.607619 0.509195
v -0.596309 3.237838 -0.600000
v -0.596309 3.237838 0.600000
v -0.596309 2.663936 0.600000
v -0.596309 2.516977 -0.600000
v -0.419149 2.384828 0.600000
v -0.419149 2.615040 0.557078
v -0.419149 2.384828 0.557078
v -0.173469 2.845251 0.600000
v -0.173469 2.615040 0.600000
v -0.173469 2.615040 0.557078
v 0.180851 2.384828 0.600000
v 0.180851 2.615040 0.557078
v 0.180851 2.384828 0.557078
v 0.603691 2.845251 0.177160
v 0.603691 2.615040 0.177160
v 0.561349 2.615040 0.177160
v 0.603691 2.845251 -0.422840
v 0.603691 2.615040 -0.422840
v 0.561349 2.615040 -0.422840
v -0.419149 1.082916 0.600000
v -0.419149 1.313128 0.557078
v -0.419149 1.082916 0.557078
v 0.426531 1.543339 0.600000
v 0.426531 1.313128 0.600000
v 0.426531 1.313128 0.557078
v -0.173469 1.543339 0.600000
v -0.173469 1.313128 0.600000
v -0.173469 1.313128 0.557078
v 0.180851 1.082916 0.600000
v 0.180851 1.313128 0.557078
v 0.180851 1.082916 0.557078
v 0.603691 1.543339 0.177160
v 0.603691 1.313128 0.177160
v 0.561349 1.313128 0.177160
v 0.603691 1.082916 -0.177160
v 0.561349 1.313128 -0.177160
v 0.561349 1.082916 -0.177160
v 0.603691 1.543339 -0.422840
v 0.603691 1.313128 -0.422840
v 0.561349 1.313128 -0.422840
v 0.603691 1.082916 0.422840
v 0.561349 1.313128 0.422840
v 0.561349 1.082916 0.422840
v -0.419149 1.733872 0.600000
v -0.419149 1.964084 0.557078
v -0.419149 1.733872 0.557078
v 0.603691 1.733872 -0.177160
v 0.603691 1.964084 0.000000
v 0.603691 1.964084 -0.177160
v 0.603691 1.638606 0.000000
v 0.426531 2.194295 0.600000
v 0.426531 1.964084 0.600000
v 0.426531 1.964084 0.557078
v -0.173469 2.194295 0.600000
v -0.173469 1.964084 0.600000
v -0.173469 1.964084 0.557078
v 0.180851 1.733872 0.600000
v 0.180851 1.964084 0.557078
v 0.180851 1.733872 0.557078
v 0.603691 2.194295 0.177160
v 0.603691 1.964084 0.177160
v 0.561349 1.964084 0.177160
v 0.603691 1.733872 -0.177160
v 0.561349 1.964084 -0.177160
v 0.561349 1.733872 -0.177160
v 0.603691 1.733872 0.422840
v 0.561349 1.964084 0.422840
v 0.561349 1.733872 0.422840
v 0.603691 2.194295 -0.422840
v 0.603691 1.964084 -0.422840
v 0.561349 1.964084 -0.422840
v 0.537556 1.527870 0.192629
v 0.537556 1.313128 0.192629
v 0.549231 1.313128 0.192629
v 0.549231 1.527870 0.192629
v 0.537556 1.964084 0.407371
v 0.549231 2.178826 0.407371
v 0.549231 1.964084 0.407371
v 0.537556 2.178826 0.407371
v 0.537556 2.615040 0.407371
v 0.549231 2.829782 0.407371
v 0.549231 2.615040 0.407371
v 0.537556 2.829782 0.407371
v 0.537556 2.178826 0.192629
v 0.537556 1.964084 0.192629
v 0.549231 1.964084 0.192629
v 0.549231 2.178826 0.192629
v 0.537556 1.527870 -0.192629
v 0.549231 1.527870 -0.407371
v 0.549231 1.527870 -0.192629
v 0.537556 1.527870 -0.407371
v 0.603691 1.733872 0.177160
v 0.603691 1.733872 0.422840
v 0.561349 1.733872 0.422840
v 0.561349 1.733872 0.177160
v 0.603691 1.733872 -0.422840
v 0.561349 1.733872 -0.422840
v 0.561349 2.194295 -0.422840
v 0.603691 1.313128 0.422840
v 0.561349 1.543339 0.422840
v 0.603691 1.543339 0.422840
v 0.603691 1.964084 0.422840
v 0.561349 2.194295 0.422840
v 0.603691 2.194295 0.422840
v 0.603691 1.082916 -0.422840
v 0.561349 1.082916 -0.422840
v 0.561349 1.543339 -0.422840
v 0.603691 2.194295 -0.177160
v 0.603691 2.194295 -0.422840
v 0.561349 2.194295 -0.422840
v 0.561349 2.194295 -0.177160
v 0.603691 1.543339 -0.177160
v 0.603691 1.543339 -0.422840
v 0.561349 1.543339 -0.422840
v 0.561349 1.543339 -0.177160
v 0.603691 1.733872 -0.422840
v 0.603691 1.733872 -0.177160
v 0.561349 1.733872 -0.177160
v 0.561349 1.733872 -0.422840
v 0.603691 1.082916 -0.422840
v 0.603691 1.082916 -0.177160
v 0.561349 1.082916 -0.177160
v 0.561349 1.082916 -0.422840
v 0.603691 1.964084 -0.177160
v 0.561349 2.194295 -0.177160
v 0.603691 2.194295 -0.177160
v 0.603691 2.384829 -0.422840
v 0.561349 2.384829 -0.422840
v 0.561349 2.845251 -0.422840
v 0.603691 1.313128 -0.177160
v 0.561349 1.543339 -0.177160
v 0.603691 1.543339 -0.177160
v 0.603691 2.384829 0.177160
v 0.561349 2.384829 0.177160
v 0.561349 2.845251 0.177160
v 0.603691 2.845251 -0.177160
v 0.603691 2.845251 -0.422840
v 0.561349 2.845251 -0.422840
v 0.561349 2.845251 -0.177160
v 0.603691 1.082916 0.177160
v 0.561349 1.082916 0.177160
v 0.561349 1.543339 0.177160
v 0.603691 2.845251 0.422840
v 0.603691 2.845251 0.177160
v 0.561349 2.845251 0.177160
v 0.561349 2.845251 0.422840
v 0.603691 2.384829 -0.422840
v 0.603691 2.384829 -0.177160
v 0.561349 2.384829 -0.177160
v 0.561349 2.384829 -0.422840
v 0.603691 1.733872 0.177160
v 0.561349 1.733872 0.177160
v 0.561349 2.194295 0.177160
v 0.412403 1.529211 0.540461
v 0.412403 1.313128 0.540461
v 0.412403 1.313128 0.548907
v 0.412403 1.529211 0.548907
v -0.405020 2.831122 0.540461
v -0.187597 2.831122 0.548907
v -0.405020 2.831122 0.548907
v -0.187597 2.831122 0.540461
v 0.194980 1.313128 0.540461
v 0.194980 1.529210 0.548907
v 0.194980 1.313128 0.548907
v 0.194980 1.529210 0.540461
v -0.405020 2.615040 0.540461
v -0.405020 2.831122 0.548907
v -0.405020 2.615040 0.548907
v -0.405020 2.831122 0.540461
v 0.194980 1.964084 0.540461
v 0.194980 2.180166 0.548907
v 0.194980 1.964084 0.548907
v 0.194980 2.180166 0.540461
v 0.180851 1.964084 0.600000
v 0.180851 2.194295 0.557078
v 0.180851 2.194295 0.600000
v 0.180851 2.384828 0.557078
v 0.426531 2.384829 0.557078
v 0.426531 2.384829 0.600000
v 0.180851 2.384828 0.600000
v 0.180851 1.313128 0.600000
v 0.180851 1.543339 0.557078
v 0.180851 1.543339 0.600000
v 0.180851 2.615040 0.600000
v 0.180851 2.845251 0.557078
v 0.180851 2.845251 0.600000
v -0.173469 2.384828 0.600000
v -0.173469 2.384828 0.557078
v -0.173469 2.845251 0.557078
v -0.173469 1.082916 0.600000
v -0.173469 1.082916 0.557078
v -0.173469 1.543339 0.557078
v -0.419149 2.845251 0.600000
v -0.173469 2.845251 0.600000
v -0.173469 2.845251 0.557078
v -0.419149 2.845251 0.557078
v -0.173469 1.733872 0.600000
v -0.173469 1.733872 0.557078
v -0.173469 2.194295 0.557078
v -0.419149 1.543339 0.600000
v -0.173469 1.543339 0.600000
v -0.173469 1.543339 0.557078
v -0.419149 1.543339 0.557078
v -0.419149 2.384828 0.557078
v -0.173469 2.384828 0.600000
v -0.419149 2.384828 0.600000
v -0.173469 2.384828 0.557078
v -0.419149 2.194295 0.600000
v -0.173469 2.194295 0.600000
v -0.173469 2.194295 0.557078
v -0.419149 2.194295 0.557078
v -0.419149 1.082916 0.557078
v -0.173469 1.082916 0.557078
v -0.173469 1.082916 0.600000
v -0.419149 1.082916 0.600000
v 0.426531 1.733872 0.600000
v 0.426531 1.733872 0.557078
v 0.426531 2.194295 0.557078
v -0.419149 2.615040 0.600000
v -0.419149 2.845251 0.557078
v -0.419149 2.845251 0.600000
v -0.419149 1.733872 0.557078
v -0.173469 1.733872 0.600000
v -0.419149 1.733872 0.600000
v -0.173469 1.733872 0.557078
v 0.426531 1.082916 0.600000
v 0.426531 1.082916 0.557078
v 0.426531 1.543339 0.557078
v -0.419149 1.313128 0.600000
v -0.419149 1.543339 0.557078
v -0.419149 1.543339 0.600000
v 0.180851 2.194295 0.600000
v 0.426531 2.194295 0.557078
v 0.180851 2.194295 0.557078
v 0.426531 2.194295 0.600000
v 0.603691 2.384829 0.422840
v 0.603691 2.615040 0.600000
v 0.603691 2.615040 0.422840
v 0.603691 2.384829 0.177160
v 0.603691 2.289562 0.600000
v 0.603691 2.615040 0.177160
v 0.603691 2.615040 0.000000
v 0.603691 2.845251 0.177160
v 0.603691 2.845251 0.422840
v 0.603691 3.237838 0.000000
v 0.603691 3.237838 0.600000
v 0.603691 1.082916 0.422840
v 0.603691 1.313128 0.600000
v 0.603691 1.313128 0.422840
v 0.603691 1.313128 0.177160
v 0.603691 1.313128 -0.000000
v 0.603691 1.082916 0.177160
v 0.603691 1.543339 0.177160
v 0.603691 1.543339 0.422840
v 0.603691 1.042588 0.600000
v 0.603691 1.638606 0.600000
v 0.603691 1.638606 0.000000
v 0.603691 1.733872 0.177160
v 0.603691 1.733872 0.422840
v 0.603691 1.964084 0.000000
v 0.603691 1.638606 0.000000
v 0.603691 1.733872 0.177160
v 0.603691 1.964084 0.177160
v 0.603691 2.194295 0.422840
v 0.603691 1.964084 0.558708
v 0.603691 2.245226 0.600000
v 0.603691 2.289562 0.000000
v 0.603691 2.194295 0.177160
v 0.603691 1.964084 0.000000
v 0.603691 1.964084 0.177160
v 0.562399 1.964084 0.600000
v 0.603691 1.922792 0.600000
v 0.426531 1.964084 0.600000
v 0.426531 1.733872 0.600000
v -0.173469 2.384828 0.600000
v -0.596309 2.289562 0.600000
v -0.419149 2.384828 0.600000
v -0.173469 2.615040 0.600000
v 0.003691 2.615040 0.600000
v -0.173469 2.845251 0.600000
v -0.419149 2.845251 0.600000
v 0.003691 3.237838 0.600000
v -0.596309 3.237838 0.600000
v -0.596309 2.528664 0.600000
v -0.596309 1.313128 0.600000
v -0.419149 1.313128 0.600000
v -0.173469 1.313128 0.600000
v 0.003691 1.313128 0.600000
v -0.173469 1.543339 0.600000
v -0.596309 1.042588 0.600000
v -0.419149 1.543339 0.600000
v -0.596309 1.638606 0.600000
v -0.419149 1.733872 0.600000
v -0.596309 1.964084 0.600000
v -0.419149 1.964084 0.600000
v 0.003691 1.638606 0.600000
v -0.173469 1.964084 0.600000
v 0.003691 1.964084 0.600000
v -0.173469 1.733872 0.600000
v -0.173469 2.194295 0.600000
v 0.003691 2.289562 0.600000
v -0.419149 2.194295 0.600000
v 0.603691 1.733872 -0.422840
v 0.603691 1.733872 -0.177160
v 0.603691 1.964084 -0.600000
v 0.603691 1.638606 -0.600000
v 0.603691 2.194295 -0.422840
v 0.603691 2.289562 -0.600000
v 0.603691 1.964084 -0.422840
v 0.603691 2.194295 -0.177160
v 0.603691 1.964084 -0.177160
v 0.603691 1.082916 -0.177160
v 0.603691 1.313128 -0.177160
v 0.603691 1.042588 -0.000000
v 0.603691 1.042588 -0.600000
v 0.603691 1.082916 -0.422840
v 0.603691 1.313128 -0.600000
v 0.603691 1.543339 -0.422840
v 0.603691 1.313128 -0.422840
v 0.603691 1.543339 -0.177160
v 0.603691 1.638606 0.600000
v 0.180851 1.733872 0.600000
v 0.180851 1.964084 0.600000
v 0.603691 1.964084 0.422840
v 0.603691 1.922792 0.600000
v 0.180851 2.194295 0.600000
v 0.180851 1.313128 0.600000
v 0.003691 1.042588 0.600000
v 0.603691 1.042588 0.600000
v 0.603691 1.313128 0.600000
v 0.426531 1.543339 0.600000
v 0.426531 1.313128 0.600000
v 0.180851 1.543339 0.600000
v 0.180851 2.384828 0.600000
v 0.180851 2.615040 0.600000
v 0.426531 2.384829 0.600000
v 0.603691 2.615040 0.600000
v 0.426531 2.845251 0.600000
v 0.603691 3.237838 0.600000
v 0.426531 2.615040 0.600000
v 0.180851 2.845251 0.600000
v 0.603691 2.384829 -0.177160
v 0.603691 2.615040 -0.177160
v 0.603691 2.384829 -0.422840
v 0.603691 2.615040 -0.600000
v 0.603691 2.845251 -0.422840
v 0.603691 3.237838 -0.600000
v 0.603691 2.615040 -0.422840
v 0.603691 2.845251 -0.177160
v 0.603691 2.615040 0.422840
v 0.561349 2.845251 0.422840
v 0.603691 2.845251 0.422840
v 0.603691 1.082916 0.177160
v 0.603691 1.082916 0.422840
v 0.561349 1.082916 0.422840
v 0.561349 1.082916 0.177160
v 0.603691 2.194295 0.422840
v 0.603691 2.194295 0.177160
v 0.561349 2.194295 0.177160
v 0.561349 2.194295 0.422840
v 0.180851 1.082916 0.557078
v 0.426531 1.082916 0.600000
v 0.180851 1.082916 0.600000
v 0.426531 1.082916 0.557078
v 0.180851 2.845251 0.600000
v 0.426531 2.845251 0.557078
v 0.180851 2.845251 0.557078
v 0.426531 2.845251 0.600000
v 0.180851 1.733872 0.557078
v 0.426531 1.733872 0.557078
v 0.426531 1.733872 0.600000
v 0.180851 1.733872 0.600000
v 0.603691 2.615040 -0.177160
v 0.561349 2.845251 -0.177160
v 0.603691 2.845251 -0.177160
v 0.603691 2.384829 0.177160
v 0.603691 2.384829 0.422840
v 0.561349 2.384829 0.422840
v 0.561349 2.384829 0.177160
v 0.180851 1.543339 0.600000
v 0.426531 1.543339 0.557078
v 0.180851 1.543339 0.557078
v 0.426531 1.543339 0.600000
v 0.426531 2.384829 0.600000
v 0.426531 2.384829 0.557078
v 0.426531 2.845251 0.557078
v -0.419149 1.964084 0.600000
v -0.419149 2.194295 0.557078
v -0.419149 2.194295 0.600000
v 0.603691 1.543339 0.422840
v 0.603691 1.543339 0.177160
v 0.561349 1.543339 0.177160
v 0.561349 1.543339 0.422840
v 0.603691 0.046232 -0.600000
v -0.596309 0.781068 -0.600000
v -0.596309 0.046232 -0.600000
v -0.596309 0.781068 -0.600000
v -0.596309 0.815177 0.600000
v -0.596309 0.180937 0.600000
v -0.596309 0.046232 -0.600000
v -0.596309 0.046232 0.600000
v -0.596309 0.815177 0.600000
v -0.294156 0.723753 0.600000
v -0.559330 0.723753 0.600000
v -0.257178 0.815177 0.600000
v -0.257178 0.046232 0.600000
v -0.596309 0.046232 0.600000
v -0.559330 0.083210 0.600000
v -0.294156 0.083210 0.600000
v 0.630559 0.843522 0.626867
v 0.617332 0.856751 0.627102
v 0.621204 0.856751 0.617513
v 0.621204 0.856751 0.617513
v 0.615509 0.856751 0.611818
v 0.630794 0.856751 0.613640
v 0.641688 0.856751 -0.000039
v 0.620404 0.856751 -0.000124
v 0.621204 0.856751 0.617513
v 0.630794 0.856751 0.613640
v 0.630559 0.843522 0.626867
v -0.484437 0.102600 0.667395
v -0.486038 0.082974 0.687007
v -0.505037 0.102600 0.687007
v -0.294685 0.102600 0.687007
v -0.476971 0.102600 0.515314
v -0.245609 0.102600 0.515314
v -0.465764 0.102600 0.687007
v -0.484437 0.102600 0.667395
v -0.465764 0.102600 0.687007
v -0.486038 0.082974 0.687007
v -0.484437 0.102600 0.667395
v -0.486947 0.054983 0.687007
v -0.465764 0.102600 0.687007
v -0.294685 0.055734 0.687007
v -0.294685 0.102600 0.687007
v -0.486038 0.082974 0.687007
v -0.596309 0.180937 0.600000
v -0.559330 0.083210 0.600000
v -0.596309 0.046232 0.600000
v -0.559330 0.723753 0.600000
v -0.559330 0.163135 0.600000
v -0.596309 0.815177 0.616713
v -0.596354 0.856751 0.631763
v -0.596354 0.815177 0.631762
v -0.596309 0.856751 0.616713
v -0.596309 0.856751 0.616713
v -0.596309 0.815177 0.616713
v 0.641688 0.856751 -0.000039
v 0.620404 0.856751 -0.600000
v 0.635454 0.856751 -0.601058
v 0.620404 0.856751 -0.000124
v 0.003652 0.815177 0.637997
v 0.615509 0.815177 0.611818
v 0.003567 0.815177 0.616713
v 0.630559 0.815177 0.626867
v -0.596354 0.856751 0.631763
v 0.003567 0.856751 0.616713
v 0.003652 0.856751 0.637997
v -0.596309 0.856751 0.616713
v 0.630559 0.815177 0.626867
v 0.617332 0.856751 0.627102
v 0.630559 0.843522 0.626867
v 0.003652 0.815177 0.637997
v 0.003652 0.856751 0.637997
v 0.620404 0.815178 -0.600000
v 0.641688 0.815177 -0.000039
v 0.635454 0.815178 -0.601058
v 0.641688 0.815177 -0.000039
v 0.630794 0.856751 0.613640
v 0.641688 0.856751 -0.000039
v 0.630559 0.815177 0.626867
v 0.630559 0.843522 0.626867
v 0.641688 0.815177 -0.000039
v 0.635454 0.856751 -0.601058
v 0.635454 0.815178 -0.601058
v 0.641688 0.856751 -0.000039
v -0.596354 0.815177 0.631762
v 0.003652 0.856751 0.637997
v 0.003652 0.815177 0.637997
v -0.596354 0.856751 0.631763
v 0.003652 0.856751 0.637997
v 0.615509 0.856751 0.611818
v 0.617332 0.856751 0.627102
v 0.003567 0.856751 0.616713
v 0.621204 0.856751 0.617513
v 0.620404 0.856751 -0.600000
v 0.620404 0.815178 -0.600000
v 0.635454 0.815178 -0.601058
v 0.635454 0.856751 -0.601058
v 0.620404 0.815177 -0.000124
v 0.615509 0.815177 0.611818
v 0.630559 0.815177 0.626867
v -0.596354 0.815177 0.631762
v 0.003567 0.815177 0.616713
v -0.596309 0.815177 0.616713
v 0.003652 0.815177 0.637997
v 0.620404 0.856751 -0.600000
v 0.620404 1.042588 -0.600000
v 0.603691 1.042588 -0.600000
v 0.603691 0.815178 -0.600000
v 0.620404 0.815178 -0.600000
v -0.257178 -0.001986 0.611745
v 0.611996 -0.001986 0.608305
v 0.603691 -0.001986 0.600000
v -0.257178 -0.001986 0.600000
v 0.603691 0.046232 0.600000
v 0.611996 0.036302 -0.608305
v 0.611996 0.036302 0.608305
v 0.603691 0.046232 -0.600000
v 0.603691 0.046232 -0.600000
v -0.604614 0.036302 -0.608305
v 0.611996 0.036302 -0.608305
v -0.596309 0.046232 -0.600000
v -0.596309 0.046232 0.600000
v -0.257178 0.036302 0.611745
v -0.604614 0.036302 0.608305
v -0.257178 0.046232 0.600000
v -0.604614 0.036302 0.608305
v -0.257178 -0.001986 0.611745
v -0.604614 -0.001986 0.608305
v -0.257178 0.036302 0.611745
v 0.611996 0.036302 0.608305
v 0.611996 -0.001985 -0.608305
v 0.611996 -0.001986 0.608305
v 0.611996 0.036302 -0.608305
v 0.611996 0.036302 -0.608305
v -0.604614 -0.001985 -0.608305
v 0.611996 -0.001985 -0.608305
v -0.604614 0.036302 -0.608305
v -0.257178 0.036302 0.611745
v 0.611996 -0.001986 0.608305
v -0.257178 -0.001986 0.611745
v 0.611996 0.036302 0.608305
v -0.604614 0.036302 -0.608305
v -0.604614 -0.001986 0.608305
v -0.604614 -0.001985 -0.608305
v -0.604614 0.036302 0.608305
v -0.537932 -0.001214 0.687007
v -0.517568 0.054783 0.731479
v -0.517568 -0.001214 0.731479
v -0.537932 0.054783 0.687007
v -0.294685 0.055734 0.687007
v -0.294685 -0.001214 0.687007
v -0.315049 -0.001214 0.731479
v -0.315049 0.055734 0.731479
v -0.517568 0.054783 0.731479
v -0.537932 0.054783 0.687007
v -0.486947 0.054983 0.687007
v -0.315049 0.055734 0.731479
v -0.294685 0.055734 0.687007
v -0.537932 0.102600 0.687007
v -0.484437 0.102600 0.667395
v -0.505037 0.102600 0.687007
v -0.587009 0.102600 0.515314
v -0.476971 0.102600 0.515314
v -0.315049 -0.001214 0.731479
v -0.517568 0.054783 0.731479
v -0.315049 0.055734 0.731479
v -0.517568 -0.001214 0.731479
v 0.611996 -0.001986 0.608305
v 0.603691 -0.001985 -0.600000
v 0.603691 -0.001986 0.600000
v 0.611996 -0.001985 -0.608305
v -0.257178 0.036302 0.611745
v 0.603691 0.046232 0.600000
v 0.611996 0.036302 0.608305
v -0.257178 0.046232 0.600000
v -0.596309 -0.001986 0.600000
v -0.257178 -0.001986 0.611745
v -0.257178 -0.001986 0.600000
v -0.604614 -0.001986 0.608305
v -0.604614 -0.001985 -0.608305
v -0.596309 -0.001986 0.600000
v -0.596309 -0.001985 -0.600000
v -0.604614 -0.001986 0.608305
v -0.257178 -0.001986 0.600000
v -0.486038 0.082974 0.687007
v -0.537932 0.054783 0.687007
v -0.505037 0.102600 0.687007
v -0.486947 0.054983 0.687007
v -0.537932 0.102600 0.687007
v -0.245609 -0.001214 0.515314
v -0.537932 -0.001214 0.687007
v -0.294685 -0.001214 0.687007
v -0.587009 -0.001214 0.515314
v -0.517568 -0.001214 0.731479
v -0.315049 -0.001214 0.731479
v -0.587009 -0.001214 0.515314
v -0.537932 0.054783 0.687007
v -0.537932 -0.001214 0.687007
v -0.587009 0.102600 0.515314
v -0.537932 0.102600 0.687007
v -0.245609 -0.001214 0.515314
v -0.294685 0.055734 0.687007
v -0.245609 0.102600 0.515314
v -0.294685 -0.001214 0.687007
v -0.294685 0.102600 0.687007
v -0.544482 0.098058 0.600000
v -0.544482 0.158331 0.596942
v -0.544482 0.098058 0.569083
v -0.544482 0.707472 0.600000
v -0.544482 0.155987 0.600000
v -0.544482 0.707472 0.569083
v -0.294156 0.723753 0.600000
v -0.257178 0.046232 0.600000
v -0.294156 0.083210 0.600000
v -0.596309 0.815177 0.600000
v 0.593500 0.804069 0.522446
v 0.603691 0.807856 -0.000000
v 0.593500 0.804070 -0.000000
v -0.182275 0.803123 0.589809
v 0.534433 0.807856 0.600000
v 0.528788 0.803123 0.589809
v -0.187920 0.807856 0.600000
v 0.603691 0.202178 -0.530742
v 0.603691 0.202178 0.530741
v 0.593500 0.207858 0.522446
v 0.593500 0.207858 -0.522446
v 0.534433 0.202178 0.600000
v -0.182275 0.206911 0.589809
v 0.528788 0.206911 0.589809
v -0.187920 0.202178 0.600000
v 0.603691 0.807856 -0.530742
v 0.603691 0.202178 -0.530742
v 0.593500 0.207858 -0.522446
v 0.593500 0.804070 -0.522446
v 0.593500 0.207858 0.522446
v 0.603691 0.807856 0.530741
v 0.593500 0.804069 0.522446
v 0.603691 0.202178 0.530741
v -0.187920 0.202178 0.600000
v -0.182275 0.803123 0.589809
v -0.182275 0.206911 0.589809
v -0.187920 0.807856 0.600000
v 0.603691 0.046232 0.600000
v -0.257178 0.046232 0.600000
v -0.187920 0.202178 0.600000
v 0.534433 0.202178 0.600000
v 0.603691 0.815177 0.600000
v 0.603691 0.046232 0.600000
v 0.534433 0.202178 0.600000
v 0.534433 0.807856 0.600000
v -0.187920 0.807856 0.600000
v 0.603691 0.815177 0.600000
v 0.534433 0.807856 0.600000
v -0.257178 0.815177 0.600000
v -0.257178 0.815177 0.600000
v -0.187920 0.202178 0.600000
v -0.187920 0.807856 0.600000
v 0.603691 0.046232 -0.600000
v 0.603691 0.202178 0.530741
v 0.603691 0.202178 -0.530742
v 0.603691 0.046232 0.600000
v 0.603691 0.807856 -0.530742
v 0.603691 0.815178 -0.600000
v 0.603691 0.815177 -0.000000
v 0.603691 0.807856 -0.000000
v 0.603691 0.807856 0.530741
v 0.603691 0.815177 0.600000
v -0.596309 0.046232 -0.600000
v -0.596309 0.046232 0.600000
v -0.604614 0.036302 0.608305
v -0.604614 0.036302 -0.608305
v -0.596309 0.815177 0.616713
v -0.257178 0.815177 0.600000
v -0.596309 0.815177 0.600000
v 0.003567 0.815177 0.616713
v 0.620404 1.042588 -0.000124
v 0.615509 1.042588 0.611818
v 0.603691 1.042588 0.600000
v 0.603691 1.042588 -0.000000
v 0.603691 0.815177 0.600000
v 0.603691 0.815177 -0.000000
v -0.596309 0.856751 0.600000
v -0.596309 1.042588 0.616713
v -0.596309 1.042588 0.600000
v 0.603691 0.815178 -0.600000
v 0.620404 0.815177 -0.000124
v 0.620404 0.815178 -0.600000
v 0.603691 0.815177 -0.000000
v 0.615509 0.856751 0.611818
v 0.620404 1.042588 -0.000124
v 0.620404 0.856751 -0.000124
v 0.615509 1.042588 0.611818
v -0.596309 0.856751 0.616713
v 0.003567 1.042588 0.616713
v 0.003567 0.856751 0.616713
v -0.596309 1.042588 0.616713
v 0.620404 0.856751 -0.000124
v 0.620404 1.042588 -0.600000
v 0.620404 0.856751 -0.600000
v 0.620404 1.042588 -0.000124
v 0.003567 0.856751 0.616713
v 0.615509 1.042588 0.611818
v 0.615509 0.856751 0.611818
v 0.003567 1.042588 0.616713
v 0.534433 0.202178 0.600000
v 0.528788 0.803123 0.589809
v 0.534433 0.807856 0.600000
v 0.528788 0.206911 0.589809
v 0.603691 0.856751 -0.600000
v 0.620404 1.042588 -0.000124
v 0.603691 1.042588 -0.600000
v 0.620404 1.042588 -0.600000
v 0.603691 1.042588 -0.000000
v 0.603691 0.807856 0.530741
v 0.603691 0.807856 -0.530742
v 0.593500 0.804070 -0.522446
v 0.615509 0.815177 0.611818
v 0.603691 0.815177 0.600000
v -0.257178 0.815177 0.600000
v 0.003567 1.042588 0.616713
v 0.603691 1.042588 0.600000
v 0.615509 1.042588 0.611818
v 0.003691 1.042588 0.600000
v -0.596309 1.042588 0.600000
v 0.003567 1.042588 0.616713
v -0.596309 1.042588 0.616713
v 0.003691 1.042588 0.600000
v 0.549231 1.517709 0.202790
v 0.549231 1.323288 0.202790
v 0.541684 1.323288 0.202790
v 0.541684 1.517709 0.202790
v -0.394859 1.107206 0.540461
v -0.394859 1.302967 0.532913
v -0.394859 1.107206 0.532913
v -0.394859 1.302967 0.540461
v 0.205141 1.953923 0.540461
v 0.402242 1.953923 0.540461
v 0.402242 1.953923 0.532913
v 0.205141 1.953923 0.532913
v 0.205141 1.974244 0.541359
v 0.402242 1.974244 0.548907
v 0.205141 1.974244 0.548907
v 0.402242 1.974244 0.541359
v 0.549231 1.517709 -0.397210
v 0.549231 1.323288 -0.397210
v 0.541684 1.323288 -0.397210
v 0.541684 1.517709 -0.397210
v -0.197758 1.953923 0.540461
v -0.197758 1.758162 0.540461
v -0.197758 1.758162 0.532913
v -0.197758 1.953923 0.532913
v -0.394859 1.953923 0.540461
v -0.197758 1.953923 0.532913
v -0.394859 1.953923 0.532913
v -0.197758 1.953923 0.540461
v -0.394859 1.974244 0.541359
v -0.197758 1.974244 0.541359
v -0.197758 1.974244 0.548907
v -0.394859 1.974244 0.548907
v 0.549231 1.323288 -0.202790
v 0.541684 1.517709 -0.202790
v 0.541684 1.323288 -0.202790
v 0.549231 1.517709 -0.202790
v -0.394859 1.758162 0.532913
v -0.197758 1.758162 0.532913
v -0.197758 1.758162 0.540461
v -0.394859 1.758162 0.540461
v 0.537556 1.953923 -0.202790
v 0.537556 1.953923 -0.397210
v 0.530008 1.953923 -0.397210
v 0.530008 1.953923 -0.202790
v -0.197758 2.170006 0.548907
v -0.197758 1.974244 0.548907
v -0.197758 1.974244 0.541359
v -0.197758 2.170006 0.541359
v 0.549231 1.974244 -0.397210
v 0.549231 1.974244 -0.202790
v 0.541684 1.974244 -0.202790
v 0.541684 1.974244 -0.397210
v -0.394859 1.758162 0.540461
v -0.394859 1.953923 0.532913
v -0.394859 1.758162 0.532913
v -0.394859 1.953923 0.540461
v 0.537556 1.953923 0.397210
v 0.537556 1.953923 0.202790
v 0.530008 1.953923 0.202790
v 0.530008 1.953923 0.397210
v -0.394859 1.974244 0.548907
v -0.394859 2.170006 0.541359
v -0.394859 1.974244 0.541359
v -0.394859 2.170006 0.548907
v 0.549231 1.974244 0.202790
v 0.549231 1.974244 0.397210
v 0.541684 1.974244 0.397210
v 0.541684 1.974244 0.202790
v 0.205141 1.758162 0.532913
v 0.402242 1.758162 0.540461
v 0.205141 1.758162 0.540461
v 0.402242 1.758162 0.532913
v 0.537556 1.759502 0.397210
v 0.530008 1.953923 0.397210
v 0.530008 1.759502 0.397210
v 0.537556 1.953923 0.397210
v 0.205141 1.974244 0.548907
v 0.205141 2.170006 0.541359
v 0.205141 1.974244 0.541359
v 0.205141 2.170006 0.548907
v 0.549231 2.168665 0.202790
v 0.549231 1.974244 0.202790
v 0.541684 1.974244 0.202790
v 0.541684 2.168665 0.202790
v 0.205141 1.758162 0.540461
v 0.205141 1.953923 0.532913
v 0.205141 1.758162 0.532913
v 0.205141 1.953923 0.540461
v 0.402242 1.953923 0.540461
v 0.402242 1.758162 0.540461
v 0.402242 1.758162 0.532913
v 0.402242 1.953923 0.532913
v -0.394859 2.820962 0.548907
v -0.197758 2.820962 0.541359
v -0.394859 2.820962 0.541359
v -0.197758 2.820962 0.548907
v 0.549231 2.168665 -0.397210
v 0.549231 1.974244 -0.397210
v 0.541684 1.974244 -0.397210
v 0.541684 2.168665 -0.397210
v 0.205141 1.107206 0.532913
v 0.402242 1.107206 0.540461
v 0.205141 1.107206 0.540461
v 0.402242 1.107206 0.532913
v 0.537556 2.604879 0.202790
v 0.537556 2.410458 0.202790
v 0.530008 2.410458 0.202790
v 0.530008 2.604879 0.202790
v -0.394859 1.519050 0.548907
v -0.197758 1.519050 0.541359
v -0.394859 1.519050 0.541359
v -0.197758 1.519050 0.548907
v 0.549231 1.974244 -0.202790
v 0.541684 2.168665 -0.202790
v 0.541684 1.974244 -0.202790
v 0.549231 2.168665 -0.202790
v 0.205141 1.107206 0.540461
v 0.205141 1.302967 0.532913
v 0.205141 1.107206 0.532913
v 0.205141 1.302967 0.540461
v 0.537556 2.410458 0.202790
v 0.537556 2.410458 0.397210
v 0.530008 2.410458 0.397210
v 0.530008 2.410458 0.202790
v -0.394859 2.170006 0.548907
v -0.197758 2.170006 0.541359
v -0.394859 2.170006 0.541359
v -0.197758 2.170006 0.548907
v 0.549231 2.819622 0.397210
v 0.549231 2.819622 0.202790
v 0.541684 2.819622 0.202790
v 0.541684 2.819622 0.397210
v 0.205141 2.409118 0.532913
v 0.402242 2.409118 0.540461
v 0.205141 2.409118 0.540461
v 0.402242 2.409118 0.532913
v 0.537556 1.302967 0.202790
v 0.537556 1.108546 0.202790
v 0.530008 1.108546 0.202790
v 0.530008 1.302967 0.202790
v 0.402242 2.170006 0.548907
v 0.402242 1.974244 0.548907
v 0.402242 1.974244 0.541359
v 0.402242 2.170006 0.541359
v 0.549231 2.625200 0.397210
v 0.541684 2.819622 0.397210
v 0.541684 2.625200 0.397210
v 0.549231 2.819622 0.397210
v 0.205141 2.409118 0.540461
v 0.205141 2.604879 0.532913
v 0.205141 2.409118 0.532913
v 0.205141 2.604879 0.540461
v 0.537556 1.108546 0.202790
v 0.537556 1.108546 0.397210
v 0.530008 1.108546 0.397210
v 0.530008 1.108546 0.202790
v 0.205141 2.170006 0.548907
v 0.402242 2.170006 0.541359
v 0.205141 2.170006 0.541359
v 0.402242 2.170006 0.548907
v 0.549231 1.517709 0.397210
v 0.549231 1.517709 0.202790
v 0.541684 1.517709 0.202790
v 0.541684 1.517709 0.397210
v 0.537556 1.953923 0.202790
v 0.537556 1.759502 0.202790
v 0.530008 1.759502 0.202790
v 0.530008 1.953923 0.202790
v 0.402242 1.519050 0.548907
v 0.402242 1.323288 0.548907
v 0.402242 1.323288 0.541359
v 0.402242 1.519050 0.541359
v 0.549231 1.323288 0.397210
v 0.541684 1.517709 0.397210
v 0.541684 1.323288 0.397210
v 0.549231 1.517709 0.397210
v 0.537556 1.759502 0.202790
v 0.537556 1.759502 0.397210
v 0.530008 1.759502 0.397210
v 0.530008 1.759502 0.202790
v 0.205141 1.519050 0.548907
v 0.402242 1.519050 0.541359
v 0.205141 1.519050 0.541359
v 0.402242 1.519050 0.548907
v 0.549231 2.168665 0.397210
v 0.549231 2.168665 0.202790
v 0.541684 2.168665 0.202790
v 0.541684 2.168665 0.397210
v 0.537556 1.953923 -0.397210
v 0.537556 1.759502 -0.397210
v 0.530008 1.759502 -0.397210
v 0.530008 1.953923 -0.397210
v 0.402242 2.820962 0.548907
v 0.402242 2.625200 0.548907
v 0.402242 2.625200 0.541359
v 0.402242 2.820962 0.541359
v 0.549231 1.974244 0.397210
v 0.541684 2.168665 0.397210
v 0.541684 1.974244 0.397210
v 0.549231 2.168665 0.397210
v 0.537556 1.759502 -0.397210
v 0.537556 1.759502 -0.202790
v 0.530008 1.759502 -0.202790
v 0.530008 1.759502 -0.397210
v 0.205141 2.820962 0.548907
v 0.402242 2.820962 0.541359
v 0.205141 2.820962 0.541359
v 0.402242 2.820962 0.548907
v 0.549231 2.168665 -0.202790
v 0.549231 2.168665 -0.397210
v 0.541684 2.168665 -0.397210
v 0.541684 2.168665 -0.202790
v 0.537556 1.759502 -0.202790
v 0.530008 1.953923 -0.202790
v 0.530008 1.759502 -0.202790
v 0.537556 1.953923 -0.202790
v 0.205141 2.604879 0.540461
v 0.402242 2.604879 0.532913
v 0.205141 2.604879 0.532913
v 0.402242 2.604879 0.540461
v 0.549231 1.517709 -0.202790
v 0.549231 1.517709 -0.397210
v 0.541684 1.517709 -0.397210
v 0.541684 1.517709 -0.202790
v 0.537556 1.302967 -0.397210
v 0.537556 1.108546 -0.397210
v 0.530008 1.108546 -0.397210
v 0.530008 1.302967 -0.397210
v -0.394859 2.604879 0.540461
v -0.197758 2.604879 0.532913
v -0.394859 2.604879 0.532913
v -0.197758 2.604879 0.540461
v 0.549231 2.819622 -0.202790
v 0.549231 2.819622 -0.397210
v 0.541684 2.819622 -0.397210
v 0.541684 2.819622 -0.202790
v 0.537556 1.108546 -0.397210
v 0.537556 1.108546 -0.202790
v 0.530008 1.108546 -0.202790
v 0.530008 1.108546 -0.397210
v 0.537556 2.604879 -0.202790
v 0.537556 2.604879 -0.397210
v 0.530008 2.604879 -0.397210
v 0.530008 2.604879 -0.202790
v 0.205141 2.625200 0.541359
v 0.402242 2.625200 0.548907
v 0.205141 2.625200 0.548907
v 0.402242 2.625200 0.541359
v 0.537556 1.108546 -0.202790
v 0.530008 1.302967 -0.202790
v 0.530008 1.108546 -0.202790
v 0.537556 1.302967 -0.202790
v 0.537556 2.604879 0.397210
v 0.537556 2.604879 0.202790
v 0.530008 2.604879 0.202790
v 0.530008 2.604879 0.397210
v -0.394859 2.625200 0.541359
v -0.197758 2.625200 0.548907
v -0.394859 2.625200 0.548907
v -0.197758 2.625200 0.541359
v 0.537556 2.604879 -0.397210
v 0.537556 2.410458 -0.397210
v 0.530008 2.410458 -0.397210
v 0.530008 2.604879 -0.397210
v 0.537556 2.410458 0.397210
v 0.530008 2.604879 0.397210
v 0.530008 2.410458 0.397210
v 0.537556 2.604879 0.397210
v -0.197758 2.820962 0.548907
v -0.197758 2.625200 0.548907
v -0.197758 2.625200 0.541359
v -0.197758 2.820962 0.541359
v 0.549231 2.625200 -0.397210
v 0.549231 2.625200 -0.202790
v 0.541684 2.625200 -0.202790
v 0.541684 2.625200 -0.397210
v 0.537556 2.410458 -0.397210
v 0.537556 2.410458 -0.202790
v 0.530008 2.410458 -0.202790
v 0.530008 2.410458 -0.397210
v 0.402242 2.604879 0.540461
v 0.402242 2.409118 0.540461
v 0.402242 2.409118 0.532913
v 0.402242 2.604879 0.532913
v -0.394859 2.625200 0.548907
v -0.394859 2.820962 0.541359
v -0.394859 2.625200 0.541359
v -0.394859 2.820962 0.548907
v 0.549231 2.615040 0.192629
v 0.549231 2.625200 0.397210
v 0.549231 2.625200 0.202790
v 0.549231 2.615040 -0.407371
v 0.549231 2.625200 -0.202790
v 0.549231 2.625200 -0.397210
v 0.549231 2.615040 -0.192629
v 0.549231 2.829782 -0.192629
v 0.549231 2.819622 -0.202790
v 0.549231 1.313128 -0.192629
v 0.549231 1.323288 -0.397210
v 0.549231 1.313128 -0.407371
v 0.549231 1.323288 -0.202790
v 0.549231 1.313128 0.407371
v 0.549231 1.323288 0.202790
v 0.549231 1.313128 0.192629
v 0.549231 1.323288 0.397210
v 0.549231 1.527870 0.192629
v 0.549231 1.323288 0.202790
v 0.549231 1.517709 0.202790
v 0.549231 1.313128 0.192629
v 0.549231 1.527870 -0.407371
v 0.549231 1.323288 -0.397210
v 0.549231 1.517709 -0.397210
v 0.549231 1.313128 -0.407371
v 0.549231 1.323288 -0.202790
v 0.549231 1.527870 -0.192629
v 0.549231 1.517709 -0.202790
v 0.549231 1.313128 -0.192629
v 0.549231 1.964084 -0.192629
v 0.549231 1.974244 -0.397210
v 0.549231 1.964084 -0.407371
v 0.549231 1.974244 -0.202790
v 0.549231 1.964084 0.407371
v 0.549231 1.974244 0.202790
v 0.549231 1.964084 0.192629
v 0.549231 1.974244 0.397210
v 0.549231 2.178826 -0.407371
v 0.549231 1.964084 -0.407371
v 0.549231 1.974244 -0.397210
v 0.549231 2.168665 -0.397210
v 0.549231 1.964084 -0.192629
v 0.549231 2.178826 -0.192629
v 0.549231 2.168665 -0.202790
v 0.549231 1.974244 -0.202790
v 0.549231 2.829782 0.192629
v 0.549231 2.819622 0.202790
v 0.549231 2.615040 0.407371
v 0.549231 2.829782 0.407371
v 0.549231 2.819622 0.397210
v 0.549231 1.517709 0.397210
v 0.549231 1.527870 0.192629
v 0.549231 1.517709 0.202790
v 0.549231 1.527870 0.407371
v 0.549231 1.323288 0.397210
v 0.549231 1.527870 0.407371
v 0.549231 1.517709 0.397210
v 0.549231 1.313128 0.407371
v 0.549231 2.178826 0.192629
v 0.549231 1.964084 0.192629
v 0.549231 1.974244 0.202790
v 0.549231 2.168665 0.202790
v 0.549231 2.178826 0.407371
v 0.549231 2.168665 0.397210
v 0.549231 1.964084 0.407371
v 0.549231 1.974244 0.397210
v 0.549231 2.168665 -0.202790
v 0.549231 2.178826 -0.407371
v 0.549231 2.168665 -0.397210
v 0.549231 2.178826 -0.192629
v 0.549231 1.517709 -0.202790
v 0.549231 1.527870 -0.407371
v 0.549231 1.517709 -0.397210
v 0.549231 1.527870 -0.192629
v 0.549231 2.829782 -0.407371
v 0.549231 2.819622 -0.397210
v -0.394859 2.625200 0.548907
v -0.197758 2.625200 0.548907
v -0.187597 2.615040 0.548907
v -0.405020 2.615040 0.548907
v -0.394859 2.820962 0.548907
v -0.405020 2.831122 0.548907
v 0.205141 2.625200 0.548907
v 0.412403 2.615040 0.548907
v 0.194980 2.615040 0.548907
v 0.402242 2.625200 0.548907
v 0.194980 2.831122 0.548907
v 0.205141 2.820962 0.548907
v -0.394859 1.323288 0.548907
v -0.405020 1.529210 0.548907
v -0.394859 1.519050 0.548907
v -0.197758 1.323288 0.548907
v -0.187597 1.313128 0.548907
v -0.405020 1.313128 0.548907
v 0.205141 1.323288 0.548907
v 0.194980 1.529210 0.548907
v 0.205141 1.519050 0.548907
v 0.402242 1.323288 0.548907
v 0.412403 1.313128 0.548907
v 0.194980 1.313128 0.548907
v -0.394859 1.974244 0.548907
v -0.197758 1.974244 0.548907
v -0.187597 1.964084 0.548907
v -0.405020 1.964084 0.548907
v -0.394859 2.170006 0.548907
v -0.405020 2.180166 0.548907
v 0.205141 1.974244 0.548907
v 0.412403 1.964084 0.548907
v 0.194980 1.964084 0.548907
v 0.194980 2.180166 0.548907
v 0.205141 2.170006 0.548907
v -0.187597 2.831122 0.548907
v -0.197758 2.820962 0.548907
v -0.187597 1.529210 0.548907
v -0.197758 1.519050 0.548907
v -0.187597 2.180166 0.548907
v -0.197758 2.170006 0.548907
v 0.402242 1.974244 0.548907
v 0.412403 2.180166 0.548907
v 0.402242 2.170006 0.548907
v 0.412403 1.529211 0.548907
v 0.402242 1.519050 0.548907
v 0.412403 2.831122 0.548907
v 0.402242 2.820962 0.548907
v 0.537556 2.615040 -0.192629
v 0.537556 2.604879 -0.397210
v 0.537556 2.604879 -0.202790
v 0.537556 2.615040 -0.407371
v 0.537556 2.615040 0.407371
v 0.537556 2.615040 0.192629
v 0.537556 2.604879 0.202790
v 0.537556 2.604879 0.397210
v 0.537556 2.400298 0.407371
v 0.537556 2.615040 0.407371
v 0.537556 2.604879 0.397210
v 0.537556 2.410458 0.397210
v 0.412403 2.615040 0.540461
v 0.412403 2.398957 0.540461
v 0.402242 2.409118 0.540461
v 0.402242 2.604879 0.540461
v 0.537556 1.302967 -0.202790
v 0.537556 1.313128 -0.407371
v 0.537556 1.302967 -0.397210
v 0.537556 1.313128 -0.192629
v 0.537556 1.302967 0.397210
v 0.537556 1.313128 0.192629
v 0.537556 1.302967 0.202790
v 0.537556 1.313128 0.407371
v 0.537556 1.098386 0.407371
v 0.537556 1.313128 0.407371
v 0.537556 1.302967 0.397210
v 0.537556 1.108546 0.397210
v 0.412403 1.313128 0.540461
v 0.402242 1.107206 0.540461
v 0.402242 1.302967 0.540461
v 0.412403 1.097045 0.540461
v 0.537556 1.953923 -0.202790
v 0.537556 1.964084 -0.407371
v 0.537556 1.953923 -0.397210
v 0.537556 1.964084 -0.192629
v 0.537556 1.953923 0.397210
v 0.537556 1.964084 0.192629
v 0.537556 1.953923 0.202790
v 0.537556 1.964084 0.407371
v 0.537556 1.749342 0.407371
v 0.537556 1.953923 0.397210
v 0.537556 1.759502 0.397210
v 0.537556 1.964084 0.407371
v 0.412403 1.964084 0.540461
v 0.402242 1.758162 0.540461
v 0.402242 1.953923 0.540461
v 0.412403 1.748001 0.540461
v 0.537556 2.615040 0.192629
v 0.537556 2.400298 0.192629
v 0.537556 2.410458 0.202790
v 0.537556 2.604879 0.202790
v 0.537556 2.400298 0.407371
v 0.537556 2.410458 0.202790
v 0.537556 2.400298 0.192629
v 0.537556 2.410458 0.397210
v 0.537556 1.313128 0.192629
v 0.537556 1.098386 0.192629
v 0.537556 1.108546 0.202790
v 0.537556 1.302967 0.202790
v 0.537556 1.108546 0.397210
v 0.537556 1.098386 0.192629
v 0.537556 1.098386 0.407371
v 0.537556 1.108546 0.202790
v 0.537556 1.964084 0.192629
v 0.537556 1.749342 0.192629
v 0.537556 1.759502 0.202790
v 0.537556 1.953923 0.202790
v 0.537556 1.749342 0.407371
v 0.537556 1.759502 0.202790
v 0.537556 1.749342 0.192629
v 0.537556 1.759502 0.397210
v 0.537556 1.964084 -0.407371
v 0.537556 1.759502 -0.397210
v 0.537556 1.953923 -0.397210
v 0.537556 1.749342 -0.407371
v 0.537556 1.749342 -0.192629
v 0.537556 1.759502 -0.397210
v 0.537556 1.749342 -0.407371
v 0.537556 1.759502 -0.202790
v 0.537556 1.749342 -0.192629
v 0.537556 1.964084 -0.192629
v 0.537556 1.953923 -0.202790
v 0.537556 1.759502 -0.202790
v 0.537556 1.313128 -0.407371
v 0.537556 1.108546 -0.397210
v 0.537556 1.302967 -0.397210
v 0.537556 1.098386 -0.407371
v 0.537556 1.108546 -0.202790
v 0.537556 1.098386 -0.407371
v 0.537556 1.098386 -0.192629
v 0.537556 1.108546 -0.397210
v 0.537556 1.098386 -0.192629
v 0.537556 1.313128 -0.192629
v 0.537556 1.302967 -0.202790
v 0.537556 1.108546 -0.202790
v 0.537556 2.615040 -0.407371
v 0.537556 2.410458 -0.397210
v 0.537556 2.604879 -0.397210
v 0.537556 2.400298 -0.407371
v 0.537556 2.410458 -0.202790
v 0.537556 2.400298 -0.407371
v 0.537556 2.400298 -0.192629
v 0.537556 2.410458 -0.397210
v 0.537556 2.400298 -0.192629
v 0.537556 2.615040 -0.192629
v 0.537556 2.604879 -0.202790
v 0.537556 2.410458 -0.202790
v -0.187597 2.615040 0.540461
v -0.187597 2.398957 0.540461
v -0.197758 2.409118 0.540461
v -0.197758 2.604879 0.540461
v -0.394859 2.409118 0.540461
v -0.405020 2.398957 0.540461
v -0.405020 2.615040 0.540461
v -0.394859 2.604879 0.540461
v -0.187597 1.313128 0.540461
v -0.197758 1.107206 0.540461
v -0.197758 1.302967 0.540461
v -0.187597 1.097045 0.540461
v -0.394859 1.107206 0.540461
v -0.405020 1.097045 0.540461
v -0.405020 1.313128 0.540461
v -0.394859 1.302967 0.540461
v -0.187597 1.964084 0.540461
v -0.197758 1.758162 0.540461
v -0.197758 1.953923 0.540461
v -0.187597 1.748001 0.540461
v -0.394859 1.758162 0.540461
v -0.405020 1.748001 0.540461
v -0.405020 1.964084 0.540461
v -0.394859 1.953923 0.540461
v 0.205141 1.758162 0.540461
v 0.194980 1.748001 0.540461
v 0.194980 1.964084 0.540461
v 0.205141 1.953923 0.540461
v 0.205141 1.107206 0.540461
v 0.194980 1.097045 0.540461
v 0.194980 1.313128 0.540461
v 0.205141 1.302967 0.540461
v 0.205141 2.409118 0.540461
v 0.194980 2.398957 0.540461
v 0.194980 2.615040 0.540461
v 0.205141 2.604879 0.540461
v 0.537556 1.964084 -0.192629
v 0.549231 2.178826 -0.192629
v 0.549231 1.964084 -0.192629
v 0.537556 2.178826 -0.192629
v 0.537556 2.178826 -0.192629
v 0.549231 2.178826 -0.407371
v 0.549231 2.178826 -0.192629
v 0.537556 2.178826 -0.407371
v 0.537556 1.964084 -0.407371
v 0.549231 1.964084 -0.192629
v 0.549231 1.964084 -0.407371
v 0.537556 1.964084 -0.192629
v 0.537556 1.313128 -0.407371
v 0.549231 1.313128 -0.192629
v 0.549231 1.313128 -0.407371
v 0.537556 1.313128 -0.192629
v 0.537556 1.964084 0.192629
v 0.549231 1.964084 0.407371
v 0.549231 1.964084 0.192629
v 0.537556 1.964084 0.407371
v 0.537556 1.313128 0.192629
v 0.549231 1.313128 0.407371
v 0.549231 1.313128 0.192629
v 0.537556 1.313128 0.407371
v 0.537556 2.615040 -0.407371
v 0.549231 2.615040 -0.192629
v 0.549231 2.615040 -0.407371
v 0.537556 2.615040 -0.192629
v 0.537556 2.615040 0.192629
v 0.549231 2.615040 0.407371
v 0.549231 2.615040 0.192629
v 0.537556 2.615040 0.407371
v 0.205141 1.323288 0.548907
v 0.205141 1.519050 0.541359
v 0.205141 1.323288 0.541359
v 0.205141 1.519050 0.548907
v 0.402242 1.302967 0.540461
v 0.402242 1.107206 0.540461
v 0.402242 1.107206 0.532913
v 0.402242 1.302967 0.532913
v -0.394859 1.107206 0.532913
v -0.197758 1.107206 0.540461
v -0.394859 1.107206 0.540461
v -0.197758 1.107206 0.532913
v 0.549231 1.323288 0.202790
v 0.549231 1.323288 0.397210
v 0.541684 1.323288 0.397210
v 0.541684 1.323288 0.202790
v -0.394859 1.323288 0.548907
v -0.394859 1.519050 0.541359
v -0.394859 1.323288 0.541359
v -0.394859 1.519050 0.548907
v 0.537556 1.108546 0.397210
v 0.530008 1.302967 0.397210
v 0.530008 1.108546 0.397210
v 0.537556 1.302967 0.397210
v 0.194980 1.964084 0.548907
v 0.412403 1.964084 0.540461
v 0.194980 1.964084 0.540461
v 0.412403 1.964084 0.548907
v 0.194980 1.313128 0.548907
v 0.412403 1.313128 0.540461
v 0.194980 1.313128 0.540461
v 0.412403 1.313128 0.548907
v -0.405020 1.964084 0.548907
v -0.187597 1.964084 0.548907
v -0.187597 1.964084 0.540461
v -0.405020 1.964084 0.540461
v -0.405020 1.313128 0.548907
v -0.187597 1.313128 0.548907
v -0.187597 1.313128 0.540461
v -0.405020 1.313128 0.540461
v 0.194980 2.615040 0.548907
v 0.412403 2.615040 0.548907
v 0.412403 2.615040 0.540461
v 0.194980 2.615040 0.540461
v -0.197758 1.302967 0.540461
v -0.197758 1.107206 0.540461
v -0.197758 1.107206 0.532913
v -0.197758 1.302967 0.532913
v 0.549231 1.323288 -0.397210
v 0.549231 1.323288 -0.202790
v 0.541684 1.323288 -0.202790
v 0.541684 1.323288 -0.397210
v -0.197758 1.519050 0.548907
v -0.197758 1.323288 0.548907
v -0.197758 1.323288 0.541359
v -0.197758 1.519050 0.541359
v 0.537556 1.302967 0.397210
v 0.537556 1.302967 0.202790
v 0.530008 1.302967 0.202790
v 0.530008 1.302967 0.397210
v -0.394859 2.409118 0.540461
v -0.394859 2.604879 0.532913
v -0.394859 2.409118 0.532913
v -0.394859 2.604879 0.540461
v 0.549231 2.625200 -0.202790
v 0.541684 2.819622 -0.202790
v 0.541684 2.625200 -0.202790
v 0.549231 2.819622 -0.202790
v 0.194980 2.398957 0.557078
v 0.180851 2.615040 0.557078
v 0.194980 2.615040 0.557078
v 0.412403 2.831122 0.557078
v 0.426531 2.615040 0.557078
v 0.412403 2.615040 0.557078
v -0.405020 2.398957 0.557078
v -0.419149 2.615040 0.557078
v -0.405020 2.615040 0.557078
v -0.187597 2.831122 0.557078
v -0.173469 2.615040 0.557078
v -0.187597 2.615040 0.557078
v -0.394859 1.323288 0.541359
v -0.197758 1.323288 0.541359
v -0.197758 1.323288 0.548907
v -0.394859 1.323288 0.548907
v 0.537556 1.302967 -0.202790
v 0.537556 1.302967 -0.397210
v 0.530008 1.302967 -0.397210
v 0.530008 1.302967 -0.202790
v -0.405020 2.398957 0.557078
v -0.405020 2.615040 0.540461
v -0.405020 2.398957 0.540461
v 0.412403 2.831122 0.557078
v 0.412403 2.615040 0.557078
v 0.412403 2.615040 0.540461
v -0.187597 2.831122 0.557078
v -0.187597 2.615040 0.557078
v -0.187597 2.615040 0.540461
v 0.194980 2.398957 0.557078
v 0.194980 2.615040 0.540461
v 0.194980 2.398957 0.540461
v 0.561349 2.400298 -0.192629
v 0.537556 2.615040 -0.192629
v 0.537556 2.400298 -0.192629
v 0.561349 2.400298 -0.192629
v 0.561349 2.615040 -0.177160
v 0.561349 2.615040 -0.192629
v 0.561349 2.384829 -0.177160
v 0.561349 2.829782 -0.407371
v 0.561349 2.615040 -0.422840
v 0.561349 2.615040 -0.407371
v 0.561349 2.845251 -0.422840
v 0.561349 2.400298 0.407371
v 0.561349 2.615040 0.422840
v 0.561349 2.615040 0.407371
v 0.561349 2.384829 0.422840
v 0.561349 2.829782 0.192629
v 0.561349 2.615040 0.177160
v 0.561349 2.615040 0.192629
v 0.561349 2.845251 0.177160
v -0.394859 2.409118 0.532913
v -0.197758 2.409118 0.540461
v -0.394859 2.409118 0.540461
v -0.197758 2.409118 0.532913
v 0.549231 2.819622 -0.397210
v 0.549231 2.625200 -0.397210
v 0.541684 2.625200 -0.397210
v 0.541684 2.819622 -0.397210
v 0.561349 2.400298 0.407371
v 0.537556 2.615040 0.407371
v 0.537556 2.400298 0.407371
v 0.561349 2.829782 -0.407371
v 0.561349 2.615040 -0.407371
v 0.537556 2.615040 -0.407371
v 0.561349 2.829782 0.192629
v 0.561349 2.615040 0.192629
v 0.537556 2.615040 0.192629
v 0.194980 1.097045 0.557078
v 0.194980 1.313128 0.540461
v 0.194980 1.097045 0.540461
v 0.194980 1.097045 0.557078
v 0.180851 1.313128 0.557078
v 0.194980 1.313128 0.557078
v 0.412403 1.529211 0.557078
v 0.426531 1.313128 0.557078
v 0.412403 1.313128 0.557078
v -0.405020 1.097045 0.557078
v -0.419149 1.313128 0.557078
v -0.405020 1.313128 0.557078
v -0.187597 1.529210 0.557078
v -0.173469 1.313128 0.557078
v -0.187597 1.313128 0.557078
v 0.205141 1.323288 0.541359
v 0.402242 1.323288 0.541359
v 0.402242 1.323288 0.548907
v 0.205141 1.323288 0.548907
v -0.394859 1.302967 0.540461
v -0.197758 1.302967 0.532913
v -0.394859 1.302967 0.532913
v -0.197758 1.302967 0.540461
v -0.405020 1.097045 0.557078
v -0.405020 1.313128 0.540461
v -0.405020 1.097045 0.540461
v 0.412403 1.529211 0.557078
v 0.412403 1.313128 0.557078
v 0.412403 1.313128 0.540461
v -0.187597 1.529210 0.557078
v -0.187597 1.313128 0.557078
v -0.187597 1.313128 0.540461
v 0.561349 1.098386 -0.192629
v 0.537556 1.313128 -0.192629
v 0.537556 1.098386 -0.192629
v 0.561349 1.313128 -0.177160
v 0.561349 1.098386 -0.192629
v 0.561349 1.082916 -0.177160
v 0.561349 1.527870 -0.407371
v 0.561349 1.313128 -0.422840
v 0.561349 1.313128 -0.407371
v 0.561349 1.543339 -0.422840
v 0.561349 1.313128 0.422840
v 0.561349 1.098386 0.407371
v 0.561349 1.082916 0.422840
v 0.561349 1.527870 0.192629
v 0.561349 1.313128 0.177160
v 0.561349 1.313128 0.192629
v -0.197758 2.604879 0.540461
v -0.197758 2.409118 0.540461
v -0.197758 2.409118 0.532913
v -0.197758 2.604879 0.532913
v 0.549231 2.819622 0.202790
v 0.549231 2.625200 0.202790
v 0.541684 2.625200 0.202790
v 0.541684 2.819622 0.202790
v 0.561349 1.098386 0.407371
v 0.537556 1.313128 0.407371
v 0.537556 1.098386 0.407371
v 0.561349 1.527870 -0.407371
v 0.561349 1.313128 -0.407371
v 0.537556 1.313128 -0.407371
v 0.561349 1.527870 0.192629
v 0.561349 1.313128 0.192629
v 0.537556 1.313128 0.192629
v -0.405020 1.748001 0.557078
v -0.405020 1.964084 0.540461
v -0.405020 1.748001 0.540461
v 0.194980 1.748001 0.557078
v 0.194980 1.964084 0.540461
v 0.194980 1.748001 0.540461
v 0.194980 1.748001 0.557078
v 0.180851 1.964084 0.557078
v 0.194980 1.964084 0.557078
v 0.412403 2.180166 0.557078
v 0.426531 1.964084 0.557078
v 0.412403 1.964084 0.557078
v -0.405020 1.748001 0.557078
v -0.419149 1.964084 0.557078
v -0.405020 1.964084 0.557078
v -0.187597 2.180166 0.557078
v -0.173469 1.964084 0.557078
v -0.187597 1.964084 0.557078
v 0.205141 2.625200 0.548907
v 0.205141 2.820962 0.541359
v 0.205141 2.625200 0.541359
v 0.205141 2.820962 0.548907
v 0.205141 1.302967 0.540461
v 0.402242 1.302967 0.532913
v 0.205141 1.302967 0.532913
v 0.402242 1.302967 0.540461
v 0.412403 2.180166 0.557078
v 0.412403 1.964084 0.557078
v 0.412403 1.964084 0.540461
v -0.187597 2.180166 0.557078
v -0.187597 1.964084 0.557078
v -0.187597 1.964084 0.540461
v 0.561349 1.749342 0.407371
v 0.537556 1.964084 0.407371
v 0.537556 1.749342 0.407371
v 0.561349 1.749342 -0.192629
v 0.537556 1.964084 -0.192629
v 0.537556 1.749342 -0.192629
v 0.561349 1.749342 -0.192629
v 0.561349 1.964084 -0.177160
v 0.561349 1.964084 -0.192629
v 0.561349 1.733872 -0.177160
v 0.561349 2.178826 -0.407371
v 0.561349 1.964084 -0.422840
v 0.561349 1.964084 -0.407371
v 0.561349 2.194295 -0.422840
v 0.561349 1.749342 0.407371
v 0.561349 1.964084 0.422840
v 0.561349 1.964084 0.407371
v 0.561349 2.178826 0.192629
v 0.561349 1.964084 0.177160
v 0.561349 1.964084 0.192629
v 0.561349 2.194295 0.177160
v 0.537556 2.410458 -0.202790
v 0.530008 2.604879 -0.202790
v 0.530008 2.410458 -0.202790
v 0.537556 2.604879 -0.202790
v 0.549231 2.625200 0.202790
v 0.549231 2.625200 0.397210
v 0.541684 2.625200 0.397210
v 0.541684 2.625200 0.202790
v 0.561349 2.178826 -0.407371
v 0.561349 1.964084 -0.407371
v 0.537556 1.964084 -0.407371
v 0.561349 2.178826 0.192629
v 0.561349 1.964084 0.192629
v 0.537556 1.964084 0.192629
v 0.561349 2.400298 0.192629
v 0.537556 2.400298 0.192629
v 0.537556 2.829782 0.192629
v 0.561349 1.098386 0.192629
v 0.537556 1.098386 0.192629
v 0.537556 1.527870 0.192629
v 0.561349 2.829782 0.407371
v 0.561349 2.829782 0.192629
v 0.537556 2.829782 0.192629
v 0.537556 2.829782 0.407371
v 0.561349 1.749342 0.192629
v 0.537556 1.749342 0.192629
v 0.537556 2.178826 0.192629
v 0.561349 1.527870 0.407371
v 0.561349 1.527870 0.192629
v 0.537556 1.527870 0.192629
v 0.537556 1.527870 0.407371
v 0.561349 1.749342 -0.407371
v 0.537556 1.749342 -0.407371
v 0.537556 2.178826 -0.407371
v 0.561349 2.400298 0.192629
v 0.561349 2.400298 0.407371
v 0.537556 2.400298 0.407371
v 0.537556 2.400298 0.192629
v 0.561349 2.178826 0.407371
v 0.561349 2.178826 0.192629
v 0.537556 2.178826 0.192629
v 0.537556 2.178826 0.407371
v 0.561349 1.098386 -0.407371
v 0.537556 1.098386 -0.407371
v 0.537556 1.527870 -0.407371
v 0.561349 1.098386 0.192629
v 0.561349 1.098386 0.407371
v 0.537556 1.098386 0.407371
v 0.537556 1.098386 0.192629
v 0.561349 2.178826 -0.192629
v 0.561349 2.178826 -0.407371
v 0.537556 2.178826 -0.407371
v 0.537556 2.178826 -0.192629
v 0.561349 2.400298 -0.407371
v 0.537556 2.400298 -0.407371
v 0.537556 2.829782 -0.407371
v 0.561349 2.615040 0.407371
v 0.537556 2.829782 0.407371
v 0.561349 2.829782 0.407371
v 0.561349 1.749342 0.192629
v 0.561349 1.749342 0.407371
v 0.537556 1.749342 0.407371
v 0.537556 1.749342 0.192629
v 0.561349 1.527870 -0.192629
v 0.561349 1.527870 -0.407371
v 0.537556 1.527870 -0.407371
v 0.537556 1.527870 -0.192629
v 0.561349 1.313128 0.407371
v 0.537556 1.527870 0.407371
v 0.561349 1.527870 0.407371
v 0.561349 1.749342 -0.407371
v 0.561349 1.749342 -0.192629
v 0.537556 1.749342 -0.192629
v 0.537556 1.749342 -0.407371
v 0.561349 2.829782 -0.192629
v 0.561349 2.829782 -0.407371
v 0.537556 2.829782 -0.407371
v 0.537556 2.829782 -0.192629
v 0.537556 2.178826 -0.407371
v 0.537556 1.964084 -0.407371
v 0.549231 1.964084 -0.407371
v 0.549231 2.178826 -0.407371
v 0.561349 2.400298 0.192629
v 0.561349 2.384829 0.422840
v 0.561349 2.400298 0.407371
v 0.561349 2.384829 0.177160
v 0.561349 2.615040 0.177160
v 0.561349 2.384829 0.177160
v 0.561349 2.400298 0.192629
v 0.561349 2.615040 0.192629
v 0.561349 2.845251 0.422840
v 0.561349 2.829782 0.192629
v 0.561349 2.829782 0.407371
v 0.561349 2.845251 0.177160
v 0.561349 2.615040 0.422840
v 0.561349 2.829782 0.407371
v 0.561349 2.615040 0.407371
v 0.561349 2.845251 0.422840
v 0.561349 1.313128 0.407371
v 0.561349 1.082916 0.177160
v 0.561349 1.098386 0.192629
v 0.561349 1.543339 0.177160
v 0.561349 1.527870 0.407371
v 0.561349 1.543339 0.177160
v 0.561349 1.527870 0.192629
v 0.561349 1.543339 0.422840
v 0.561349 1.313128 0.422840
v 0.561349 1.527870 0.407371
v 0.561349 1.313128 0.407371
v 0.561349 1.543339 0.422840
v 0.561349 1.733872 0.177160
v 0.561349 1.749342 0.407371
v 0.561349 1.749342 0.192629
v 0.561349 1.733872 0.422840
v 0.561349 1.964084 0.177160
v 0.561349 1.733872 0.177160
v 0.561349 1.749342 0.192629
v 0.561349 1.964084 0.192629
v 0.561349 2.194295 0.422840
v 0.561349 2.178826 0.192629
v 0.561349 2.178826 0.407371
v 0.561349 2.194295 0.177160
v 0.561349 1.733872 0.422840
v 0.561349 1.733872 -0.422840
v 0.561349 1.733872 -0.177160
v 0.561349 1.749342 -0.192629
v 0.561349 1.749342 -0.407371
v 0.561349 1.964084 -0.422840
v 0.561349 1.733872 -0.422840
v 0.561349 1.749342 -0.407371
v 0.561349 1.964084 -0.407371
v 0.561349 2.178826 -0.192629
v 0.561349 2.194295 -0.422840
v 0.561349 2.178826 -0.407371
v 0.561349 2.194295 -0.177160
v 0.561349 1.964084 -0.177160
v 0.561349 2.178826 -0.192629
v 0.561349 1.964084 -0.192629
v 0.561349 2.194295 -0.177160
v 0.561349 1.313128 -0.192629
v 0.561349 1.082916 -0.422840
v 0.561349 1.098386 -0.407371
v 0.561349 1.313128 -0.422840
v 0.561349 1.082916 -0.422840
v 0.561349 1.098386 -0.407371
v 0.561349 1.313128 -0.407371
v 0.561349 1.527870 -0.192629
v 0.561349 1.543339 -0.422840
v 0.561349 1.527870 -0.407371
v 0.561349 1.543339 -0.177160
v 0.561349 1.313128 -0.177160
v 0.561349 1.527870 -0.192629
v 0.561349 1.313128 -0.192629
v 0.561349 1.543339 -0.177160
v 0.561349 2.384829 -0.422840
v 0.561349 2.400298 -0.192629
v 0.561349 2.400298 -0.407371
v 0.561349 2.384829 -0.177160
v 0.561349 2.615040 -0.422840
v 0.561349 2.384829 -0.422840
v 0.561349 2.400298 -0.407371
v 0.561349 2.615040 -0.407371
v 0.561349 2.845251 -0.177160
v 0.561349 2.829782 -0.407371
v 0.561349 2.829782 -0.192629
v 0.561349 2.845251 -0.422840
v 0.561349 2.615040 -0.177160
v 0.561349 2.845251 -0.177160
v 0.561349 2.829782 -0.192629
v 0.561349 2.615040 -0.192629
v 0.561349 2.615040 -0.192629
v 0.537556 2.829782 -0.192629
v 0.561349 2.829782 -0.192629
v 0.561349 1.313128 -0.192629
v 0.537556 1.527870 -0.192629
v 0.561349 1.527870 -0.192629
v 0.561349 2.400298 -0.407371
v 0.561349 2.400298 -0.192629
v 0.537556 2.400298 -0.192629
v 0.537556 2.400298 -0.407371
v 0.561349 1.964084 -0.192629
v 0.537556 2.178826 -0.192629
v 0.561349 2.178826 -0.192629
v 0.561349 1.098386 -0.407371
v 0.561349 1.098386 -0.192629
v 0.537556 1.098386 -0.192629
v 0.537556 1.098386 -0.407371
v 0.561349 1.964084 0.407371
v 0.537556 2.178826 0.407371
v 0.561349 2.178826 0.407371
v 0.194980 2.615040 0.557078
v 0.194980 2.831122 0.540461
v 0.194980 2.831122 0.557078
v -0.187597 2.398957 0.557078
v -0.187597 2.398957 0.540461
v -0.187597 2.831122 0.540461
v -0.187597 1.097045 0.557078
v -0.187597 1.097045 0.540461
v -0.187597 1.529210 0.540461
v -0.405020 2.831122 0.557078
v -0.187597 2.831122 0.557078
v -0.187597 2.831122 0.540461
v -0.405020 2.831122 0.540461
v -0.187597 1.748001 0.557078
v -0.187597 1.748001 0.540461
v -0.187597 2.180166 0.540461
v -0.405020 1.529210 0.557078
v -0.187597 1.529210 0.540461
v -0.405020 1.529210 0.540461
v -0.187597 1.529210 0.557078
v 0.412403 1.748001 0.557078
v 0.412403 1.748001 0.540461
v 0.412403 2.180166 0.540461
v -0.405020 2.398957 0.540461
v -0.187597 2.398957 0.540461
v -0.187597 2.398957 0.557078
v -0.405020 2.398957 0.557078
v -0.405020 2.180166 0.557078
v -0.187597 2.180166 0.540461
v -0.405020 2.180166 0.540461
v -0.187597 2.180166 0.557078
v 0.412403 1.097045 0.557078
v 0.412403 1.097045 0.540461
v 0.412403 1.529211 0.540461
v -0.405020 1.097045 0.540461
v -0.187597 1.097045 0.540461
v -0.187597 1.097045 0.557078
v -0.405020 1.097045 0.557078
v 0.194980 2.180166 0.557078
v 0.412403 2.180166 0.540461
v 0.194980 2.180166 0.540461
v 0.412403 2.180166 0.557078
v 0.412403 2.398957 0.557078
v 0.412403 2.398957 0.540461
v 0.412403 2.831122 0.540461
v -0.405020 2.615040 0.557078
v -0.405020 2.831122 0.540461
v -0.405020 2.831122 0.557078
v -0.405020 1.748001 0.540461
v -0.187597 1.748001 0.557078
v -0.405020 1.748001 0.557078
v -0.187597 1.748001 0.540461
v 0.194980 1.529210 0.557078
v 0.412403 1.529211 0.540461
v 0.194980 1.529210 0.540461
v 0.412403 1.529211 0.557078
v -0.405020 1.313128 0.557078
v -0.405020 1.529210 0.540461
v -0.405020 1.529210 0.557078
v 0.194980 1.748001 0.540461
v 0.412403 1.748001 0.540461
v 0.412403 1.748001 0.557078
v 0.194980 1.748001 0.557078
v -0.405020 2.615040 0.548907
v -0.187597 2.615040 0.540461
v -0.405020 2.615040 0.540461
v -0.187597 2.615040 0.548907
v -0.173469 2.384828 0.557078
v -0.405020 2.398957 0.557078
v -0.187597 2.398957 0.557078
v -0.419149 2.384828 0.557078
v -0.173469 2.384828 0.557078
v -0.187597 2.398957 0.557078
v -0.173469 2.845251 0.557078
v -0.419149 2.845251 0.557078
v -0.187597 2.831122 0.557078
v -0.405020 2.831122 0.557078
v -0.173469 2.845251 0.557078
v -0.419149 2.845251 0.557078
v -0.405020 2.831122 0.557078
v -0.419149 2.384828 0.557078
v -0.173469 1.082916 0.557078
v -0.419149 1.082916 0.557078
v -0.405020 1.097045 0.557078
v -0.187597 1.097045 0.557078
v -0.173469 1.543339 0.557078
v -0.173469 1.082916 0.557078
v -0.187597 1.097045 0.557078
v -0.419149 1.543339 0.557078
v -0.187597 1.529210 0.557078
v -0.405020 1.529210 0.557078
v -0.173469 1.543339 0.557078
v -0.419149 1.082916 0.557078
v -0.405020 1.529210 0.557078
v -0.419149 1.543339 0.557078
v -0.173469 1.733872 0.557078
v -0.419149 1.733872 0.557078
v -0.405020 1.748001 0.557078
v -0.187597 1.748001 0.557078
v -0.173469 2.194295 0.557078
v -0.173469 1.733872 0.557078
v -0.187597 1.748001 0.557078
v -0.419149 2.194295 0.557078
v -0.187597 2.180166 0.557078
v -0.405020 2.180166 0.557078
v -0.173469 2.194295 0.557078
v -0.405020 2.180166 0.557078
v -0.419149 1.733872 0.557078
v -0.419149 2.194295 0.557078
v 0.412403 1.748001 0.557078
v 0.180851 1.733872 0.557078
v 0.194980 1.748001 0.557078
v 0.426531 1.733872 0.557078
v 0.426531 1.733872 0.557078
v 0.412403 1.748001 0.557078
v 0.426531 2.194295 0.557078
v 0.180851 2.194295 0.557078
v 0.426531 2.194295 0.557078
v 0.412403 2.180166 0.557078
v 0.194980 2.180166 0.557078
v 0.180851 1.733872 0.557078
v 0.180851 2.194295 0.557078
v 0.194980 2.180166 0.557078
v 0.426531 1.082916 0.557078
v 0.180851 1.082916 0.557078
v 0.194980 1.097045 0.557078
v 0.412403 1.097045 0.557078
v 0.426531 1.543339 0.557078
v 0.426531 1.082916 0.557078
v 0.412403 1.097045 0.557078
v 0.180851 1.543339 0.557078
v 0.426531 1.543339 0.557078
v 0.412403 1.529211 0.557078
v 0.194980 1.529210 0.557078
v 0.194980 1.529210 0.557078
v 0.180851 1.082916 0.557078
v 0.180851 1.543339 0.557078
v 0.426531 2.384829 0.557078
v 0.180851 2.384828 0.557078
v 0.194980 2.398957 0.557078
v 0.412403 2.398957 0.557078
v 0.426531 2.384829 0.557078
v 0.412403 2.398957 0.557078
v 0.426531 2.845251 0.557078
v 0.180851 2.845251 0.557078
v 0.412403 2.831122 0.557078
v 0.194980 2.831122 0.557078
v 0.426531 2.845251 0.557078
v 0.194980 2.831122 0.557078
v 0.180851 2.845251 0.557078
v 0.180851 2.384828 0.557078
v 0.194980 1.313128 0.557078
v 0.194980 1.529210 0.540461
v 0.194980 1.529210 0.557078
v 0.194980 2.398957 0.540461
v 0.412403 2.398957 0.540461
v 0.412403 2.398957 0.557078
v 0.194980 2.398957 0.557078
v 0.194980 1.964084 0.557078
v 0.194980 2.180166 0.540461
v 0.194980 2.180166 0.557078
v 0.194980 1.097045 0.540461
v 0.412403 1.097045 0.557078
v 0.194980 1.097045 0.557078
v 0.412403 1.097045 0.540461
v -0.405020 1.964084 0.557078
v -0.405020 2.180166 0.540461
v -0.405020 2.180166 0.557078
v 0.194980 2.831122 0.557078
v 0.412403 2.831122 0.540461
v 0.194980 2.831122 0.540461
v 0.412403 2.831122 0.557078
v -0.526845 0.120931 0.559704
v -0.326642 0.684599 0.559704
v -0.326642 0.120931 0.559704
v -0.526845 0.684599 0.559704
v -0.169702 0.219483 0.578520
v 0.516215 0.790550 0.578520
v 0.516215 0.219483 0.578520
v -0.169702 0.790550 0.578520
v 0.582211 0.220430 -0.509874
v 0.582211 0.791497 -0.000000
v 0.582211 0.791497 -0.509874
v 0.582211 0.220430 0.509873
v 0.582211 0.791497 0.509873
v 0.541684 2.625200 0.397210
v 0.541684 2.819622 0.202790
v 0.541684 2.625200 0.202790
v 0.541684 2.819622 0.397210
v 0.541684 1.323288 0.397210
v 0.541684 1.517709 0.202790
v 0.541684 1.323288 0.202790
v 0.541684 1.517709 0.397210
v 0.541684 1.974244 0.397210
v 0.541684 2.168665 0.202790
v 0.541684 1.974244 0.202790
v 0.541684 2.168665 0.397210
v 0.541684 1.974244 -0.202790
v 0.541684 2.168665 -0.397210
v 0.541684 1.974244 -0.397210
v 0.541684 2.168665 -0.202790
v 0.541684 1.323288 -0.202790
v 0.541684 1.517709 -0.397210
v 0.541684 1.323288 -0.397210
v 0.541684 1.517709 -0.202790
v 0.541684 2.625200 -0.202790
v 0.541684 2.819622 -0.397210
v 0.541684 2.625200 -0.397210
v 0.541684 2.819622 -0.202790
v -0.394859 2.625200 0.541359
v -0.197758 2.820962 0.541359
v -0.197758 2.625200 0.541359
v -0.394859 2.820962 0.541359
v -0.197758 1.323288 0.541359
v -0.394859 1.519050 0.541359
v -0.197758 1.519050 0.541359
v -0.394859 1.323288 0.541359
v -0.197758 1.974244 0.541359
v -0.394859 2.170006 0.541359
v -0.197758 2.170006 0.541359
v -0.394859 1.974244 0.541359
v 0.205141 1.974244 0.541359
v 0.402242 2.170006 0.541359
v 0.402242 1.974244 0.541359
v 0.205141 2.170006 0.541359
v 0.402242 1.323288 0.541359
v 0.205141 1.519050 0.541359
v 0.402242 1.519050 0.541359
v 0.205141 1.323288 0.541359
v 0.402242 2.625200 0.541359
v 0.205141 2.820962 0.541359
v 0.402242 2.820962 0.541359
v 0.205141 2.625200 0.541359
v 0.402242 2.409118 0.532913
v 0.205141 2.604879 0.532913
v 0.402242 2.604879 0.532913
v 0.205141 2.409118 0.532913
v -0.394859 2.409118 0.532913
v -0.197758 2.604879 0.532913
v -0.197758 2.409118 0.532913
v -0.394859 2.604879 0.532913
v 0.530008 2.410458 -0.202790
v 0.530008 2.604879 -0.397210
v 0.530008 2.410458 -0.397210
v 0.530008 2.604879 -0.202790
v 0.530008 2.410458 0.397210
v 0.530008 2.604879 0.202790
v 0.530008 2.410458 0.202790
v 0.530008 2.604879 0.397210
v 0.402242 1.107206 0.532913
v 0.205141 1.302967 0.532913
v 0.402242 1.302967 0.532913
v 0.205141 1.107206 0.532913
v -0.197758 1.107206 0.532913
v -0.394859 1.302967 0.532913
v -0.197758 1.302967 0.532913
v -0.394859 1.107206 0.532913
v 0.530008 1.108546 -0.202790
v 0.530008 1.302967 -0.397210
v 0.530008 1.108546 -0.397210
v 0.530008 1.302967 -0.202790
v 0.530008 1.108546 0.397210
v 0.530008 1.302967 0.202790
v 0.530008 1.108546 0.202790
v 0.530008 1.302967 0.397210
v 0.402242 1.758162 0.532913
v 0.205141 1.953923 0.532913
v 0.402242 1.953923 0.532913
v 0.205141 1.758162 0.532913
v -0.197758 1.758162 0.532913
v -0.394859 1.953923 0.532913
v -0.197758 1.953923 0.532913
v -0.394859 1.758162 0.532913
v 0.530008 1.759502 -0.202790
v 0.530008 1.953923 -0.397210
v 0.530008 1.759502 -0.397210
v 0.530008 1.953923 -0.202790
v 0.530008 1.759502 0.397210
v 0.530008 1.953923 0.202790
v 0.530008 1.759502 0.202790
v 0.530008 1.953923 0.397210
v -0.323758 0.112812 0.569083
v -0.529729 0.112812 0.569083
v -0.526845 0.120931 0.559704
v -0.326642 0.120931 0.559704
v -0.323758 0.692718 0.569083
v -0.323758 0.112812 0.569083
v -0.326642 0.120931 0.559704
v -0.326642 0.684599 0.559704
v -0.526845 0.120931 0.559704
v -0.529729 0.692718 0.569083
v -0.526845 0.684599 0.559704
v -0.529729 0.112812 0.569083
v -0.309005 0.098058 0.569083
v -0.544482 0.098058 0.569083
v -0.529729 0.112812 0.569083
v -0.323758 0.112812 0.569083
v -0.309005 0.707472 0.569083
v -0.323758 0.692718 0.569083
v -0.544482 0.707472 0.569083
v -0.529729 0.692718 0.569083
v -0.529729 0.692718 0.569083
v -0.326642 0.684599 0.559704
v -0.526845 0.684599 0.559704
v -0.323758 0.692718 0.569083
v -0.544482 0.707472 0.600000
v -0.309005 0.707472 0.569083
v -0.544482 0.707472 0.569083
v -0.309005 0.707472 0.600000
v -0.309005 0.707472 0.600000
v -0.309005 0.098058 0.600000
v -0.309005 0.098058 0.569083
v -0.309005 0.707472 0.569083
v -0.309005 0.098058 0.600000
v -0.559330 0.083210 0.600000
v -0.544482 0.098058 0.600000
v -0.294156 0.083210 0.600000
v -0.309005 0.707472 0.600000
v -0.294156 0.723753 0.600000
v -0.544482 0.707472 0.600000
v -0.559330 0.163135 0.600000
v -0.559330 0.723753 0.600000
v -0.544482 0.155987 0.600000
v 0.593500 0.220430 -0.509874
v 0.593500 0.220430 0.509873
v 0.582211 0.220430 0.509873
v 0.582211 0.220430 -0.509874
v -0.169702 0.219483 0.578520
v 0.516215 0.219483 0.589809
v -0.169702 0.219483 0.589809
v 0.516215 0.219483 0.578520
v 0.593500 0.791497 -0.509874
v 0.593500 0.220430 -0.509874
v 0.582211 0.220430 -0.509874
v 0.582211 0.791497 -0.509874
v 0.593500 0.220430 0.509873
v 0.582211 0.791497 0.509873
v 0.582211 0.220430 0.509873
v 0.593500 0.791497 0.509873
v -0.169702 0.219483 0.589809
v -0.169702 0.790550 0.578520
v -0.169702 0.219483 0.578520
v -0.169702 0.790550 0.589809
v 0.582211 0.791497 -0.509874
v 0.582211 0.791497 -0.000000
v 0.593500 0.791497 -0.000000
v 0.516215 0.790550 0.589809
v 0.516215 0.219483 0.589809
v 0.516215 0.219483 0.578520
v 0.516215 0.790550 0.578520
v 0.528788 0.206911 0.589809
v -0.169702 0.219483 0.589809
v 0.516215 0.219483 0.589809
v -0.182275 0.206911 0.589809
v 0.528788 0.803123 0.589809
v 0.516215 0.790550 0.589809
v -0.182275 0.803123 0.589809
v -0.169702 0.790550 0.589809
v 0.593500 0.207858 -0.522446
v 0.593500 0.220430 0.509873
v 0.593500 0.220430 -0.509874
v 0.593500 0.207858 0.522446
v 0.593500 0.804070 -0.522446
v 0.593500 0.207858 -0.522446
v 0.593500 0.220430 -0.509874
v 0.593500 0.791497 -0.509874
v 0.593500 0.791497 0.509873
v 0.593500 0.804070 -0.000000
v 0.593500 0.791497 -0.000000
v 0.593500 0.791497 -0.509874
v 0.593500 0.804069 0.522446
v 0.593500 0.804070 -0.522446
v 0.593500 0.220430 0.509873
v 0.593500 0.804069 0.522446
v 0.593500 0.791497 0.509873
v 0.593500 0.207858 0.522446
v -0.169702 0.790550 0.589809
v 0.516215 0.790550 0.578520
v -0.169702 0.790550 0.578520
v 0.516215 0.790550 0.589809
v 0.593500 0.791497 -0.509874
v 0.593500 0.791497 0.509873
v 0.582211 0.791497 0.509873
v -0.544482 0.098058 0.569083
v -0.309005 0.098058 0.600000
v -0.544482 0.098058 0.600000
v -0.309005 0.098058 0.569083
v 0.601321 3.348891 0.580065
v -0.596478 3.348892 -0.603315
v 0.601321 3.348892 -0.603374
v -0.596711 3.348891 0.580065
v 0.601321 3.462866 0.580065
v -0.596490 3.463143 0.580065
v 0.601321 3.348891 0.580065
v -0.596711 3.348891 0.580065
v 0.601321 3.395218 -0.604034
v 0.601321 3.404311 -0.604677
v 0.601321 3.406193 -0.604590
v 0.601321 3.348891 0.580065
v 0.601321 3.348892 -0.603374
v 0.601321 3.462866 0.580065
v 0.601321 3.463111 -0.605693
v 0.601321 3.404311 -0.604677
v 0.681939 3.408734 -0.604285
v 0.601321 3.406193 -0.604590
v -0.596777 3.185836 -0.600158
v 0.649353 3.187352 -0.600350
v 0.601321 3.348892 -0.603374
v 0.701133 3.353205 -0.603575
v 0.708653 3.389831 -0.604286
v 0.723691 3.463084 -0.605709
v 0.689458 3.419730 -0.604996
v 0.716172 3.426457 -0.604998
v 0.601321 3.463111 -0.605693
v -0.596478 3.348892 -0.603315
v 0.680407 3.337607 -0.603269
v 0.601321 3.395218 -0.604034
v -0.596581 3.426482 0.712481
v -0.596579 3.419736 0.685767
v -0.596515 3.463115 0.720000
v -0.596490 3.463143 0.580065
v -0.596737 3.337614 0.676715
v -0.596645 3.408739 0.678248
v -0.596712 3.353217 0.697443
v -0.596711 3.348891 0.580065
v -0.596777 3.185836 -0.600158
v -0.597006 3.187332 0.645662
v -0.596478 3.348892 -0.603315
v -0.596646 3.389849 0.704962
v 0.697653 3.420260 0.693961
v 0.716172 3.426457 -0.604998
v 0.689458 3.419730 -0.604996
v 0.716172 3.426107 0.712480
v -0.596646 3.389849 0.704962
v 0.690133 3.409241 0.686441
v 0.708652 3.389404 0.704961
v -0.596645 3.408739 0.678248
v 0.708653 3.389831 -0.604286
v 0.708652 3.389404 0.704961
v 0.690133 3.409241 0.686441
v 0.681939 3.408734 -0.604285
v 0.690133 3.409241 0.686441
v 0.689458 3.419730 -0.604996
v 0.681939 3.408734 -0.604285
v 0.697653 3.420260 0.693961
v 0.690133 3.409241 0.686441
v -0.596579 3.419736 0.685767
v 0.697653 3.420260 0.693961
v -0.596645 3.408739 0.678248
v -0.596581 3.426482 0.712481
v 0.697653 3.420260 0.693961
v -0.596579 3.419736 0.685767
v 0.716172 3.426107 0.712480
v 0.701132 3.352700 0.697441
v 0.708653 3.389831 -0.604286
v 0.701133 3.353205 -0.603575
v 0.708652 3.389404 0.704961
v 0.701132 3.352700 0.697441
v -0.596646 3.389849 0.704962
v 0.708652 3.389404 0.704961
v -0.596712 3.353217 0.697443
v 0.649168 3.189065 0.645477
v 0.680407 3.337607 -0.603269
v 0.649353 3.187352 -0.600350
v 0.682076 3.341777 0.678384
v 0.649168 3.189065 0.645477
v -0.596737 3.337614 0.676715
v 0.682076 3.341777 0.678384
v -0.597006 3.187332 0.645662
v -0.596777 3.185836 -0.600158
v 0.649168 3.189065 0.645477
v 0.649353 3.187352 -0.600350
v -0.597006 3.187332 0.645662
v 0.682076 3.341777 0.678384
v 0.701133 3.353205 -0.603575
v 0.680407 3.337607 -0.603269
v 0.701132 3.352700 0.697441
v -0.596712 3.353217 0.697443
v 0.701132 3.352700 0.697441
v 0.682076 3.341777 0.678384
v -0.596737 3.337614 0.676715
v 0.723691 3.462811 0.720000
v -0.596515 3.463115 0.720000
v 0.601321 3.462866 0.580065
v 0.723691 3.463084 -0.605709
v 0.601321 3.463111 -0.605693
v -0.596490 3.463143 0.580065
v 0.716172 3.426107 0.712480
v -0.596515 3.463115 0.720000
v 0.723691 3.462811 0.720000
v -0.596581 3.426482 0.712481
v 0.716172 3.426107 0.712480
v 0.723691 3.463084 -0.605709
v 0.716172 3.426457 -0.604998
v 0.723691 3.462811 0.720000
v 0.621234 2.941245 0.213086
v 0.629651 2.941217 0.196846
v 0.629651 2.932810 0.211753
v 0.558265 2.941450 0.109430
v 0.629651 2.941217 0.196846
v 0.558265 2.941450 0.217586
v 0.629651 2.941217 0.109430
v 0.621234 2.941245 0.213086
v 0.629651 2.932810 0.211753
v 0.629651 2.941217 0.242583
v 0.621234 2.941245 0.213086
v 0.629651 2.921855 0.210799
v 0.629651 2.941217 0.196846
v 0.629651 2.921855 0.109430
v 0.629651 2.941217 0.109430
v 0.629651 2.932810 0.211753
v 0.629651 2.941217 0.499941
v 0.629651 2.941217 0.242583
v 0.629651 2.921854 0.499941
v 0.629651 2.921855 0.210799
v 0.629651 2.932810 0.211753
v -0.491564 2.300498 0.559259
v -0.423845 2.300266 0.630646
v -0.491564 2.300289 0.623561
v -0.101053 2.300498 0.559259
v -0.101053 2.300266 0.630646
v -0.491564 2.300289 0.623561
v -0.423845 2.300266 0.630646
v -0.491564 2.293181 0.630646
v -0.442748 1.537267 0.560556
v -0.185378 1.537533 0.621196
v -0.149869 1.537267 0.560556
v -0.442748 1.537533 0.621196
v -0.149869 1.537511 0.616285
v -0.185378 1.537533 0.621196
v -0.149869 1.546923 0.621196
v -0.149869 1.537511 0.616285
v 0.202689 1.649650 0.614928
v 0.199104 1.637060 0.630645
v 0.186553 1.649598 0.630645
v 0.300241 1.649598 0.630645
v 0.498947 1.649831 0.559259
v 0.498947 1.649598 0.630645
v 0.204154 1.649831 0.559259
v 0.202689 1.649650 0.614928
v 0.300241 1.649598 0.630645
v 0.199104 1.637060 0.630645
v 0.202689 1.649650 0.614928
v 0.202294 1.630236 0.630645
v 0.300241 1.649598 0.630645
v 0.498947 1.630236 0.630645
v 0.199104 1.637060 0.630645
v 0.498947 1.649598 0.630645
v 0.624988 2.900091 0.475849
v 0.624626 2.893169 0.135391
v 0.624626 2.893169 0.473981
v 0.624988 2.900091 0.133522
v 0.558741 2.900110 0.475849
v 0.624626 2.893169 0.473981
v 0.558821 2.893162 0.473981
v 0.624988 2.900091 0.475849
v 0.624626 2.893169 0.135391
v 0.558741 2.900110 0.133522
v 0.558821 2.893163 0.135391
v 0.624988 2.900091 0.133522
v 0.558264 2.941450 0.499941
v 0.629651 2.941217 0.242583
v 0.629651 2.941217 0.499941
v 0.558265 2.941450 0.217586
v 0.621234 2.941245 0.213086
v 0.629651 2.941217 0.109430
v 0.558488 2.922044 0.109430
v 0.629651 2.921855 0.109430
v 0.558265 2.941450 0.109430
v 0.558488 2.922044 0.109430
v 0.624988 2.900091 0.133522
v 0.629651 2.921855 0.109430
v 0.558741 2.900110 0.133522
v 0.558488 2.922044 0.499941
v 0.624988 2.900091 0.475849
v 0.558741 2.900110 0.475849
v 0.629651 2.921854 0.499941
v 0.558488 2.922044 0.499941
v 0.629651 2.941217 0.499941
v 0.629651 2.921854 0.499941
v 0.558264 2.941450 0.499941
v 0.620202 2.872111 0.451125
v 0.624626 2.893169 0.135391
v 0.620202 2.872111 0.158246
v 0.624626 2.893169 0.473981
v 0.558821 2.893163 0.135391
v 0.620202 2.872111 0.158246
v 0.624626 2.893169 0.135391
v 0.559066 2.871942 0.158246
v 0.624988 2.900091 0.475849
v 0.629651 2.921855 0.210799
v 0.624988 2.900091 0.133522
v 0.629651 2.921855 0.109430
v 0.629651 2.921854 0.499941
v 0.558821 2.893162 0.473981
v 0.624626 2.893169 0.473981
v 0.620202 2.872111 0.451125
v 0.559066 2.871942 0.451125
v 0.559562 2.828886 0.158246
v 0.620202 2.829151 0.451125
v 0.620202 2.829151 0.158246
v 0.559562 2.828886 0.451125
v 0.620202 2.829151 0.451125
v 0.620202 2.872111 0.158246
v 0.620202 2.829151 0.158246
v 0.620202 2.872111 0.451125
v 0.559562 2.828886 0.451125
v 0.620202 2.872111 0.451125
v 0.620202 2.829151 0.451125
v 0.559066 2.871942 0.451125
v 0.559562 2.828886 0.158246
v 0.620202 2.872111 0.158246
v 0.559066 2.871942 0.158246
v 0.620202 2.829151 0.158246
v 0.624988 2.900091 -0.124151
v 0.624988 2.900092 -0.466478
v 0.624626 2.893169 -0.464609
v 0.624626 2.893169 -0.126019
v 0.558741 2.900110 -0.124151
v 0.624988 2.900091 -0.124151
v 0.624626 2.893169 -0.126019
v 0.558821 2.893163 -0.126019
v 0.624626 2.893169 -0.464609
v 0.558741 2.900110 -0.466478
v 0.558821 2.893163 -0.464609
v 0.624988 2.900092 -0.466478
v 0.629651 2.941217 -0.100059
v 0.629651 2.941217 -0.490570
v 0.629651 2.921855 -0.490570
v 0.629651 2.921855 -0.100059
v 0.629651 2.941217 -0.490570
v 0.558265 2.941450 -0.490570
v 0.558488 2.922044 -0.490570
v 0.629651 2.921855 -0.490570
v 0.629651 2.941217 -0.100059
v 0.558265 2.941450 -0.490570
v 0.629651 2.941217 -0.490570
v 0.558264 2.941450 -0.100059
v 0.558488 2.922044 -0.490570
v 0.624988 2.900092 -0.466478
v 0.629651 2.921855 -0.490570
v 0.558741 2.900110 -0.466478
v 0.558488 2.922044 -0.100059
v 0.629651 2.921855 -0.100059
v 0.624988 2.900091 -0.124151
v 0.558741 2.900110 -0.124151
v 0.558488 2.922044 -0.100059
v 0.629651 2.941217 -0.100059
v 0.629651 2.921855 -0.100059
v 0.558264 2.941450 -0.100059
v 0.624626 2.893169 -0.126019
v 0.624626 2.893169 -0.464609
v 0.620202 2.872111 -0.441754
v 0.620202 2.872111 -0.148875
v 0.558821 2.893163 -0.464609
v 0.620202 2.872111 -0.441754
v 0.624626 2.893169 -0.464609
v 0.559066 2.871942 -0.441754
v 0.629651 2.921855 -0.100059
v 0.629651 2.921855 -0.490570
v 0.624988 2.900092 -0.466478
v 0.624988 2.900091 -0.124151
v 0.558821 2.893163 -0.126019
v 0.624626 2.893169 -0.126019
v 0.620202 2.872111 -0.148875
v 0.559066 2.871942 -0.148875
v 0.559562 2.828886 -0.441754
v 0.620202 2.829151 -0.148875
v 0.620202 2.829151 -0.441754
v 0.559562 2.828886 -0.148875
v 0.620202 2.829151 -0.148875
v 0.620202 2.872111 -0.441754
v 0.620202 2.829151 -0.441754
v 0.620202 2.872111 -0.148875
v 0.559562 2.828886 -0.148875
v 0.620202 2.872111 -0.148875
v 0.620202 2.829151 -0.148875
v 0.559066 2.871942 -0.148875
v 0.559562 2.828886 -0.441754
v 0.620202 2.872111 -0.441754
v 0.559066 2.871942 -0.441754
v 0.620202 2.829151 -0.441754
v 0.624988 2.259140 0.475849
v 0.624626 2.252218 0.135390
v 0.624626 2.252218 0.473981
v 0.624988 2.259140 0.133522
v 0.558741 2.259159 0.475849
v 0.624988 2.259140 0.475849
v 0.624626 2.252218 0.473981
v 0.558821 2.252211 0.473981
v 0.624626 2.252218 0.135390
v 0.558741 2.259159 0.133522
v 0.558821 2.252211 0.135390
v 0.624988 2.259140 0.133522
v 0.629651 2.300266 0.499941
v 0.629651 2.280904 0.109430
v 0.629651 2.280904 0.499941
v 0.629651 2.300266 0.109430
v 0.629651 2.300266 0.109430
v 0.558265 2.300499 0.109430
v 0.558488 2.281093 0.109430
v 0.629651 2.280904 0.109430
v 0.629651 2.300266 0.499941
v 0.558265 2.300499 0.109430
v 0.629651 2.300266 0.109430
v 0.558264 2.300498 0.499941
v 0.558488 2.281093 0.109430
v 0.624988 2.259140 0.133522
v 0.629651 2.280904 0.109430
v 0.558741 2.259159 0.133522
v 0.558488 2.281093 0.499941
v 0.624988 2.259140 0.475849
v 0.558741 2.259159 0.475849
v 0.629651 2.280904 0.499941
v 0.558488 2.281093 0.499941
v 0.629651 2.300266 0.499941
v 0.629651 2.280904 0.499941
v 0.558264 2.300498 0.499941
v 0.620202 2.231160 0.451125
v 0.624626 2.252218 0.135390
v 0.620202 2.231160 0.158246
v 0.624626 2.252218 0.473981
v 0.558821 2.252211 0.135390
v 0.620202 2.231160 0.158246
v 0.624626 2.252218 0.135390
v 0.559066 2.230991 0.158246
v 0.629651 2.280904 0.499941
v 0.624988 2.259140 0.133522
v 0.624988 2.259140 0.475849
v 0.629651 2.280904 0.109430
v 0.558821 2.252211 0.473981
v 0.620202 2.231160 0.451125
v 0.559066 2.230991 0.451125
v 0.624626 2.252218 0.473981
v 0.559562 2.187935 0.158246
v 0.620202 2.188200 0.451125
v 0.620202 2.188200 0.158246
v 0.559562 2.187934 0.451125
v 0.620202 2.188200 0.451125
v 0.620202 2.231160 0.158246
v 0.620202 2.188200 0.158246
v 0.620202 2.231160 0.451125
v 0.559562 2.187934 0.451125
v 0.620202 2.231160 0.451125
v 0.620202 2.188200 0.451125
v 0.559066 2.230991 0.451125
v 0.559562 2.187935 0.158246
v 0.620202 2.231160 0.158246
v 0.559066 2.230991 0.158246
v 0.620202 2.188200 0.158246
v 0.624988 2.259140 -0.124151
v 0.624988 2.259140 -0.466478
v 0.624626 2.252218 -0.464610
v 0.624626 2.252218 -0.126019
v 0.558741 2.259159 -0.124151
v 0.624626 2.252218 -0.126019
v 0.558821 2.252211 -0.126019
v 0.624988 2.259140 -0.124151
v 0.624626 2.252218 -0.464610
v 0.558741 2.259159 -0.466478
v 0.558821 2.252211 -0.464610
v 0.624988 2.259140 -0.466478
v 0.629651 2.300266 -0.100059
v 0.629651 2.280904 -0.490570
v 0.629651 2.280904 -0.100059
v 0.629651 2.300266 -0.490570
v 0.629651 2.300266 -0.490570
v 0.558265 2.300499 -0.490570
v 0.558488 2.281093 -0.490570
v 0.629651 2.280904 -0.490570
v 0.629651 2.300266 -0.100059
v 0.558265 2.300499 -0.490570
v 0.629651 2.300266 -0.490570
v 0.558264 2.300499 -0.100059
v 0.558488 2.281093 -0.490570
v 0.624988 2.259140 -0.466478
v 0.629651 2.280904 -0.490570
v 0.558741 2.259159 -0.466478
v 0.558488 2.281093 -0.100059
v 0.624988 2.259140 -0.124151
v 0.558741 2.259159 -0.124151
v 0.629651 2.280904 -0.100059
v 0.558488 2.281093 -0.100059
v 0.629651 2.300266 -0.100059
v 0.629651 2.280904 -0.100059
v 0.558264 2.300499 -0.100059
v 0.624626 2.252218 -0.126019
v 0.620202 2.231160 -0.441754
v 0.620202 2.231160 -0.148875
v 0.624626 2.252218 -0.464610
v 0.558821 2.252211 -0.464610
v 0.620202 2.231160 -0.441754
v 0.624626 2.252218 -0.464610
v 0.559066 2.230991 -0.441754
v 0.629651 2.280904 -0.100059
v 0.629651 2.280904 -0.490570
v 0.624988 2.259140 -0.466478
v 0.624988 2.259140 -0.124151
v 0.558821 2.252211 -0.126019
v 0.624626 2.252218 -0.126019
v 0.620202 2.231160 -0.148875
v 0.559066 2.230991 -0.148875
v 0.559562 2.187935 -0.441754
v 0.620202 2.188200 -0.148875
v 0.620202 2.188200 -0.441754
v 0.559562 2.187935 -0.148875
v 0.620202 2.188200 -0.148875
v 0.620202 2.231160 -0.441754
v 0.620202 2.188200 -0.441754
v 0.620202 2.231160 -0.148875
v 0.559562 2.187935 -0.148875
v 0.620202 2.231160 -0.148875
v 0.620202 2.188200 -0.148875
v 0.559066 2.230991 -0.148875
v 0.559562 2.187935 -0.441754
v 0.620202 2.231160 -0.441754
v 0.559066 2.230991 -0.441754
v 0.620202 2.188200 -0.441754
v 0.624988 1.608473 0.475849
v 0.624626 1.601550 0.135390
v 0.624626 1.601550 0.473981
v 0.624988 1.608473 0.133522
v 0.558741 1.608492 0.475849
v 0.624988 1.608473 0.475849
v 0.624626 1.601550 0.473981
v 0.558821 1.601544 0.473981
v 0.624626 1.601550 0.135390
v 0.558741 1.608492 0.133522
v 0.558821 1.601544 0.135390
v 0.624988 1.608473 0.133522
v 0.629651 1.649598 0.499941
v 0.629651 1.649599 0.109430
v 0.629651 1.630236 0.109430
v 0.629651 1.630236 0.499941
v 0.629651 1.649599 0.109430
v 0.558265 1.649831 0.109430
v 0.558488 1.630426 0.109430
v 0.629651 1.630236 0.109430
v 0.629651 1.649598 0.499941
v 0.558265 1.649831 0.109430
v 0.629651 1.649599 0.109430
v 0.558264 1.649831 0.499941
v 0.558488 1.630426 0.109430
v 0.624988 1.608473 0.133522
v 0.629651 1.630236 0.109430
v 0.558741 1.608492 0.133522
v 0.558488 1.630426 0.499941
v 0.629651 1.630236 0.499941
v 0.624988 1.608473 0.475849
v 0.558741 1.608492 0.475849
v 0.558488 1.630426 0.499941
v 0.629651 1.649598 0.499941
v 0.629651 1.630236 0.499941
v 0.558264 1.649831 0.499941
v 0.620202 1.580493 0.451125
v 0.624626 1.601550 0.135390
v 0.620202 1.580493 0.158246
v 0.624626 1.601550 0.473981
v 0.558821 1.601544 0.135390
v 0.620202 1.580493 0.158246
v 0.624626 1.601550 0.135390
v 0.559066 1.580323 0.158246
v 0.629651 1.630236 0.499941
v 0.629651 1.630236 0.109430
v 0.624988 1.608473 0.133522
v 0.624988 1.608473 0.475849
v 0.558821 1.601544 0.473981
v 0.624626 1.601550 0.473981
v 0.620202 1.580493 0.451125
v 0.559066 1.580323 0.451125
v 0.559562 1.537267 0.158246
v 0.620202 1.537533 0.451125
v 0.620202 1.537533 0.158246
v 0.559562 1.537267 0.451125
v 0.620202 1.537533 0.451125
v 0.620202 1.580493 0.158246
v 0.620202 1.537533 0.158246
v 0.620202 1.580493 0.451125
v 0.559562 1.537267 0.451125
v 0.620202 1.580493 0.451125
v 0.620202 1.537533 0.451125
v 0.559066 1.580323 0.451125
v 0.559562 1.537267 0.158246
v 0.620202 1.580493 0.158246
v 0.559066 1.580323 0.158246
v 0.620202 1.537533 0.158246
v 0.624988 1.608473 -0.124151
v 0.624988 1.608473 -0.466478
v 0.624626 1.601550 -0.464610
v 0.624626 1.601550 -0.126019
v 0.558741 1.608492 -0.124151
v 0.624626 1.601550 -0.126019
v 0.558821 1.601544 -0.126019
v 0.624988 1.608473 -0.124151
v 0.624626 1.601550 -0.464610
v 0.558741 1.608492 -0.466478
v 0.558821 1.601544 -0.464610
v 0.624988 1.608473 -0.466478
v 0.629651 1.649599 -0.100059
v 0.629651 1.630236 -0.490570
v 0.629651 1.630236 -0.100059
v 0.629651 1.649599 -0.490570
v 0.629651 1.649599 -0.490570
v 0.558265 1.649831 -0.490570
v 0.558488 1.630426 -0.490570
v 0.629651 1.630236 -0.490570
v 0.629651 1.649599 -0.100059
v 0.558265 1.649831 -0.490570
v 0.629651 1.649599 -0.490570
v 0.558264 1.649831 -0.100059
v 0.558488 1.630426 -0.490570
v 0.624988 1.608473 -0.466478
v 0.629651 1.630236 -0.490570
v 0.558741 1.608492 -0.466478
v 0.558488 1.630426 -0.100059
v 0.624988 1.608473 -0.124151
v 0.558741 1.608492 -0.124151
v 0.629651 1.630236 -0.100059
v 0.558488 1.630426 -0.100059
v 0.629651 1.649599 -0.100059
v 0.629651 1.630236 -0.100059
v 0.558264 1.649831 -0.100059
v 0.624626 1.601550 -0.126019
v 0.620202 1.580493 -0.441754
v 0.620202 1.580493 -0.148875
v 0.624626 1.601550 -0.464610
v 0.558821 1.601544 -0.464610
v 0.620202 1.580493 -0.441754
v 0.624626 1.601550 -0.464610
v 0.559066 1.580324 -0.441754
v 0.629651 1.630236 -0.100059
v 0.624988 1.608473 -0.466478
v 0.624988 1.608473 -0.124151
v 0.629651 1.630236 -0.490570
v 0.558821 1.601544 -0.126019
v 0.624626 1.601550 -0.126019
v 0.620202 1.580493 -0.148875
v 0.559066 1.580323 -0.148875
v 0.559562 1.537267 -0.441754
v 0.620202 1.537533 -0.148875
v 0.620202 1.537533 -0.441754
v 0.559562 1.537267 -0.148875
v 0.620202 1.537533 -0.148875
v 0.620202 1.580493 -0.441754
v 0.620202 1.537533 -0.441754
v 0.620202 1.580493 -0.148875
v 0.559562 1.537267 -0.148875
v 0.620202 1.580493 -0.148875
v 0.620202 1.537533 -0.148875
v 0.559066 1.580323 -0.148875
v 0.559562 1.537267 -0.441754
v 0.620202 1.580493 -0.441754
v 0.559066 1.580324 -0.441754
v 0.620202 1.537533 -0.441754
v -0.467472 2.900091 0.625982
v -0.125145 2.900091 0.625982
v -0.127014 2.893169 0.625620
v -0.465604 2.893169 0.625620
v -0.467472 2.900110 0.559735
v -0.467472 2.900091 0.625982
v -0.465604 2.893169 0.625620
v -0.465604 2.893162 0.559815
v -0.127014 2.893169 0.625620
v -0.125145 2.900110 0.559735
v -0.127014 2.893162 0.559815
v -0.125145 2.900091 0.625982
v -0.491564 2.941217 0.630646
v -0.101053 2.921854 0.630646
v -0.491564 2.921854 0.630646
v -0.101053 2.941217 0.630646
v -0.101053 2.941217 0.630646
v -0.101053 2.941450 0.559259
v -0.101053 2.922044 0.559483
v -0.101053 2.921854 0.630646
v -0.491564 2.941450 0.559259
v -0.101053 2.941217 0.630646
v -0.491564 2.941217 0.630646
v -0.101053 2.941450 0.559259
v -0.101053 2.922044 0.559483
v -0.125145 2.900091 0.625982
v -0.101053 2.921854 0.630646
v -0.125145 2.900110 0.559735
v -0.467472 2.900091 0.625982
v -0.467472 2.900110 0.559735
v -0.491564 2.922044 0.559483
v -0.491564 2.921854 0.630646
v -0.491564 2.922044 0.559483
v -0.491564 2.941217 0.630646
v -0.491564 2.921854 0.630646
v -0.491564 2.941450 0.559259
v -0.442748 2.872111 0.621196
v -0.127014 2.893169 0.625620
v -0.149869 2.872111 0.621196
v -0.465604 2.893169 0.625620
v -0.127014 2.893162 0.559815
v -0.149869 2.872111 0.621196
v -0.127014 2.893169 0.625620
v -0.149869 2.871942 0.560060
v -0.491564 2.921854 0.630646
v -0.101053 2.921854 0.630646
v -0.125145 2.900091 0.625982
v -0.467472 2.900091 0.625982
v -0.442748 2.872111 0.621196
v -0.442748 2.871942 0.560060
v -0.465604 2.893162 0.559815
v -0.465604 2.893169 0.625620
v -0.442748 2.829151 0.621196
v -0.149869 2.829151 0.621196
v -0.149869 2.828886 0.560556
v -0.442748 2.828886 0.560556
v -0.442748 2.829151 0.621196
v -0.149869 2.872111 0.621196
v -0.149869 2.829151 0.621196
v -0.442748 2.872111 0.621196
v -0.442748 2.828886 0.560556
v -0.442748 2.872111 0.621196
v -0.442748 2.829151 0.621196
v -0.442748 2.871942 0.560060
v -0.149869 2.828886 0.560556
v -0.149869 2.872111 0.621196
v -0.149869 2.871942 0.560060
v -0.149869 2.829151 0.621196
v 0.132528 2.900091 0.625982
v 0.472987 2.893169 0.625620
v 0.134396 2.893169 0.625620
v 0.474855 2.900091 0.625982
v 0.132528 2.900110 0.559735
v 0.134396 2.893169 0.625620
v 0.134396 2.893162 0.559815
v 0.132528 2.900091 0.625982
v 0.472987 2.893169 0.625620
v 0.474855 2.900110 0.559735
v 0.472987 2.893162 0.559815
v 0.474855 2.900091 0.625982
v 0.108436 2.941217 0.630646
v 0.498947 2.921854 0.630646
v 0.108436 2.921854 0.630646
v 0.498947 2.941217 0.630646
v 0.498947 2.941217 0.630646
v 0.498947 2.922044 0.559483
v 0.498947 2.921854 0.630646
v 0.498947 2.941450 0.559259
v 0.108436 2.941450 0.559259
v 0.498947 2.941217 0.630646
v 0.108436 2.941217 0.630646
v 0.498947 2.941450 0.559259
v 0.498947 2.922044 0.559483
v 0.474855 2.900091 0.625982
v 0.498947 2.921854 0.630646
v 0.474855 2.900110 0.559735
v 0.132528 2.900091 0.625982
v 0.132528 2.900110 0.559735
v 0.108436 2.922044 0.559483
v 0.108436 2.921854 0.630646
v 0.108436 2.922044 0.559483
v 0.108436 2.941217 0.630646
v 0.108436 2.921854 0.630646
v 0.108436 2.941450 0.559259
v 0.134396 2.893169 0.625620
v 0.450131 2.872111 0.621196
v 0.157252 2.872111 0.621196
v 0.472987 2.893169 0.625620
v 0.472987 2.893162 0.559815
v 0.450131 2.872111 0.621196
v 0.472987 2.893169 0.625620
v 0.450131 2.871942 0.560060
v 0.108436 2.921854 0.630646
v 0.498947 2.921854 0.630646
v 0.474855 2.900091 0.625982
v 0.132528 2.900091 0.625982
v 0.157252 2.872111 0.621196
v 0.157252 2.871942 0.560060
v 0.134396 2.893162 0.559815
v 0.134396 2.893169 0.625620
v 0.157252 2.829151 0.621196
v 0.450131 2.828886 0.560556
v 0.157252 2.828886 0.560556
v 0.450131 2.829151 0.621196
v 0.157252 2.829151 0.621196
v 0.450131 2.872111 0.621196
v 0.450131 2.829151 0.621196
v 0.157252 2.872111 0.621196
v 0.157252 2.828886 0.560556
v 0.157252 2.872111 0.621196
v 0.157252 2.829151 0.621196
v 0.157252 2.871942 0.560060
v 0.450131 2.828886 0.560556
v 0.450131 2.872111 0.621196
v 0.450131 2.871942 0.560060
v 0.450131 2.829151 0.621196
v -0.467472 2.259140 0.625982
v -0.125145 2.259140 0.625982
v -0.127014 2.252218 0.625620
v -0.465604 2.252218 0.625620
v -0.467472 2.259159 0.559735
v -0.467472 2.259140 0.625982
v -0.465604 2.252218 0.625620
v -0.465604 2.252211 0.559815
v -0.127014 2.252218 0.625620
v -0.125145 2.259159 0.559735
v -0.127014 2.252211 0.559815
v -0.125145 2.259140 0.625982
v -0.491564 2.280904 0.630646
v -0.491564 2.300289 0.623561
v -0.491564 2.293181 0.630646
v -0.491564 2.281093 0.559482
v -0.491564 2.300498 0.559259
v -0.101053 2.300266 0.630646
v -0.101053 2.300498 0.559259
v -0.101053 2.281093 0.559482
v -0.101053 2.280904 0.630646
v -0.491564 2.280904 0.630646
v -0.423845 2.300266 0.630646
v -0.101053 2.280904 0.630646
v -0.491564 2.293181 0.630646
v -0.101053 2.300266 0.630646
v -0.101053 2.281093 0.559482
v -0.125145 2.259140 0.625982
v -0.101053 2.280904 0.630646
v -0.125145 2.259159 0.559735
v -0.467472 2.259140 0.625982
v -0.467472 2.259159 0.559735
v -0.491564 2.281093 0.559482
v -0.491564 2.280904 0.630646
v -0.442748 2.231160 0.621196
v -0.127014 2.252218 0.625620
v -0.149869 2.231160 0.621196
v -0.465604 2.252218 0.625620
v -0.127014 2.252211 0.559815
v -0.149869 2.231160 0.621196
v -0.127014 2.252218 0.625620
v -0.149869 2.230991 0.560060
v -0.491564 2.280904 0.630646
v -0.101053 2.280904 0.630646
v -0.125145 2.259140 0.625982
v -0.467472 2.259140 0.625982
v -0.442748 2.231160 0.621196
v -0.442748 2.230991 0.560060
v -0.465604 2.252211 0.559815
v -0.465604 2.252218 0.625620
v -0.442748 2.188200 0.621196
v -0.149869 2.188200 0.621196
v -0.149869 2.187934 0.560556
v -0.442748 2.187934 0.560556
v -0.442748 2.188200 0.621196
v -0.149869 2.231160 0.621196
v -0.149869 2.188200 0.621196
v -0.442748 2.231160 0.621196
v -0.442748 2.187934 0.560556
v -0.442748 2.231160 0.621196
v -0.442748 2.188200 0.621196
v -0.442748 2.230991 0.560060
v -0.149869 2.187934 0.560556
v -0.149869 2.231160 0.621196
v -0.149869 2.230991 0.560060
v -0.149869 2.188200 0.621196
v 0.132528 2.259140 0.625982
v 0.472987 2.252218 0.625620
v 0.134396 2.252218 0.625620
v 0.474855 2.259140 0.625982
v 0.132528 2.259159 0.559735
v 0.132528 2.259140 0.625982
v 0.134396 2.252218 0.625620
v 0.134396 2.252211 0.559815
v 0.472987 2.252218 0.625620
v 0.474855 2.259159 0.559735
v 0.472987 2.252211 0.559815
v 0.474855 2.259140 0.625982
v 0.108436 2.300266 0.630646
v 0.498947 2.300266 0.630646
v 0.498947 2.280904 0.630646
v 0.108436 2.280904 0.630646
v 0.498947 2.300266 0.630646
v 0.498947 2.281093 0.559482
v 0.498947 2.280904 0.630646
v 0.498947 2.300498 0.559259
v 0.108436 2.300498 0.559259
v 0.498947 2.300266 0.630646
v 0.108436 2.300266 0.630646
v 0.498947 2.300498 0.559259
v 0.498947 2.281093 0.559482
v 0.474855 2.259140 0.625982
v 0.498947 2.280904 0.630646
v 0.474855 2.259159 0.559735
v 0.132528 2.259140 0.625982
v 0.132528 2.259159 0.559735
v 0.108436 2.281093 0.559482
v 0.108436 2.280904 0.630646
v 0.108436 2.281093 0.559482
v 0.108436 2.300266 0.630646
v 0.108436 2.280904 0.630646
v 0.108436 2.300498 0.559259
v 0.134396 2.252218 0.625620
v 0.472987 2.252218 0.625620
v 0.450131 2.231160 0.621196
v 0.157252 2.231160 0.621196
v 0.472987 2.252211 0.559815
v 0.450131 2.231160 0.621196
v 0.472987 2.252218 0.625620
v 0.450131 2.230991 0.560060
v 0.108436 2.280904 0.630646
v 0.474855 2.259140 0.625982
v 0.132528 2.259140 0.625982
v 0.498947 2.280904 0.630646
v 0.157252 2.231160 0.621196
v 0.157252 2.230991 0.560060
v 0.134396 2.252211 0.559815
v 0.134396 2.252218 0.625620
v 0.157252 2.188200 0.621196
v 0.450131 2.187934 0.560556
v 0.157252 2.187934 0.560556
v 0.450131 2.188200 0.621196
v 0.157252 2.188200 0.621196
v 0.450131 2.231160 0.621196
v 0.450131 2.188200 0.621196
v 0.157252 2.231160 0.621196
v 0.157252 2.187934 0.560556
v 0.157252 2.231160 0.621196
v 0.157252 2.188200 0.621196
v 0.157252 2.230991 0.560060
v 0.450131 2.187934 0.560556
v 0.450131 2.231160 0.621196
v 0.450131 2.230991 0.560060
v 0.450131 2.188200 0.621196
v -0.467472 1.608473 0.625982
v -0.127014 1.601550 0.625620
v -0.465604 1.601550 0.625620
v -0.125145 1.608473 0.625982
v -0.467472 1.608492 0.559735
v -0.467472 1.608473 0.625982
v -0.465604 1.601550 0.625620
v -0.465604 1.601544 0.559815
v -0.127014 1.601550 0.625620
v -0.125145 1.608492 0.559735
v -0.127014 1.601544 0.559815
v -0.125145 1.608473 0.625982
v -0.491564 1.649598 0.630645
v -0.101053 1.649598 0.630645
v -0.101053 1.630236 0.630645
v -0.491564 1.630236 0.630645
v -0.101053 1.649598 0.630645
v -0.101053 1.630426 0.559482
v -0.101053 1.630236 0.630645
v -0.101053 1.649831 0.559259
v -0.491564 1.649831 0.559259
v -0.101053 1.649598 0.630645
v -0.491564 1.649598 0.630645
v -0.101053 1.649831 0.559259
v -0.101053 1.630426 0.559482
v -0.125145 1.608473 0.625982
v -0.101053 1.630236 0.630645
v -0.125145 1.608492 0.559735
v -0.467472 1.608473 0.625982
v -0.467472 1.608492 0.559735
v -0.491564 1.630426 0.559482
v -0.491564 1.630236 0.630645
v -0.491564 1.630426 0.559482
v -0.491564 1.649598 0.630645
v -0.491564 1.630236 0.630645
v -0.491564 1.649831 0.559259
v -0.442748 1.580493 0.621196
v -0.127014 1.601550 0.625620
v -0.149869 1.580493 0.621196
v -0.465604 1.601550 0.625620
v -0.127014 1.601544 0.559815
v -0.149869 1.580493 0.621196
v -0.127014 1.601550 0.625620
v -0.149869 1.580323 0.560060
v -0.491564 1.630236 0.630645
v -0.101053 1.630236 0.630645
v -0.125145 1.608473 0.625982
v -0.467472 1.608473 0.625982
v -0.442748 1.580493 0.621196
v -0.442748 1.580323 0.560060
v -0.465604 1.601544 0.559815
v -0.465604 1.601550 0.625620
v -0.149869 1.537267 0.560556
v -0.149869 1.546923 0.621196
v -0.149869 1.580323 0.560060
v -0.149869 1.537511 0.616285
v -0.149869 1.580493 0.621196
v -0.442748 1.537267 0.560556
v -0.442748 1.580493 0.621196
v -0.442748 1.537533 0.621196
v -0.442748 1.580323 0.560060
v -0.149869 1.580493 0.621196
v -0.185378 1.537533 0.621196
v -0.442748 1.580493 0.621196
v -0.149869 1.546923 0.621196
v -0.442748 1.537533 0.621196
v 0.132528 1.608473 0.625982
v 0.472987 1.601550 0.625620
v 0.134396 1.601550 0.625620
v 0.474855 1.608473 0.625982
v 0.132528 1.608492 0.559735
v 0.134396 1.601550 0.625620
v 0.134396 1.601544 0.559815
v 0.132528 1.608473 0.625982
v 0.472987 1.601550 0.625620
v 0.474855 1.608492 0.559735
v 0.472987 1.601544 0.559815
v 0.474855 1.608473 0.625982
v 0.108436 1.649831 0.559259
v 0.186553 1.649598 0.630645
v 0.108436 1.649598 0.630645
v 0.204154 1.649831 0.559259
v 0.202689 1.649650 0.614928
v 0.498947 1.649598 0.630645
v 0.498947 1.649831 0.559259
v 0.498947 1.630426 0.559482
v 0.498947 1.630236 0.630645
v 0.108436 1.649598 0.630645
v 0.186553 1.649598 0.630645
v 0.108436 1.630236 0.630645
v 0.202294 1.630236 0.630645
v 0.199104 1.637060 0.630645
v 0.498947 1.630426 0.559482
v 0.474855 1.608473 0.625982
v 0.498947 1.630236 0.630645
v 0.474855 1.608492 0.559735
v 0.132528 1.608473 0.625982
v 0.132528 1.608492 0.559735
v 0.108436 1.630426 0.559482
v 0.108436 1.630236 0.630645
v 0.108436 1.630426 0.559482
v 0.108436 1.649598 0.630645
v 0.108436 1.630236 0.630645
v 0.108436 1.649831 0.559259
v 0.134396 1.601550 0.625620
v 0.450131 1.580493 0.621196
v 0.157252 1.580493 0.621196
v 0.472987 1.601550 0.625620
v 0.472987 1.601544 0.559815
v 0.450131 1.580493 0.621196
v 0.472987 1.601550 0.625620
v 0.450131 1.580323 0.560060
v 0.132528 1.608473 0.625982
v 0.202294 1.630236 0.630645
v 0.474855 1.608473 0.625982
v 0.498947 1.630236 0.630645
v 0.108436 1.630236 0.630645
v 0.157252 1.580493 0.621196
v 0.157252 1.580323 0.560060
v 0.134396 1.601544 0.559815
v 0.134396 1.601550 0.625620
v 0.157252 1.537533 0.621196
v 0.450131 1.537267 0.560556
v 0.157252 1.537267 0.560556
v 0.450131 1.537533 0.621196
v 0.157252 1.537533 0.621196
v 0.450131 1.580493 0.621196
v 0.450131 1.537533 0.621196
v 0.157252 1.580493 0.621196
v 0.157252 1.537267 0.560556
v 0.157252 1.580493 0.621196
v 0.157252 1.537533 0.621196
v 0.157252 1.580323 0.560060
v 0.450131 1.537267 0.560556
v 0.450131 1.580493 0.621196
v 0.450131 1.580323 0.560060
v 0.450131 1.537533 0.621196
v 0.588981 1.181714 -0.014506
v 0.616568 1.188789 -0.127294
v 0.616568 1.181714 -0.014506
v 0.588981 1.188789 -0.127294
v 0.588981 1.143522 -0.130134
v 0.616568 1.136446 -0.017346
v 0.616568 1.143522 -0.130134
v 0.588981 1.136446 -0.017346
v 0.616568 1.143522 -0.130134
v 0.616568 1.181714 -0.014506
v 0.616568 1.188789 -0.127294
v 0.616568 1.136446 -0.017346
v 0.588981 1.136446 -0.017346
v 0.616568 1.181714 -0.014506
v 0.616568 1.136446 -0.017346
v 0.588981 1.181714 -0.014506
v 0.616568 1.143522 -0.130134
v 0.588981 1.188789 -0.127294
v 0.588981 1.143522 -0.130134
v 0.616568 1.188789 -0.127294
v 0.588981 1.779941 0.455710
v 0.616568 1.779941 0.559418
v 0.616568 1.779941 0.455710
v 0.588981 1.779941 0.568720
v 0.607266 1.779941 0.568720
v 0.616568 1.825297 0.559418
v 0.616568 1.779941 0.559418
v 0.607266 1.779941 0.568720
v 0.607266 1.825297 0.568720
v 0.588981 1.779941 0.568720
v 0.607266 1.825297 0.568720
v 0.607266 1.779941 0.568720
v 0.588981 1.825297 0.568720
v 0.588981 1.825297 0.568720
v 0.616568 1.825297 0.559418
v 0.607266 1.825297 0.568720
v 0.588981 1.825297 0.455710
v 0.616568 1.825297 0.455710
v 0.616568 1.779941 0.559418
v 0.616568 1.825297 0.455710
v 0.616568 1.779941 0.455710
v 0.616568 1.825297 0.559418
v 0.616568 1.779941 0.455710
v 0.588981 1.825297 0.455710
v 0.588981 1.779941 0.455710
v 0.616568 1.825297 0.455710
v 0.589285 2.480504 0.040816
v 0.616873 2.475651 -0.072089
v 0.616827 2.476888 0.040961
v 0.589289 2.476016 -0.072104
v 0.616274 2.430335 -0.070288
v 0.588686 2.435188 0.042618
v 0.616270 2.434824 0.042633
v 0.588689 2.430699 -0.070303
v 0.616274 2.430335 -0.070288
v 0.616827 2.476888 0.040961
v 0.616873 2.475651 -0.072089
v 0.616270 2.434824 0.042633
v 0.588686 2.435188 0.042618
v 0.616827 2.476888 0.040961
v 0.616270 2.434824 0.042633
v 0.589285 2.480504 0.040816
v 0.616274 2.430335 -0.070288
v 0.589289 2.476016 -0.072104
v 0.588689 2.430699 -0.070303
v 0.616873 2.475651 -0.072089
v 0.616568 2.373008 -0.133091
v 0.616568 2.418365 -0.115322
v 0.616568 2.400595 -0.133091
v 0.616568 2.418365 -0.020081
v 0.616568 2.373008 -0.037851
v 0.616568 2.390778 -0.020081
v 0.598798 2.373008 -0.020081
v 0.616568 2.390778 -0.020081
v 0.616568 2.373008 -0.037851
v 0.616568 2.418365 -0.115322
v 0.598798 2.418365 -0.133091
v 0.616568 2.400595 -0.133091
v 0.588981 2.373008 -0.133091
v 0.616568 2.373008 -0.037851
v 0.616568 2.373008 -0.133091
v 0.588981 2.373008 -0.020081
v 0.598798 2.373008 -0.020081
v 0.616568 2.390778 -0.020081
v 0.588981 2.418365 -0.020081
v 0.616568 2.418365 -0.020081
v 0.598798 2.373008 -0.020081
v 0.588981 2.373008 -0.020081
v 0.598798 2.418365 -0.133091
v 0.588981 2.373008 -0.133091
v 0.616568 2.400595 -0.133091
v 0.588981 2.418365 -0.133091
v 0.616568 2.373008 -0.133091
v 0.588981 2.418365 -0.020081
v 0.616568 2.418365 -0.115322
v 0.616568 2.418365 -0.020081
v 0.588981 2.418365 -0.133091
v 0.598798 2.418365 -0.133091
v 0.588981 3.028499 0.474853
v 0.616568 3.028499 0.461460
v 0.603175 3.028499 0.474853
v 0.588981 3.028499 0.361843
v 0.616568 3.028499 0.361843
v 0.616568 3.028499 0.461460
v 0.616568 3.015106 0.474853
v 0.603175 3.028499 0.474853
v 0.588981 2.983143 0.474853
v 0.616568 3.015106 0.474853
v 0.616568 2.983143 0.474853
v 0.588981 3.028499 0.474853
v 0.603175 3.028499 0.474853
v 0.588981 2.983143 0.361843
v 0.616568 2.983143 0.474853
v 0.616568 2.983143 0.361843
v 0.588981 2.983143 0.474853
v 0.616568 2.983143 0.361843
v 0.616568 3.028499 0.461460
v 0.616568 3.028499 0.361843
v 0.616568 2.983143 0.474853
v 0.616568 3.015106 0.474853
v 0.616568 2.983143 0.361843
v 0.588981 3.028499 0.361843
v 0.588981 2.983143 0.361843
v 0.616568 3.028499 0.361843
v 0.270956 3.101914 0.583755
v 0.383938 3.104406 0.611342
v 0.270956 3.101914 0.611342
v 0.383938 3.104406 0.583755
v 0.271956 3.056569 0.611342
v 0.384938 3.059061 0.583755
v 0.271956 3.056569 0.583755
v 0.384938 3.059061 0.611342
v 0.271956 3.056569 0.611342
v 0.383938 3.104406 0.611342
v 0.384938 3.059061 0.611342
v 0.270956 3.101914 0.611342
v 0.271956 3.056569 0.583755
v 0.270956 3.101914 0.611342
v 0.271956 3.056569 0.611342
v 0.270956 3.101914 0.583755
v 0.384938 3.059061 0.611342
v 0.383938 3.104406 0.583755
v 0.384938 3.059061 0.583755
v 0.383938 3.104406 0.611342
v 0.361042 3.044709 0.583755
v 0.474052 3.044709 0.583755
v 0.474052 3.044709 0.611342
v 0.361042 3.044709 0.611342
v 0.361042 2.999353 0.611342
v 0.474052 2.999353 0.583755
v 0.361042 2.999353 0.583755
v 0.474052 2.999353 0.611342
v 0.361042 2.999353 0.611342
v 0.474052 3.044709 0.611342
v 0.474052 2.999353 0.611342
v 0.361042 3.044709 0.611342
v 0.361042 2.999353 0.583755
v 0.361042 3.044709 0.611342
v 0.361042 2.999353 0.611342
v 0.361042 3.044709 0.583755
v 0.474052 2.999353 0.611342
v 0.474052 3.044709 0.583755
v 0.474052 2.999353 0.583755
v 0.474052 3.044709 0.611342
v 0.448438 1.124735 0.583754
v 0.561291 1.130685 0.611341
v 0.448438 1.124735 0.611341
v 0.561291 1.130685 0.583754
v 0.450827 1.079441 0.583754
v 0.563375 1.091163 0.611341
v 0.563680 1.085392 0.583754
v 0.450827 1.079441 0.611341
v 0.563375 1.091163 0.611341
v 0.448438 1.124735 0.611341
v 0.561291 1.130685 0.611341
v 0.450827 1.079441 0.611341
v 0.450827 1.079441 0.583754
v 0.448438 1.124735 0.611341
v 0.450827 1.079441 0.611341
v 0.448438 1.124735 0.583754
v 0.563375 1.091163 0.611341
v 0.561291 1.130685 0.583754
v 0.563680 1.085392 0.583754
v 0.561291 1.130685 0.611341
v 0.051363 1.835607 0.583755
v 0.038758 1.836630 0.611341
v 0.051363 1.835607 0.598695
v -0.061277 1.844749 0.583755
v -0.061277 1.844749 0.611341
v 0.038758 1.836630 0.611341
v 0.052386 1.848212 0.611341
v 0.051363 1.835607 0.598695
v -0.057608 1.889957 0.583755
v 0.055032 1.880815 0.611341
v -0.057608 1.889957 0.611341
v 0.055032 1.880815 0.583755
v 0.051363 1.835607 0.583755
v 0.052386 1.848212 0.611341
v 0.055032 1.880815 0.583755
v 0.051363 1.835607 0.598695
v 0.055032 1.880815 0.611341
v -0.061277 1.844749 0.583755
v -0.057608 1.889957 0.611341
v -0.061277 1.844749 0.611341
v -0.057608 1.889957 0.583755
v 0.055032 1.880815 0.611341
v 0.038758 1.836630 0.611341
v -0.057608 1.889957 0.611341
v 0.052386 1.848212 0.611341
v -0.061277 1.844749 0.611341
v -0.127480 1.831326 0.583755
v -0.117957 1.831326 0.611341
v -0.127480 1.831326 0.601818
v -0.014470 1.831326 0.583755
v -0.014470 1.831326 0.611341
v -0.117957 1.831326 0.611341
v -0.127480 1.804162 0.611341
v -0.127480 1.831326 0.601818
v -0.127480 1.785969 0.583755
v -0.127480 1.804162 0.611341
v -0.127480 1.785969 0.611341
v -0.127480 1.831326 0.583755
v -0.127480 1.831326 0.601818
v -0.127480 1.785969 0.611341
v -0.014470 1.785969 0.611341
v -0.014470 1.785969 0.583755
v -0.127480 1.785969 0.583755
v -0.117957 1.831326 0.611341
v -0.014470 1.785969 0.611341
v -0.127480 1.804162 0.611341
v -0.014470 1.831326 0.611341
v -0.127480 1.785969 0.611341
v -0.014470 1.785969 0.611341
v -0.014470 1.831326 0.583755
v -0.014470 1.785969 0.583755
v -0.014470 1.831326 0.611341
v 0.625663 0.910177 -0.021773
v 0.614284 1.011207 -0.095672
v 0.613757 0.910177 -0.021857
v 0.626190 1.011207 -0.095587
v 0.614064 0.996239 -0.064888
v 0.625476 0.996239 0.004420
v 0.625970 0.996239 -0.064803
v 0.613570 0.996239 0.004335
v 0.623921 0.996239 0.222292
v 0.612015 0.960351 0.222207
v 0.623921 0.960351 0.222292
v 0.612015 0.996239 0.222207
v 0.612227 0.961632 0.192515
v 0.623921 0.960351 0.222292
v 0.612015 0.960351 0.222207
v 0.624133 0.961632 0.192600
v 0.612289 0.971775 0.183767
v 0.624133 0.961632 0.192600
v 0.612227 0.961632 0.192515
v 0.624195 0.971775 0.183852
v 0.612289 0.971775 0.183767
v 0.624194 0.986967 0.183985
v 0.624195 0.971775 0.183852
v 0.612288 0.986967 0.183900
v 0.612208 0.995676 0.195117
v 0.624194 0.986967 0.183985
v 0.612288 0.986967 0.183900
v 0.624114 0.995676 0.195202
v 0.611896 1.011207 0.238875
v 0.624133 1.010636 0.192493
v 0.623802 1.011207 0.238960
v 0.612228 1.010636 0.192408
v 0.612228 1.010636 0.192408
v 0.624262 1.001933 0.174405
v 0.624133 1.010636 0.192493
v 0.612357 1.001933 0.174320
v 0.612973 0.910177 0.088014
v 0.625405 0.910177 0.014284
v 0.624879 0.910177 0.088099
v 0.613500 0.910177 0.014199
v 0.623921 0.945384 0.222292
v 0.612015 0.895209 0.222207
v 0.623921 0.895209 0.222292
v 0.612015 0.945384 0.222207
v 0.611896 1.011207 0.238875
v 0.623802 0.895209 0.238960
v 0.611896 0.895209 0.238875
v 0.623802 1.011207 0.238960
v 0.612641 0.895209 0.134446
v 0.624428 0.895209 0.151199
v 0.624547 0.895209 0.134531
v 0.612522 0.895209 0.151114
v 0.612641 1.011207 0.134446
v 0.624428 1.011207 0.151199
v 0.612522 1.011207 0.151114
v 0.624547 1.011207 0.134531
v 0.612786 1.011207 0.114207
v 0.624692 0.996239 0.114292
v 0.612786 0.996239 0.114207
v 0.624692 1.011207 0.114292
v 0.625405 0.910177 0.014284
v 0.613500 0.895209 0.014199
v 0.625405 0.895209 0.014284
v 0.613500 0.910177 0.014199
v 0.613280 0.996239 0.044984
v 0.624659 0.895209 0.118884
v 0.612753 0.895209 0.118799
v 0.625186 0.996239 0.045069
v 0.613570 1.011207 0.004335
v 0.625476 0.996239 0.004420
v 0.613570 0.996239 0.004335
v 0.625476 1.011207 0.004420
v 0.626190 0.910177 -0.095587
v 0.614284 0.895209 -0.095672
v 0.626190 0.895209 -0.095587
v 0.614284 0.910177 -0.095672
v 0.614064 0.996239 -0.064888
v 0.625443 0.895209 0.009012
v 0.613537 0.895209 0.008927
v 0.625970 0.996239 -0.064803
v 0.614832 0.944363 -0.172378
v 0.626480 0.944363 -0.136236
v 0.614574 0.944363 -0.136321
v 0.626737 0.944363 -0.172293
v 0.614991 0.895209 -0.194659
v 0.626786 0.929396 -0.179096
v 0.626896 0.895209 -0.194574
v 0.614880 0.929396 -0.179181
v 0.626329 0.895209 -0.115146
v 0.614528 0.929396 -0.129858
v 0.614424 0.895209 -0.115231
v 0.626434 0.929396 -0.129773
v 0.614284 0.910177 -0.095672
v 0.625663 0.910177 -0.021773
v 0.613757 0.910177 -0.021857
v 0.626190 0.910177 -0.095587
v 0.626480 0.944363 -0.136236
v 0.614698 0.986374 -0.153669
v 0.614574 0.944363 -0.136321
v 0.626604 0.986374 -0.153584
v 0.624547 1.011207 0.134531
v 0.612641 0.895209 0.134446
v 0.624547 0.895209 0.134531
v 0.612641 1.011207 0.134446
v 0.615112 0.895209 -0.211667
v 0.626896 0.895209 -0.194574
v 0.627018 0.895209 -0.211582
v 0.614991 0.895209 -0.194659
v 0.612208 0.995676 0.195117
v 0.623921 0.996239 0.222292
v 0.624114 0.995676 0.195202
v 0.612015 0.996239 0.222207
v 0.624262 1.001933 0.174405
v 0.612428 0.974963 0.164385
v 0.624333 0.974963 0.164470
v 0.612357 1.001933 0.174320
v 0.624879 0.910177 0.088099
v 0.613500 1.011207 0.014200
v 0.612973 0.910177 0.088014
v 0.625405 1.011207 0.014285
v 0.624201 0.947949 0.183030
v 0.612428 0.974963 0.164385
v 0.612295 0.947949 0.182945
v 0.624333 0.974963 0.164470
v 0.612295 0.947949 0.182945
v 0.623921 0.945384 0.222292
v 0.624201 0.947949 0.183030
v 0.612015 0.945384 0.222207
v 0.612015 0.895209 0.222207
v 0.623802 0.895209 0.238960
v 0.623921 0.895209 0.222292
v 0.611896 0.895209 0.238875
v 0.612522 0.895209 0.151114
v 0.624428 1.011207 0.151199
v 0.624428 0.895209 0.151199
v 0.612522 1.011207 0.151114
v 0.613280 0.996239 0.044984
v 0.624692 0.996239 0.114292
v 0.625186 0.996239 0.045069
v 0.612786 0.996239 0.114207
v 0.612786 1.011207 0.114207
v 0.625405 1.011207 0.014285
v 0.624692 1.011207 0.114292
v 0.613500 1.011207 0.014200
v 0.612753 0.895209 0.118799
v 0.625405 0.895209 0.014284
v 0.613500 0.895209 0.014199
v 0.624659 0.895209 0.118884
v 0.614284 1.011207 -0.095672
v 0.625476 1.011207 0.004420
v 0.613570 1.011207 0.004335
v 0.626190 1.011207 -0.095587
v 0.614284 0.895209 -0.095672
v 0.625443 0.895209 0.009012
v 0.626190 0.895209 -0.095587
v 0.613537 0.895209 0.008927
v 0.614832 0.944363 -0.172378
v 0.626604 0.986374 -0.153584
v 0.626737 0.944363 -0.172293
v 0.614698 0.986374 -0.153669
v 0.626605 1.013740 -0.153791
v 0.615112 0.895209 -0.211667
v 0.627018 0.895209 -0.211582
v 0.614699 1.013740 -0.153876
v 0.614880 0.929396 -0.179181
v 0.626434 0.929396 -0.129773
v 0.626786 0.929396 -0.179096
v 0.614528 0.929396 -0.129858
v 0.614424 0.895209 -0.115231
v 0.626208 0.895209 -0.098138
v 0.626329 0.895209 -0.115146
v 0.614302 0.895209 -0.098223
v 0.614699 1.013740 -0.153876
v 0.626208 0.895209 -0.098138
v 0.614302 0.895209 -0.098223
v 0.626605 1.013740 -0.153791
v 0.611896 0.895209 0.238875
v 0.612015 0.895209 0.222207
v 0.612015 0.945384 0.222207
v 0.612015 0.945384 0.222207
v 0.612295 0.947949 0.182945
v 0.612227 0.961632 0.192515
v 0.612015 0.945384 0.222207
v 0.612227 0.961632 0.192515
v 0.612015 0.960351 0.222207
v 0.611896 0.895209 0.238875
v 0.612015 0.945384 0.222207
v 0.612015 0.960351 0.222207
v 0.612227 0.961632 0.192515
v 0.612295 0.947949 0.182945
v 0.612428 0.974963 0.164385
v 0.612227 0.961632 0.192515
v 0.612428 0.974963 0.164385
v 0.612289 0.971775 0.183767
v 0.612289 0.971775 0.183767
v 0.612428 0.974963 0.164385
v 0.612288 0.986967 0.183900
v 0.612288 0.986967 0.183900
v 0.612428 0.974963 0.164385
v 0.612208 0.995676 0.195117
v 0.612208 0.995676 0.195117
v 0.612428 0.974963 0.164385
v 0.612357 1.001933 0.174320
v 0.611896 0.895209 0.238875
v 0.612015 0.960351 0.222207
v 0.612015 0.996239 0.222207
v 0.612015 0.996239 0.222207
v 0.612208 0.995676 0.195117
v 0.612357 1.001933 0.174320
v 0.612015 0.996239 0.222207
v 0.612357 1.001933 0.174320
v 0.612228 1.010636 0.192408
v 0.612015 0.996239 0.222207
v 0.612228 1.010636 0.192408
v 0.611896 1.011207 0.238875
v 0.611896 0.895209 0.238875
v 0.612015 0.996239 0.222207
v 0.611896 1.011207 0.238875
v 0.612522 0.895209 0.151114
v 0.612641 0.895209 0.134446
v 0.612641 1.011207 0.134446
v 0.612522 0.895209 0.151114
v 0.612641 1.011207 0.134446
v 0.612522 1.011207 0.151114
v 0.612753 0.895209 0.118799
v 0.613500 0.895209 0.014199
v 0.613500 0.910177 0.014199
v 0.612753 0.895209 0.118799
v 0.613500 0.910177 0.014199
v 0.612973 0.910177 0.088014
v 0.612753 0.895209 0.118799
v 0.612973 0.910177 0.088014
v 0.613280 0.996239 0.044984
v 0.613280 0.996239 0.044984
v 0.612973 0.910177 0.088014
v 0.613500 1.011207 0.014200
v 0.612786 0.996239 0.114207
v 0.613280 0.996239 0.044984
v 0.613500 1.011207 0.014200
v 0.612786 0.996239 0.114207
v 0.613500 1.011207 0.014200
v 0.612786 1.011207 0.114207
v 0.613537 0.895209 0.008927
v 0.614284 0.895209 -0.095672
v 0.614284 0.910177 -0.095672
v 0.613537 0.895209 0.008927
v 0.614284 0.910177 -0.095672
v 0.613757 0.910177 -0.021857
v 0.613537 0.895209 0.008927
v 0.613757 0.910177 -0.021857
v 0.614064 0.996239 -0.064888
v 0.614064 0.996239 -0.064888
v 0.613757 0.910177 -0.021857
v 0.614284 1.011207 -0.095672
v 0.613570 0.996239 0.004335
v 0.614064 0.996239 -0.064888
v 0.614284 1.011207 -0.095672
v 0.613570 0.996239 0.004335
v 0.614284 1.011207 -0.095672
v 0.613570 1.011207 0.004335
v 0.614991 0.895209 -0.194659
v 0.615112 0.895209 -0.211667
v 0.614880 0.929396 -0.179181
v 0.614302 0.895209 -0.098223
v 0.614424 0.895209 -0.115231
v 0.614528 0.929396 -0.129858
v 0.614880 0.929396 -0.179181
v 0.615112 0.895209 -0.211667
v 0.614832 0.944363 -0.172378
v 0.614528 0.929396 -0.129858
v 0.614880 0.929396 -0.179181
v 0.614832 0.944363 -0.172378
v 0.614528 0.929396 -0.129858
v 0.614832 0.944363 -0.172378
v 0.614574 0.944363 -0.136321
v 0.614302 0.895209 -0.098223
v 0.614528 0.929396 -0.129858
v 0.614574 0.944363 -0.136321
v 0.614832 0.944363 -0.172378
v 0.615112 0.895209 -0.211667
v 0.614698 0.986374 -0.153669
v 0.614302 0.895209 -0.098223
v 0.614574 0.944363 -0.136321
v 0.614698 0.986374 -0.153669
v 0.614698 0.986374 -0.153669
v 0.615112 0.895209 -0.211667
v 0.614699 1.013740 -0.153876
v 0.614302 0.895209 -0.098223
v 0.614698 0.986374 -0.153669
v 0.614699 1.013740 -0.153876
v 0.623802 0.895209 0.238960
v 0.623921 0.945384 0.222292
v 0.623921 0.895209 0.222292
v 0.623921 0.945384 0.222292
v 0.624133 0.961632 0.192600
v 0.624201 0.947949 0.183030
v 0.623921 0.945384 0.222292
v 0.623921 0.960351 0.222292
v 0.624133 0.961632 0.192600
v 0.623802 0.895209 0.238960
v 0.623921 0.960351 0.222292
v 0.623921 0.945384 0.222292
v 0.624133 0.961632 0.192600
v 0.624333 0.974963 0.164470
v 0.624201 0.947949 0.183030
v 0.624133 0.961632 0.192600
v 0.624195 0.971775 0.183852
v 0.624333 0.974963 0.164470
v 0.624195 0.971775 0.183852
v 0.624194 0.986967 0.183985
v 0.624333 0.974963 0.164470
v 0.624194 0.986967 0.183985
v 0.624114 0.995676 0.195202
v 0.624333 0.974963 0.164470
v 0.624114 0.995676 0.195202
v 0.624262 1.001933 0.174405
v 0.624333 0.974963 0.164470
v 0.623802 0.895209 0.238960
v 0.623921 0.996239 0.222292
v 0.623921 0.960351 0.222292
v 0.623921 0.996239 0.222292
v 0.624262 1.001933 0.174405
v 0.624114 0.995676 0.195202
v 0.623921 0.996239 0.222292
v 0.624133 1.010636 0.192493
v 0.624262 1.001933 0.174405
v 0.623921 0.996239 0.222292
v 0.623802 1.011207 0.238960
v 0.624133 1.010636 0.192493
v 0.623802 0.895209 0.238960
v 0.623802 1.011207 0.238960
v 0.623921 0.996239 0.222292
v 0.624428 0.895209 0.151199
v 0.624547 1.011207 0.134531
v 0.624547 0.895209 0.134531
v 0.624428 0.895209 0.151199
v 0.624428 1.011207 0.151199
v 0.624547 1.011207 0.134531
v 0.624659 0.895209 0.118884
v 0.625405 0.910177 0.014284
v 0.625405 0.895209 0.014284
v 0.624659 0.895209 0.118884
v 0.624879 0.910177 0.088099
v 0.625405 0.910177 0.014284
v 0.624659 0.895209 0.118884
v 0.625186 0.996239 0.045069
v 0.624879 0.910177 0.088099
v 0.625186 0.996239 0.045069
v 0.625405 1.011207 0.014285
v 0.624879 0.910177 0.088099
v 0.624692 0.996239 0.114292
v 0.625405 1.011207 0.014285
v 0.625186 0.996239 0.045069
v 0.624692 0.996239 0.114292
v 0.624692 1.011207 0.114292
v 0.625405 1.011207 0.014285
v 0.625443 0.895209 0.009012
v 0.626190 0.910177 -0.095587
v 0.626190 0.895209 -0.095587
v 0.625443 0.895209 0.009012
v 0.625663 0.910177 -0.021773
v 0.626190 0.910177 -0.095587
v 0.625443 0.895209 0.009012
v 0.625970 0.996239 -0.064803
v 0.625663 0.910177 -0.021773
v 0.625970 0.996239 -0.064803
v 0.626190 1.011207 -0.095587
v 0.625663 0.910177 -0.021773
v 0.625476 0.996239 0.004420
v 0.626190 1.011207 -0.095587
v 0.625970 0.996239 -0.064803
v 0.625476 0.996239 0.004420
v 0.625476 1.011207 0.004420
v 0.626190 1.011207 -0.095587
v 0.626896 0.895209 -0.194574
v 0.626786 0.929396 -0.179096
v 0.627018 0.895209 -0.211582
v 0.626208 0.895209 -0.098138
v 0.626434 0.929396 -0.129773
v 0.626329 0.895209 -0.115146
v 0.626786 0.929396 -0.179096
v 0.626737 0.944363 -0.172293
v 0.627018 0.895209 -0.211582
v 0.626434 0.929396 -0.129773
v 0.626737 0.944363 -0.172293
v 0.626786 0.929396 -0.179096
v 0.626434 0.929396 -0.129773
v 0.626480 0.944363 -0.136236
v 0.626737 0.944363 -0.172293
v 0.626208 0.895209 -0.098138
v 0.626480 0.944363 -0.136236
v 0.626434 0.929396 -0.129773
v 0.626737 0.944363 -0.172293
v 0.626604 0.986374 -0.153584
v 0.627018 0.895209 -0.211582
v 0.626208 0.895209 -0.098138
v 0.626604 0.986374 -0.153584
v 0.626480 0.944363 -0.136236
v 0.626604 0.986374 -0.153584
v 0.626605 1.013740 -0.153791
v 0.627018 0.895209 -0.211582
v 0.626208 0.895209 -0.098138
v 0.626605 1.013740 -0.153791
v 0.626604 0.986374 -0.153584
v 0.124219 1.011207 0.623950
v 0.050402 0.910177 0.612044
v 0.050402 0.910177 0.623950
v 0.124219 1.011207 0.612044
v 0.024209 0.996239 0.623950
v 0.093433 0.996239 0.623950
v 0.024209 0.996239 0.612044
v 0.093433 0.996239 0.612044
v -0.193669 0.996239 0.623950
v -0.193669 0.960351 0.612044
v -0.193669 0.960351 0.623950
v -0.193669 0.996239 0.612044
v -0.193669 0.960351 0.623950
v -0.163976 0.961632 0.612044
v -0.163976 0.961632 0.623950
v -0.193669 0.960351 0.612044
v -0.155228 0.971775 0.612044
v -0.155228 0.971775 0.623950
v -0.163976 0.961632 0.623950
v -0.163976 0.961632 0.612044
v -0.155361 0.986967 0.612044
v -0.155361 0.986967 0.623950
v -0.155228 0.971775 0.623950
v -0.155228 0.971775 0.612044
v -0.155361 0.986967 0.623950
v -0.155361 0.986967 0.612044
v -0.166578 0.995676 0.612044
v -0.166578 0.995676 0.623950
v -0.210337 1.011207 0.623950
v -0.163869 1.010636 0.612044
v -0.163869 1.010636 0.623950
v -0.210337 1.011207 0.612044
v -0.163869 1.010636 0.623950
v -0.145781 1.001933 0.612044
v -0.145781 1.001933 0.623950
v -0.163869 1.010636 0.612044
v -0.059472 0.910177 0.623950
v 0.014344 0.910177 0.612044
v 0.014344 0.910177 0.623950
v -0.059472 0.910177 0.612044
v -0.193669 0.945384 0.623950
v -0.193669 0.895209 0.612044
v -0.193669 0.895209 0.623950
v -0.193669 0.945384 0.612044
v -0.210337 1.011207 0.612044
v -0.210337 0.895209 0.623950
v -0.210337 0.895209 0.612044
v -0.210337 1.011207 0.623950
v -0.105906 0.895209 0.623950
v -0.105906 0.895209 0.612044
v -0.122574 0.895209 0.612044
v -0.122574 0.895209 0.623950
v -0.122574 1.011207 0.623950
v -0.105906 1.011207 0.612044
v -0.105906 1.011207 0.623950
v -0.122574 1.011207 0.612044
v -0.085665 1.011207 0.612044
v -0.085665 1.011207 0.623950
v -0.085665 0.996239 0.623950
v -0.085665 0.996239 0.612044
v 0.014344 0.910177 0.623950
v 0.014344 0.895209 0.612044
v 0.014344 0.895209 0.623950
v 0.014344 0.910177 0.612044
v -0.016441 0.996239 0.612044
v -0.090258 0.895209 0.623950
v -0.090258 0.895209 0.612044
v -0.016441 0.996239 0.623950
v 0.024209 1.011207 0.612044
v 0.024209 0.996239 0.623950
v 0.024209 0.996239 0.612044
v 0.024209 1.011207 0.623950
v 0.124219 0.910177 0.623950
v 0.124219 0.895209 0.612044
v 0.124219 0.895209 0.623950
v 0.124219 0.910177 0.612044
v 0.093433 0.996239 0.612044
v 0.019617 0.895209 0.623950
v 0.019617 0.895209 0.612044
v 0.093433 0.996239 0.623950
v 0.164869 0.944363 0.623950
v 0.200927 0.944363 0.612044
v 0.200927 0.944363 0.623950
v 0.164869 0.944363 0.612044
v 0.207730 0.929396 0.612044
v 0.223208 0.895209 0.623950
v 0.223208 0.895209 0.612044
v 0.207730 0.929396 0.623950
v 0.158406 0.929396 0.623950
v 0.143778 0.895209 0.612044
v 0.143778 0.895209 0.623950
v 0.158406 0.929396 0.612044
v 0.050402 0.910177 0.623950
v 0.124219 0.910177 0.612044
v 0.124219 0.910177 0.623950
v 0.050402 0.910177 0.612044
v 0.182217 0.986374 0.623950
v 0.164869 0.944363 0.612044
v 0.164869 0.944363 0.623950
v 0.182217 0.986374 0.612044
v -0.105906 1.011207 0.623950
v -0.105906 0.895209 0.612044
v -0.105906 0.895209 0.623950
v -0.105906 1.011207 0.612044
v 0.240216 0.895209 0.623950
v 0.240216 0.895209 0.612044
v 0.223208 0.895209 0.612044
v 0.223208 0.895209 0.623950
v -0.193669 0.996239 0.623950
v -0.166578 0.995676 0.623950
v -0.193669 0.996239 0.612044
v -0.166578 0.995676 0.612044
v -0.145781 1.001933 0.623950
v -0.135845 0.974963 0.612044
v -0.135845 0.974963 0.623950
v -0.145781 1.001933 0.612044
v 0.014344 1.011207 0.623950
v -0.059472 0.910177 0.612044
v -0.059472 0.910177 0.623950
v 0.014344 1.011207 0.612044
v -0.135845 0.974963 0.623950
v -0.154406 0.947949 0.612044
v -0.154406 0.947949 0.623950
v -0.135845 0.974963 0.612044
v -0.193669 0.945384 0.623950
v -0.154406 0.947949 0.623950
v -0.193669 0.945384 0.612044
v -0.154406 0.947949 0.612044
v -0.193669 0.895209 0.623950
v -0.193669 0.895209 0.612044
v -0.210337 0.895209 0.612044
v -0.210337 0.895209 0.623950
v -0.122574 1.011207 0.612044
v -0.122574 0.895209 0.623950
v -0.122574 0.895209 0.612044
v -0.122574 1.011207 0.623950
v -0.085665 0.996239 0.623950
v -0.016441 0.996239 0.623950
v -0.085665 0.996239 0.612044
v -0.016441 0.996239 0.612044
v -0.085665 1.011207 0.623950
v 0.014344 1.011207 0.612044
v 0.014344 1.011207 0.623950
v -0.085665 1.011207 0.612044
v -0.090258 0.895209 0.623950
v 0.014344 0.895209 0.623950
v -0.090258 0.895209 0.612044
v 0.014344 0.895209 0.612044
v 0.024209 1.011207 0.623950
v 0.124219 1.011207 0.612044
v 0.124219 1.011207 0.623950
v 0.024209 1.011207 0.612044
v 0.019617 0.895209 0.623950
v 0.124219 0.895209 0.623950
v 0.019617 0.895209 0.612044
v 0.124219 0.895209 0.612044
v 0.182217 0.986374 0.612044
v 0.200927 0.944363 0.623950
v 0.200927 0.944363 0.612044
v 0.182217 0.986374 0.623950
v 0.182424 1.013740 0.623950
v 0.240216 0.895209 0.612044
v 0.240216 0.895209 0.623950
v 0.182424 1.013740 0.612044
v 0.158406 0.929396 0.623950
v 0.207730 0.929396 0.623950
v 0.158406 0.929396 0.612044
v 0.207730 0.929396 0.612044
v 0.143778 0.895209 0.623950
v 0.143778 0.895209 0.612044
v 0.126770 0.895209 0.612044
v 0.126770 0.895209 0.623950
v 0.182424 1.013740 0.612044
v 0.126770 0.895209 0.623950
v 0.126770 0.895209 0.612044
v 0.182424 1.013740 0.623950
v -0.193669 0.945384 0.612044
v -0.154406 0.947949 0.612044
v -0.163976 0.961632 0.612044
v -0.193669 0.945384 0.612044
v -0.163976 0.961632 0.612044
v -0.193669 0.960351 0.612044
v -0.163976 0.961632 0.612044
v -0.154406 0.947949 0.612044
v -0.135845 0.974963 0.612044
v -0.135845 0.974963 0.612044
v -0.155228 0.971775 0.612044
v -0.155361 0.986967 0.612044
v -0.155361 0.986967 0.612044
v -0.135845 0.974963 0.612044
v -0.166578 0.995676 0.612044
v -0.166578 0.995676 0.612044
v -0.145781 1.001933 0.612044
v -0.193669 0.996239 0.612044
v -0.166578 0.995676 0.612044
v -0.145781 1.001933 0.612044
v -0.193669 0.996239 0.612044
v -0.145781 1.001933 0.612044
v -0.163869 1.010636 0.612044
v -0.193669 0.996239 0.612044
v -0.163869 1.010636 0.612044
v -0.210337 1.011207 0.612044
v -0.210337 0.895209 0.612044
v -0.193669 0.996239 0.612044
v -0.210337 1.011207 0.612044
v -0.193669 0.895209 0.612044
v -0.122574 0.895209 0.612044
v -0.105906 0.895209 0.612044
v -0.105906 1.011207 0.612044
v -0.122574 1.011207 0.612044
v -0.090258 0.895209 0.612044
v 0.014344 0.895209 0.612044
v 0.014344 0.910177 0.612044
v -0.059472 0.910177 0.612044
v -0.090258 0.895209 0.612044
v -0.059472 0.910177 0.612044
v -0.016441 0.996239 0.612044
v -0.016441 0.996239 0.612044
v 0.014344 1.011207 0.612044
v -0.085665 0.996239 0.612044
v -0.016441 0.996239 0.612044
v 0.014344 1.011207 0.612044
v -0.085665 0.996239 0.612044
v -0.085665 1.011207 0.612044
v 0.019617 0.895209 0.612044
v 0.124219 0.895209 0.612044
v 0.124219 0.910177 0.612044
v 0.050402 0.910177 0.612044
v 0.019617 0.895209 0.612044
v 0.050402 0.910177 0.612044
v 0.093433 0.996239 0.612044
v 0.093433 0.996239 0.612044
v 0.124219 1.011207 0.612044
v 0.024209 0.996239 0.612044
v 0.093433 0.996239 0.612044
v 0.124219 1.011207 0.612044
v 0.024209 0.996239 0.612044
v 0.024209 1.011207 0.612044
v 0.223208 0.895209 0.612044
v 0.240216 0.895209 0.612044
v 0.207730 0.929396 0.612044
v 0.126770 0.895209 0.612044
v 0.143778 0.895209 0.612044
v 0.158406 0.929396 0.612044
v 0.207730 0.929396 0.612044
v 0.240216 0.895209 0.612044
v 0.200927 0.944363 0.612044
v 0.158406 0.929396 0.612044
v 0.207730 0.929396 0.612044
v 0.200927 0.944363 0.612044
v 0.200927 0.944363 0.612044
v 0.164869 0.944363 0.612044
v 0.126770 0.895209 0.612044
v 0.158406 0.929396 0.612044
v 0.164869 0.944363 0.612044
v 0.182217 0.986374 0.612044
v 0.126770 0.895209 0.612044
v 0.164869 0.944363 0.612044
v 0.182217 0.986374 0.612044
v 0.182424 1.013740 0.612044
v 0.126770 0.895209 0.612044
v 0.182217 0.986374 0.612044
v 0.182424 1.013740 0.612044
v -0.193669 0.945384 0.623950
v -0.163976 0.961632 0.623950
v -0.154406 0.947949 0.623950
v -0.193669 0.945384 0.623950
v -0.193669 0.960351 0.623950
v -0.163976 0.961632 0.623950
v -0.163976 0.961632 0.623950
v -0.135845 0.974963 0.623950
v -0.154406 0.947949 0.623950
v -0.163976 0.961632 0.623950
v -0.155228 0.971775 0.623950
v -0.135845 0.974963 0.623950
v -0.155228 0.971775 0.623950
v -0.155361 0.986967 0.623950
v -0.135845 0.974963 0.623950
v -0.155361 0.986967 0.623950
v -0.166578 0.995676 0.623950
v -0.135845 0.974963 0.623950
v -0.166578 0.995676 0.623950
v -0.145781 1.001933 0.623950
v -0.193669 0.996239 0.623950
v -0.163869 1.010636 0.623950
v -0.145781 1.001933 0.623950
v -0.193669 0.996239 0.623950
v -0.210337 1.011207 0.623950
v -0.163869 1.010636 0.623950
v -0.210337 0.895209 0.623950
v -0.193669 0.895209 0.623950
v -0.122574 0.895209 0.623950
v -0.105906 1.011207 0.623950
v -0.105906 0.895209 0.623950
v -0.122574 1.011207 0.623950
v -0.090258 0.895209 0.623950
v 0.014344 0.910177 0.623950
v 0.014344 0.895209 0.623950
v -0.059472 0.910177 0.623950
v -0.090258 0.895209 0.623950
v -0.016441 0.996239 0.623950
v -0.059472 0.910177 0.623950
v -0.016441 0.996239 0.623950
v 0.014344 1.011207 0.623950
v -0.059472 0.910177 0.623950
v -0.085665 0.996239 0.623950
v 0.014344 1.011207 0.623950
v -0.016441 0.996239 0.623950
v -0.085665 0.996239 0.623950
v -0.085665 1.011207 0.623950
v 0.014344 1.011207 0.623950
v 0.019617 0.895209 0.623950
v 0.124219 0.910177 0.623950
v 0.124219 0.895209 0.623950
v 0.050402 0.910177 0.623950
v 0.019617 0.895209 0.623950
v 0.093433 0.996239 0.623950
v 0.050402 0.910177 0.623950
v 0.093433 0.996239 0.623950
v 0.124219 1.011207 0.623950
v 0.050402 0.910177 0.623950
v 0.024209 0.996239 0.623950
v 0.124219 1.011207 0.623950
v 0.093433 0.996239 0.623950
v 0.024209 0.996239 0.623950
v 0.024209 1.011207 0.623950
v 0.124219 1.011207 0.623950
v 0.223208 0.895209 0.623950
v 0.207730 0.929396 0.623950
v 0.240216 0.895209 0.623950
v 0.126770 0.895209 0.623950
v 0.158406 0.929396 0.623950
v 0.143778 0.895209 0.623950
v 0.207730 0.929396 0.623950
v 0.200927 0.944363 0.623950
v 0.240216 0.895209 0.623950
v 0.158406 0.929396 0.623950
v 0.200927 0.944363 0.623950
v 0.207730 0.929396 0.623950
v 0.158406 0.929396 0.623950
v 0.164869 0.944363 0.623950
v 0.200927 0.944363 0.623950
v 0.126770 0.895209 0.623950
v 0.164869 0.944363 0.623950
v 0.158406 0.929396 0.623950
v 0.200927 0.944363 0.623950
v 0.182217 0.986374 0.623950
v 0.126770 0.895209 0.623950
v 0.182217 0.986374 0.623950
v 0.164869 0.944363 0.623950
v 0.182424 1.013740 0.623950
v 0.126770 0.895209 0.623950
v 0.182424 1.013740 0.623950
v 0.182217 0.986374 0.623950
v 0.616388 0.765970 -0.502078
v 0.607704 0.702518 -0.246783
v 0.616388 0.688841 -0.502078
v 0.607704 0.772808 -0.246783
v 0.607704 0.694128 0.263806
v 0.616388 0.765970 0.519100
v 0.616388 0.688841 0.519100
v 0.607704 0.768613 0.263806
v 0.616388 0.765970 0.008511
v 0.607704 0.694128 0.263806
v 0.616388 0.688841 0.008511
v 0.607704 0.768613 0.263806
v 0.607704 0.702518 -0.246783
v 0.616388 0.765970 0.008511
v 0.616388 0.688841 0.008511
v 0.607704 0.772808 -0.246783
v 0.607704 0.772808 -0.246783
v 0.616388 0.843098 0.008511
v 0.616388 0.765970 0.008511
v 0.607704 0.843098 -0.246783
v 0.616388 0.843098 0.008511
v 0.607704 0.843098 0.263806
v 0.607704 0.768613 0.263806
v 0.616388 0.765970 0.008511
v 0.607704 0.768613 0.263806
v 0.616388 0.843098 0.519100
v 0.616388 0.765970 0.519100
v 0.607704 0.843098 0.263806
v 0.616388 0.843098 -0.502078
v 0.607704 0.843098 -0.246783
v 0.607704 0.772808 -0.246783
v 0.616388 0.765970 -0.502078
v 0.581825 0.772098 0.621931
v 0.378077 0.778937 0.613246
v 0.378077 0.708647 0.613246
v 0.581825 0.694970 0.621931
v -0.029420 0.700257 0.613246
v -0.233168 0.772098 0.621931
v -0.233168 0.694970 0.621931
v -0.029420 0.774742 0.613246
v 0.174329 0.772098 0.621931
v -0.029420 0.774742 0.613246
v -0.029420 0.700257 0.613246
v 0.174329 0.694970 0.621931
v 0.378077 0.708647 0.613246
v 0.174329 0.772098 0.621931
v 0.174329 0.694970 0.621931
v 0.378077 0.778937 0.613246
v 0.378077 0.778937 0.613246
v 0.174329 0.849227 0.621931
v 0.174329 0.772098 0.621931
v 0.378077 0.849227 0.613246
v 0.174329 0.849227 0.621931
v -0.029420 0.774742 0.613246
v 0.174329 0.772098 0.621931
v -0.029420 0.849227 0.613246
v -0.029420 0.774742 0.613246
v -0.233168 0.849227 0.621931
v -0.233168 0.772098 0.621931
v -0.029420 0.849227 0.613246
v 0.581825 0.849227 0.621931
v 0.378077 0.778937 0.613246
v 0.581825 0.772098 0.621931
v 0.378077 0.849227 0.613246
vn -0.0000 -0.0000 1.0000
vn -0.7999 0.4528 0.3937
vn -1.0000 -0.0000 -0.0000
vn -0.6476 -0.6476 0.4016
vn 0.5774 0.5773 0.5773
vn 0.7033 -0.1033 0.7033
vn 1.0000 -0.0000 -0.0000
vn -0.0000 1.0000 -0.0000
vn -0.0000 -0.0000 -1.0000
vn -0.0000 -1.0000 -0.0000
vn 0.6822 0.6772 0.2755
vn 0.2755 0.6772 0.6822
vn 0.5735 0.5552 0.6024
vn -0.5799 0.5990 0.5521
vn -1.0000 -0.0000 -0.0030
vn 0.0177 -0.0000 0.9998
vn 0.9998 -0.0000 0.0177
vn 0.9999 -0.0000 -0.0104
vn -0.0104 -0.0000 0.9999
vn -0.0701 -0.0000 -0.9975
vn 0.7671 0.6416 -0.0000
vn -0.0000 0.6416 -0.7671
vn -0.0035 0.7112 0.7030
vn -0.0099 -0.0000 1.0000
vn 0.0040 -0.0000 1.0000
vn -0.9092 -0.0000 0.4163
vn 0.9092 -0.0000 0.4163
vn -0.0043 1.0000 -0.0000
vn -0.0043 1.0000 0.0001
vn 0.0014 0.7108 0.7034
vn 0.0014 0.7107 0.7034
vn 0.0014 0.7107 0.7035
vn -0.9615 -0.0000 0.2748
vn 0.9615 -0.0000 0.2748
vn 0.3483 -0.9374 -0.0000
vn -0.0000 -0.9070 0.4212
vn -0.0000 -0.9069 0.4212
vn 0.4868 0.8735 -0.0000
vn -0.0000 0.9069 0.4213
vn -0.0000 0.9070 0.4212
vn 0.6313 -0.0000 0.7756
vn 0.6313 -0.0000 -0.7756
vn 0.8748 -0.0000 0.4846
vn -0.7671 0.6416 -0.0000
vn 1.0000 -0.0000 0.0080
vn 0.0080 -0.0000 1.0000
vn -0.8748 -0.0000 0.4845
vn -0.8748 -0.0000 0.4846
vn -0.0000 0.7561 0.6545
vn -0.9558 -0.0000 0.2939
vn 0.9558 -0.0000 0.2939
vn -0.0000 -0.7561 0.6545
vn -0.0002 -0.0191 -0.9998
vn -0.0002 -0.0190 -0.9998
vn -0.0001 -0.0191 -0.9998
vn -0.0000 -0.0194 -0.9998
vn -1.0000 0.0019 -0.0005
vn -1.0000 0.0016 -0.0002
vn -1.0000 0.0016 -0.0001
vn -1.0000 0.0017 -0.0001
vn -1.0000 0.0018 -0.0001
vn -1.0000 0.0018 -0.0002
vn -1.0000 0.0018 -0.0004
vn 0.2681 -0.9634 -0.0008
vn 0.2682 -0.9634 -0.0008
vn -0.0021 0.7592 0.6508
vn -0.0021 0.7592 0.6509
vn 0.6510 0.7591 -0.0021
vn 0.8264 -0.5630 -0.0050
vn -0.0050 -0.5629 0.8265
vn -0.0050 -0.5628 0.8266
vn -0.0008 -0.9633 0.2685
vn 0.9797 -0.2006 -0.0001
vn 0.9797 -0.2007 -0.0001
vn -0.0001 -0.2007 0.9797
vn -0.0001 -0.2011 0.9796
vn 0.9784 -0.2066 -0.0001
vn -0.0001 -0.2065 0.9784
vn -0.0001 -0.2066 0.9784
vn 0.0012 -1.0000 0.0014
vn 0.0014 -1.0000 0.0012
vn 0.5544 -0.8322 0.0008
vn 0.0008 -0.8322 0.5545
vn 0.0002 1.0000 0.0002
vn -0.0000 -0.2007 0.9797
vn 0.9796 -0.2011 -0.0001
vn 0.9797 -0.2007 -0.0000
vn 0.6890 0.6313 0.3560
vn 0.0033 1.0000 -0.0000
vn 0.6791 0.7082 -0.1931
vn -0.0000 1.0000 0.0033
vn -0.0737 0.7040 0.7063
vn -0.0000 -1.0000 0.0044
vn 0.1214 -0.4592 0.8800
vn 0.5714 0.5719 0.5885
vn -0.0976 0.7875 0.6085
vn 0.9986 -0.0522 -0.0000
vn -0.0000 -0.2602 0.9656
vn -0.0000 -0.2601 0.9656
vn -0.0000 -0.2600 -0.9656
vn -0.0000 -0.2601 -0.9656
vn -0.0011 -0.7407 -0.6719
vn -0.0011 -0.7407 -0.6718
vn -0.0011 -0.7407 0.6719
vn -0.0011 -0.7407 0.6718
vn -0.0012 -0.7407 0.6718
vn 0.9786 -0.2056 -0.0000
vn 0.0011 -0.7341 -0.6790
vn 0.0010 -0.7342 -0.6789
vn 0.9778 -0.2095 -0.0000
vn 0.0010 -0.7342 0.6790
vn 0.0010 -0.7342 0.6789
vn 0.0044 -1.0000 -0.0000
vn -0.0000 -0.2600 0.9656
vn -0.0001 -0.2605 -0.9655
vn 0.0011 -0.7341 -0.6791
vn 0.0010 -0.7342 -0.6790
vn 0.0011 -0.7341 0.6790
vn -0.0001 -0.2605 0.9655
vn -0.0000 -0.2602 -0.9656
vn -0.0012 -0.7408 -0.6717
vn 0.0010 -0.7343 -0.6789
vn -0.0000 -0.2597 0.9657
vn -0.0000 -0.0522 0.9986
vn -0.9657 -0.2597 -0.0000
vn -0.9655 -0.2605 -0.0001
vn -0.9656 -0.2600 -0.0000
vn 0.9656 -0.2600 -0.0000
vn 0.9655 -0.2605 -0.0001
vn 0.6719 -0.7406 -0.0011
vn 0.6718 -0.7407 -0.0011
vn 0.6719 -0.7407 -0.0011
vn -0.6718 -0.7407 -0.0011
vn -0.6719 -0.7406 -0.0011
vn -0.0000 -0.2056 0.9786
vn 0.6791 -0.7341 0.0011
vn 0.6790 -0.7342 0.0010
vn 0.6789 -0.7342 0.0010
vn -0.0000 -0.2095 0.9778
vn -0.6789 -0.7342 0.0010
vn -0.6790 -0.7342 0.0010
vn -0.6791 -0.7341 0.0011
vn -0.9656 -0.2601 -0.0000
vn 0.9657 -0.2597 -0.0000
vn -0.6719 -0.7407 -0.0011
vn 0.9656 -0.2602 -0.0000
vn 0.6718 -0.7408 -0.0012
vn -0.6718 -0.7408 -0.0012
vn 0.6790 -0.7341 0.0011
vn -0.6789 -0.7343 0.0010
vn -0.6791 -0.7340 0.0011
vn -0.9656 -0.2602 -0.0000
vn 0.6791 -0.7340 0.0011
vn 0.6789 -0.7343 0.0010
vn -0.6790 -0.7341 0.0011
vn 0.6718 -0.7407 -0.0012
vn -0.6718 -0.7407 -0.0012
vn -0.0000 0.9980 0.0626
vn -0.0000 -0.9980 -0.0626
vn -0.0000 -0.0626 0.9980
vn -0.0000 0.0626 -0.9980
vn 0.7071 -0.0000 0.7071
vn 0.0721 0.9971 -0.0252
vn 0.0721 0.9971 -0.0253
vn -0.0132 -0.9991 0.0397
vn 0.9999 -0.0132 0.0006
vn -0.0000 0.0397 0.9992
vn -0.0000 -0.0397 -0.9992
vn 0.5774 -0.5773 0.5773
vn 0.5774 0.5773 -0.5773
vn 0.5773 0.5774 0.5774
vn -0.0220 0.9998 -0.0000
vn 0.0220 -0.9998 -0.0000
vn -0.9998 -0.0220 -0.0000
vn 0.9998 0.0220 -0.0000
vn -0.0527 0.9986 -0.0000
vn 0.0777 -0.9915 0.1041
vn 0.0777 -0.9915 0.1042
vn -0.9986 -0.0527 -0.0000
vn 0.9986 0.0527 -0.0000
vn -0.0809 -0.9967 -0.0000
vn 0.5288 -0.6222 0.5773
vn 0.0809 0.9967 -0.0000
vn 0.9967 -0.0809 -0.0000
vn -0.9967 0.0809 -0.0000
vn -0.6863 0.2406 0.6863
vn 0.0058 -0.5900 -0.8074
vn 0.0058 -0.5899 -0.8074
vn 0.0071 -0.0000 -1.0000
vn -0.0003 0.9991 0.0431
vn -0.0054 0.6531 0.7573
vn -0.0071 -0.0087 0.9999
vn -0.0044 -0.7899 0.6132
vn 0.0001 0.9999 -0.0123
vn 0.0031 0.9011 -0.4335
vn -0.0071 -0.0000 1.0000
vn -0.0058 0.5899 0.8074
vn -0.0058 0.5900 0.8074
vn -0.0065 -0.4124 0.9110
vn 0.0066 -0.3934 -0.9194
vn 0.0066 -0.3817 -0.9243
vn -0.0001 -0.9998 0.0208
vn 0.0067 0.3457 -0.9383
vn 0.0059 -0.5663 -0.8242
vn 0.0005 -0.9979 -0.0652
vn -0.0065 -0.4068 0.9135
vn 0.0064 0.4383 -0.8988
vn -0.0065 0.4250 0.9052
vn -1.0000 -0.0000 -0.0071
vn -1.0000 -0.0000 -0.0072
vn 1.0000 -0.0000 0.0071
vn 1.0000 -0.0000 0.0072
vn 0.8074 -0.5900 -0.0000
vn 0.8074 -0.5899 -0.0000
vn -0.0431 0.9991 -0.0000
vn -0.7573 0.6531 -0.0000
vn -1.0000 -0.0087 -0.0000
vn -0.6132 -0.7899 -0.0000
vn 0.0123 0.9999 -0.0000
vn 0.4335 0.9011 -0.0000
vn 0.4336 0.9011 -0.0000
vn -0.8074 0.5899 -0.0000
vn -0.8074 0.5900 -0.0000
vn -0.9110 -0.4124 -0.0000
vn 0.9194 -0.3934 -0.0000
vn 0.9243 -0.3817 -0.0000
vn -0.0208 -0.9998 -0.0000
vn 0.9384 0.3457 -0.0000
vn 0.8242 -0.5663 -0.0000
vn 0.0652 -0.9979 -0.0000
vn -0.9135 -0.4068 -0.0000
vn 0.8989 0.4383 -0.0000
vn -0.9052 0.4250 -0.0000
vn -0.9994 -0.0000 -0.0340
vn -0.9994 -0.0000 0.0340
vn 0.0426 -0.0000 -0.9991
vn -0.0426 -0.0000 -0.9991
vt 0.453592 0.875000
vt 0.461954 0.769847
vt 0.461954 0.855153
vt 0.453592 0.750000
vt 0.453592 1.000000
vt 0.461954 0.894847
vt 0.461954 0.980153
vt 0.596432 0.755478
vt 0.588850 0.750000
vt 0.594321 0.731082
vt 0.510728 0.750000
vt 0.568535 0.500000
vt 0.539296 0.750000
vt 0.432560 0.500000
vt 0.443519 0.750000
vt 0.482160 0.750000
vt 0.440320 0.750000
vt 0.567864 0.750000
vt 0.598675 0.750000
vt 0.596432 0.769847
vt 0.539296 0.995374
vt 0.539296 0.004626
vt 0.535672 0.000000
vt 0.563972 1.000000
vt 0.559502 0.980153
vt 0.567864 1.000000
vt 0.384679 0.760797
vt 0.384897 0.760797
vt 0.379284 0.760797
vt 0.875000 0.625000
vt 0.625000 0.500000
vt 0.875000 0.500000
vt 0.875000 0.750000
vt 0.750000 0.750000
vt 0.625000 0.750000
vt 0.625000 0.250000
vt 0.596432 0.250000
vt 0.443519 0.250000
vt 0.440320 0.250000
vt 0.567864 0.250000
vt 0.539296 0.250000
vt 0.510728 0.250000
vt 0.482160 0.250000
vt 0.453592 0.250000
vt 0.501009 0.025218
vt 0.501009 0.099782
vt 0.615280 0.099782
vt 0.596432 0.099782
vt 0.501008 0.224782
vt 0.482160 0.224782
vt 0.615280 0.150218
vt 0.615280 0.224782
vt 0.482160 0.025218
vt 0.482160 0.150218
vt 0.501009 0.150218
vt 0.596432 0.224782
vt 0.615280 0.025218
vt 0.596432 0.150218
vt 0.558144 0.025218
vt 0.558144 0.099782
vt 0.558262 0.774753
vt 0.558262 0.850247
vt 0.501126 0.899753
vt 0.501126 0.975247
vt 0.596432 0.899753
vt 0.615398 0.899753
vt 0.539296 0.850247
vt 0.558262 0.975247
vt 0.539296 0.975247
vt 0.539296 0.774753
vt 0.501126 0.774753
vt 0.501126 0.850247
vt 0.615398 0.975247
vt 0.596432 0.975247
vt 0.482160 0.850247
vt 0.558262 0.899753
vt 0.482160 0.774753
vt 0.615398 0.850247
vt 0.596432 0.850247
vt 0.616638 0.980153
vt 0.596432 0.980153
vt 0.576226 0.144847
vt 0.596432 0.144847
vt 0.576226 0.019847
vt 0.596432 0.019847
vt 0.576226 0.769847
vt 0.616638 0.855153
vt 0.596432 0.855153
vt 0.596432 0.855153
vt 0.576226 0.894847
vt 0.596432 0.894847
vt 0.616638 0.105153
vt 0.596432 0.105153
vt 0.616638 0.230153
vt 0.596432 0.230153
vt 0.596432 0.230153
vt 0.482160 0.769847
vt 0.502366 0.980153
vt 0.482160 0.980153
vt 0.502366 0.855153
vt 0.482160 0.855153
vt 0.482160 0.855153
vt 0.482160 0.894847
vt 0.502366 0.105153
vt 0.482160 0.105153
vt 0.461954 0.144847
vt 0.482160 0.144847
vt 0.502366 0.230153
vt 0.482160 0.230153
vt 0.482160 0.230153
vt 0.461954 0.019847
vt 0.482160 0.019847
vt 0.519090 0.769847
vt 0.539296 0.769847
vt 0.519090 0.144847
vt 0.539296 0.125000
vt 0.539296 0.144847
vt 0.510728 0.125000
vt 0.539296 0.980153
vt 0.539296 0.980153
vt 0.559502 0.855153
vt 0.539296 0.855153
vt 0.519090 0.894847
vt 0.539296 0.894847
vt 0.559502 0.105153
vt 0.539296 0.105153
vt 0.519090 0.019847
vt 0.539296 0.019847
vt 0.559502 0.230153
vt 0.539296 0.230153
vt 0.482160 0.099782
vt 0.539296 0.025218
vt 0.596432 0.025218
vt 0.539296 0.099782
vt 0.519090 0.105153
vt 0.519090 0.230153
vt 0.502366 0.019847
vt 0.559502 0.019847
vt 0.461954 0.230153
vt 0.559502 0.144847
vt 0.502366 0.144847
vt 0.576226 0.230153
vt 0.576226 0.105153
vt 0.616638 0.144847
vt 0.461954 0.105153
vt 0.616638 0.019847
vt 0.482160 0.975247
vt 0.615398 0.774753
vt 0.482160 0.899753
vt 0.596432 0.774753
vt 0.539296 0.899753
vt 0.559502 0.894847
vt 0.576226 0.980153
vt 0.502366 0.894847
vt 0.596432 0.894847
vt 0.616638 0.894847
vt 0.576226 0.855153
vt 0.616638 0.769847
vt 0.519090 0.855153
vt 0.502366 0.769847
vt 0.559502 0.769847
vt 0.519090 0.980153
vt 0.482160 0.769847
vt 0.596432 0.000000
vt 0.567864 0.000000
vt 0.596432 0.125000
vt 0.625000 0.125000
vt 0.625000 0.000000
vt 0.482160 0.000000
vt 0.482160 0.125000
vt 0.453592 0.000000
vt 0.510728 0.000000
vt 0.563972 0.000000
vt 0.567864 0.125000
vt 0.535672 1.000000
vt 0.596432 0.875000
vt 0.625000 0.875000
vt 0.482160 0.875000
vt 0.510728 0.875000
vt 0.539296 0.875000
vt 0.567864 0.875000
vt 0.453592 0.125000
vt 0.510728 1.000000
vt 0.482160 1.000000
vt 0.596432 1.000000
vt 0.625000 1.000000
vt 0.375000 0.250000
vt 0.375000 0.500000
vt 0.386443 0.750000
vt 0.375000 0.750000
vt 0.437263 0.812948
vt 0.437263 0.757704
vt 0.440320 0.820652
vt 0.375000 0.820652
vt 0.378057 0.757704
vt 0.378057 0.812948
vt 0.442501 0.000000
vt 0.443519 0.997363
vt 0.443519 1.000000
vt 0.443519 0.000000
vt 0.443519 0.002637
vt 0.443519 0.125000
vt 0.682027 0.721442
vt 0.577737 0.803335
vt 0.625000 0.783809
vt 0.705578 0.500000
vt 0.699172 0.750000
vt 0.510330 0.802401
vt 0.625000 0.824172
vt 0.512138 1.000000
vt 0.385184 0.757704
vt 0.440320 0.875000
vt 0.440320 1.000000
vt 0.443519 0.875000
vt 0.442501 1.000000
vt 0.440320 0.125000
vt 0.440320 0.000000
vt 0.443519 0.997363
vt 0.304348 0.750000
vt 0.125000 0.750000
vt 0.375000 0.000000
vt 0.375000 1.000000
vt 0.509850 0.750000
vt 0.512138 0.000000
vt 0.658809 0.750000
vt 0.125000 0.500000
vt 0.436036 0.760797
vt 0.434241 0.014429
vt 0.434241 0.125000
vt 0.434241 0.835081
vt 0.434241 0.985571
vt 0.381079 0.235571
vt 0.381079 0.014429
vt 0.381079 0.985571
vt 0.381079 0.835081
vt 0.434241 0.235571
vt 0.500117 0.096254
vt 0.483052 0.096254
vt 0.464086 0.778281
vt 0.481268 0.778281
vt 0.538404 0.903281
vt 0.538404 0.971719
vt 0.540188 0.903281
vt 0.540188 0.971719
vt 0.500117 0.221254
vt 0.483052 0.221254
vt 0.538404 0.846719
vt 0.521222 0.846719
vt 0.538404 0.778281
vt 0.540188 0.778281
vt 0.540188 0.846719
vt 0.483052 0.153746
vt 0.500117 0.153746
vt 0.521222 0.778281
vt 0.538404 0.153746
vt 0.538404 0.221254
vt 0.557370 0.846719
vt 0.540188 0.221254
vt 0.540188 0.153746
vt 0.538404 0.028746
vt 0.538404 0.096254
vt 0.557370 0.778281
vt 0.540188 0.096254
vt 0.540188 0.028746
vt 0.521222 0.903281
vt 0.521222 0.971719
vt 0.521339 0.028746
vt 0.557370 0.903281
vt 0.557253 0.096254
vt 0.614506 0.778281
vt 0.614506 0.846719
vt 0.557253 0.221254
vt 0.464086 0.903281
vt 0.464086 0.971719
vt 0.595540 0.096254
vt 0.578475 0.096254
vt 0.500234 0.778281
vt 0.500234 0.846719
vt 0.557253 0.153746
vt 0.481268 0.903281
vt 0.578475 0.028746
vt 0.614389 0.028746
vt 0.614389 0.096254
vt 0.578358 0.903281
vt 0.578358 0.971719
vt 0.481268 0.096254
vt 0.464203 0.096254
vt 0.557370 0.971719
vt 0.597324 0.028746
vt 0.595540 0.903281
vt 0.464203 0.028746
vt 0.500117 0.028746
vt 0.521339 0.096254
vt 0.500234 0.971719
vt 0.483052 0.971719
vt 0.483052 0.028746
vt 0.500234 0.903281
vt 0.557253 0.028746
vt 0.521339 0.221254
vt 0.614506 0.971719
vt 0.597324 0.971719
vt 0.521339 0.153746
vt 0.614506 0.903281
vt 0.595540 0.971719
vt 0.481268 0.221254
vt 0.464203 0.221254
vt 0.595540 0.778281
vt 0.595540 0.846719
vt 0.614389 0.153746
vt 0.614389 0.221254
vt 0.464203 0.153746
vt 0.595540 0.153746
vt 0.595540 0.221254
vt 0.597324 0.903281
vt 0.481268 0.153746
vt 0.595540 0.028746
vt 0.597324 0.778281
vt 0.597324 0.846719
vt 0.578475 0.221254
vt 0.597324 0.221254
vt 0.597324 0.153746
vt 0.578475 0.153746
vt 0.597324 0.096254
vt 0.539296 0.150218
vt 0.539296 0.224782
vt 0.558144 0.224781
vt 0.558144 0.150218
vt 0.483052 0.778281
vt 0.483052 0.846719
vt 0.483052 0.903281
vt 0.577583 0.025218
vt 0.577466 0.975247
vt 0.481268 0.028746
vt 0.463312 0.025218
vt 0.481268 0.971719
vt 0.463194 0.975247
vt 0.520448 0.025218
vt 0.520330 0.975247
vt 0.577583 0.099782
vt 0.463312 0.099782
vt 0.520448 0.099782
vt 0.520448 0.224782
vt 0.520448 0.150218
vt 0.463312 0.224782
vt 0.463312 0.150218
vt 0.577584 0.224782
vt 0.577584 0.150218
vt 0.577466 0.850247
vt 0.578358 0.846719
vt 0.578358 0.778281
vt 0.577466 0.774753
vt 0.464086 0.846719
vt 0.481268 0.846719
vt 0.463194 0.850247
vt 0.463194 0.774753
vt 0.520330 0.850247
vt 0.520330 0.774753
vt 0.520330 0.899753
vt 0.463194 0.899753
vt 0.577466 0.899753
vt 0.596432 0.899753
vt 0.596432 0.975247
vt 0.539296 0.899753
vt 0.539296 0.774753
vt 0.539296 0.850247
vt 0.380658 0.763871
vt 0.434662 0.806781
vt 0.380658 0.806781
vt 0.434662 0.763871
vt 0.382200 0.837742
vt 0.433120 0.982910
vt 0.382200 0.982910
vt 0.433120 0.837742
vt 0.382200 0.232910
vt 0.433120 0.125000
vt 0.433120 0.232910
vt 0.382200 0.017090
vt 0.433120 0.017090
vt 0.379284 0.809855
vt 0.436036 0.809855
vt 0.281076 0.596060
vt 0.125000 0.596053
vt 0.281105 0.750000
vt 0.389247 1.000000
vt 0.389281 0.843922
vt 0.375000 0.843895
vt 0.380791 0.154030
vt 0.381927 0.154110
vt 0.382163 0.154099
vt 0.375000 0.153947
vt 0.389247 0.000000
vt 0.389277 0.154237
vt 0.544468 0.298372
vt 0.562336 0.250000
vt 0.547043 0.297527
vt 0.463765 0.328574
vt 0.531004 0.250000
vt 0.593668 0.250000
vt 0.625000 0.272318
vt 0.521869 0.500000
vt 0.531924 0.302563
vt 0.593668 0.750000
vt 0.625000 0.724533
vt 0.531004 0.750000
vt 0.562336 0.750000
vt 0.524917 0.730055
vt 0.593668 0.000000
vt 0.562336 1.000000
vt 0.562336 0.000000
vt 0.593668 1.000000
vt 0.531004 0.000000
vt 0.531004 1.000000
vt 0.852685 0.724535
vt 0.852682 0.500000
vt 0.808641 0.720523
vt 0.819038 0.750000
vt 0.625000 0.934494
vt 0.805760 0.500000
vt 0.808641 0.720523
vt 0.625000 0.914757
vt 0.625000 0.935105
vt 0.625000 0.944038
vt 0.668353 0.750000
vt 0.625000 0.725188
vt 0.625000 0.725188
vt 0.155310 0.750000
vt 0.125000 0.729755
vt 0.429645 1.000000
vt 0.375000 0.020245
vt 0.685340 0.694958
vt 0.625000 0.808044
vt 0.625000 0.800010
vt 0.747791 0.750000
vt 0.686278 0.500000
vt 0.625000 0.810087
vt 0.625000 0.872791
vt 0.789757 0.750000
vt 0.625000 0.793353
vt 0.429645 0.000000
vt 0.375000 0.969690
vt 0.675010 0.750000
vt 0.354423 0.750000
vt 0.375000 0.665705
vt 0.625000 0.770577
vt 0.375000 0.770577
vt 0.625000 0.665705
vt 0.645577 0.750000
vt 0.625000 0.960691
vt 0.527056 1.000000
vt 0.375000 0.789309
vt 0.472944 0.750000
vt 0.375000 0.588968
vt 0.875000 0.588968
vt 0.527056 0.000000
vt 0.335691 0.750000
vt 0.625000 0.161032
vt 0.835691 0.750000
vt 0.654627 0.750000
vt 0.625000 0.628632
vt 0.551181 0.750000
vt 0.625000 0.779627
vt 0.152976 0.750000
vt 0.125000 0.635396
vt 0.444705 1.000000
vt 0.375000 0.114604
vt 0.444705 0.000000
vt 0.375000 0.972024
vt 0.646067 0.750000
vt 0.625000 0.663700
vt 0.475274 0.750000
vt 0.625000 0.663700
vt 0.625000 0.771067
vt 0.571429 0.000000
vt 0.714286 0.000000
vt 0.000000 0.000000
vt 1.000000 0.000000
vt 0.527273 0.000000
vt 0.909686 0.000000
vt 0.810626 0.000000
vt 0.693497 0.000000
vt 0.587798 0.000000
vt 0.476652 0.000000
vt 0.400034 0.000000
vt 0.428571 0.000000
vt 0.054545 0.000000
vt 0.036364 0.000000
vt 0.018182 0.000000
vt 0.666667 0.000000
vt 0.333333 0.000000
vt 0.857143 0.000000
vt 0.285714 0.000000
vt 0.142857 0.000000
vt 0.900000 0.000000
vt 0.600000 0.000000
vt 0.500000 0.000000
vt 0.300000 0.000000
vt 0.400000 0.000000
vt 0.800000 0.000000
vt 0.700000 0.000000
vt 0.278861 0.000000
vt 0.145086 0.000000
vt 0.050414 0.000000
vt 0.200000 0.000000
vt 1.000000 0.500000
vt 0.750000 0.000000
vt 0.750000 0.500000
vt 0.250000 0.000000
vt 0.000000 0.500000
vt 0.250000 0.500000
vt 0.500000 0.500000
vt 0.500000 1.000000
vt 0.750000 1.000000
vt 0.250000 1.000000
vt 0.000000 1.000000
vt 1.000000 1.000000
s 0
usemtl brick_shadeGreen
f 1/1/1 3/3/1 2/2/1
f 1/1/1 2/2/1 4/4/1
f 5/5/1 7/7/1 6/6/1
f 5/5/1 6/6/1 1/1/1
f 8/8/2 10/10/2 9/9/2
f 11/11/3 13/13/3 12/12/3
f 14/14/3 16/15/3 15/4/3
f 14/14/3 11/11/3 12/12/3
f 14/14/3 17/16/3 11/11/3
f 14/14/3 15/4/3 17/16/3
f 14/14/3 18/17/3 16/15/3
f 19/18/3 21/9/3 20/10/3
f 19/18/3 20/10/3 12/12/3
f 12/12/3 13/13/3 19/18/3
f 22/10/4 24/8/4 23/19/4
f 25/19/1 27/8/1 26/20/1
s 1
f 28/21/5 30/23/5 29/22/5
s 0
f 31/24/1 33/26/1 32/25/1
f 34/24/6 36/21/6 35/22/6
f 37/27/7 39/29/7 38/28/7
f 40/30/8 42/32/8 41/31/8
f 40/30/8 44/34/8 43/33/8
f 41/31/8 44/34/8 40/30/8
f 41/31/8 45/35/8 44/34/8
f 46/36/9 48/37/9 47/31/9
f 49/38/9 51/39/9 50/14/9
f 48/37/9 53/40/9 52/12/9
f 52/12/9 47/31/9 48/37/9
f 52/12/9 53/40/9 54/41/9
f 52/12/9 54/41/9 55/42/9
f 56/43/9 57/44/9 50/14/9
f 50/14/9 52/12/9 55/42/9
f 50/14/9 57/44/9 49/38/9
f 55/42/9 56/43/9 50/14/9
f 58/45/8 60/45/8 59/46/8
f 59/46/8 61/46/8 58/45/8
f 62/47/9 64/48/9 63/48/9
f 64/48/9 62/47/9 65/47/9
f 66/49/9 68/50/9 67/50/9
f 68/50/9 66/49/9 69/49/9
f 70/51/8 72/51/8 71/52/8
f 71/52/8 73/52/8 70/51/8
f 74/53/1 76/53/1 75/45/1
f 75/45/1 77/45/1 74/53/1
f 78/54/1 80/54/1 79/55/1
f 79/55/1 81/55/1 78/54/1
f 82/52/9 84/56/9 83/56/9
f 84/56/9 82/52/9 85/52/9
f 86/57/8 88/57/8 87/47/8
f 87/47/8 89/47/8 86/57/8
f 90/58/1 92/58/1 91/51/1
f 91/51/1 93/51/1 90/58/1
f 94/59/8 96/59/8 95/60/8
f 95/60/8 97/60/8 94/59/8
f 98/61/8 100/61/8 99/62/8
f 99/62/8 101/62/8 98/61/8
f 102/63/8 104/63/8 103/64/8
f 102/63/8 103/64/8 105/64/8
f 106/65/3 108/65/3 107/66/3
f 107/66/3 109/66/3 106/65/3
f 110/62/7 112/67/7 111/67/7
f 112/67/7 110/62/7 113/62/7
f 114/68/7 116/69/7 115/69/7
f 116/69/7 114/68/7 117/68/7
f 118/70/3 120/70/3 119/61/3
f 119/61/3 121/61/3 118/70/3
f 122/71/8 124/71/8 123/72/8
f 123/72/8 125/72/8 122/71/8
f 126/73/7 128/74/7 127/74/7
f 128/74/7 126/73/7 129/73/7
f 130/72/7 132/75/7 131/75/7
f 132/75/7 130/72/7 133/72/7
f 134/76/8 136/68/8 135/68/8
f 134/76/8 137/76/8 136/68/8
f 138/66/8 140/66/8 139/73/8
f 138/66/8 139/73/8 141/73/8
f 142/77/3 144/77/3 143/71/3
f 143/71/3 145/71/3 142/77/3
f 146/78/7 148/79/7 147/79/7
f 148/79/7 146/78/7 149/78/7
f 150/80/3 152/81/3 151/81/3
f 153/82/9 155/82/9 154/83/9
f 156/84/9 158/84/9 157/85/9
f 159/10/3 161/35/3 160/31/3
f 159/10/3 162/19/3 161/35/3
f 160/31/3 163/12/3 159/10/3
f 164/86/7 166/86/7 165/20/7
f 167/87/3 169/89/3 168/88/3
f 170/90/7 172/90/7 171/91/7
f 173/92/1 175/93/1 174/93/1
f 176/94/1 178/96/1 177/95/1
f 179/2/7 181/2/7 180/97/7
f 182/98/3 184/99/3 183/99/3
f 185/100/3 187/102/3 186/101/3
f 188/6/7 190/6/7 189/103/7
f 191/104/1 193/105/1 192/105/1
f 194/106/9 196/106/9 195/107/9
f 197/108/1 199/110/1 198/109/1
f 200/111/9 202/111/9 201/112/9
f 203/113/7 205/113/7 204/114/7
f 206/115/7 208/117/7 207/116/7
f 207/116/7 209/118/7 206/115/7
f 210/25/3 212/120/3 211/119/3
f 213/121/3 215/122/3 214/122/3
f 216/123/7 218/123/7 217/124/7
f 219/125/1 221/126/1 220/126/1
f 222/115/9 224/115/9 223/117/9
f 225/127/9 227/127/9 226/128/9
f 228/129/1 230/130/1 229/130/1
f 231/46/9 233/131/9 232/131/9
f 233/131/9 231/46/9 234/46/9
f 235/132/1 237/132/1 236/59/1
f 236/59/1 238/59/1 235/132/1
f 239/133/1 241/133/1 240/57/1
f 240/57/1 242/57/1 239/133/1
f 243/60/9 245/134/9 244/134/9
f 245/134/9 243/60/9 246/60/9
f 247/55/8 249/55/8 248/49/8
f 248/49/8 250/49/8 247/55/8
f 251/135/8 253/127/8 252/127/8
f 253/127/8 251/135/8 254/135/8
f 229/130/1 256/136/1 255/136/1
f 230/130/1 228/129/1 257/129/1
f 256/136/1 229/130/1 230/130/1
f 201/112/9 258/112/9 200/111/9
f 258/112/9 201/112/9 259/137/9
f 259/137/9 260/137/9 258/112/9
f 226/128/9 261/128/9 225/127/9
f 261/128/9 226/128/9 262/138/9
f 262/138/9 263/138/9 261/128/9
f 198/109/1 265/139/1 264/139/1
f 199/110/1 197/108/1 266/108/1
f 265/139/1 198/109/1 199/110/1
f 267/140/10 269/129/10 268/129/10
f 269/129/10 267/140/10 270/140/10
f 271/141/10 273/108/10 272/108/10
f 273/108/10 271/141/10 274/141/10
f 275/136/8 277/115/8 276/115/8
f 277/115/8 275/136/8 278/136/8
f 279/139/8 281/106/8 280/106/8
f 281/106/8 279/139/8 282/139/8
f 223/117/9 283/117/9 222/115/9
f 283/117/9 223/117/9 284/140/9
f 284/140/9 285/140/9 283/117/9
f 177/95/1 287/142/1 286/142/1
f 178/96/1 176/94/1 288/94/1
f 287/142/1 177/95/1 178/96/1
f 195/107/9 289/107/9 194/106/9
f 289/107/9 195/107/9 290/141/9
f 290/141/9 291/141/9 289/107/9
f 174/93/1 293/143/1 292/143/1
f 175/93/1 173/92/1 294/92/1
f 293/143/1 174/93/1 175/93/1
f 295/144/10 297/94/10 296/94/10
f 297/94/10 295/144/10 298/144/10
f 192/105/1 300/145/1 299/145/1
f 193/105/1 191/104/1 301/104/1
f 300/145/1 192/105/1 193/105/1
f 302/146/10 304/92/10 303/92/10
f 304/92/10 302/146/10 305/146/10
f 306/142/8 308/82/8 307/82/8
f 308/82/8 306/142/8 309/142/8
f 220/126/1 311/135/1 310/135/1
f 221/126/1 219/125/1 312/125/1
f 311/135/1 220/126/1 221/126/1
f 313/64/7 315/147/7 314/147/7
f 315/147/7 313/64/7 316/64/7
f 317/148/8 319/148/8 318/78/8
f 318/78/8 320/78/8 317/148/8
f 321/149/3 323/149/3 322/63/3
f 322/63/3 324/63/3 321/149/3
f 325/150/3 327/150/3 326/148/3
f 326/148/3 328/148/3 325/150/3
f 329/151/3 331/151/3 330/76/3
f 330/76/3 332/76/3 329/151/3
f 217/124/7 333/124/7 216/123/7
f 333/124/7 217/124/7 334/152/7
f 334/152/7 335/152/7 333/124/7
f 336/90/8 338/153/8 337/153/8
f 336/90/8 339/90/8 338/153/8
f 189/103/7 340/103/7 188/6/7
f 340/103/7 189/103/7 341/154/7
f 341/154/7 342/154/7 340/103/7
f 171/91/7 343/155/7 170/90/7
f 343/155/7 171/91/7 344/156/7
f 344/156/7 345/156/7 343/155/7
f 168/88/3 347/157/3 346/157/3
f 169/89/3 167/87/3 348/87/3
f 347/157/3 168/88/3 169/89/3
f 186/101/3 350/3/3 349/3/3
f 187/102/3 185/100/3 351/100/3
f 350/3/3 186/101/3 187/102/3
f 352/158/10 354/87/10 353/87/10
f 352/158/10 355/158/10 354/87/10
f 214/122/3 357/159/3 356/159/3
f 215/122/3 213/121/3 358/121/3
f 357/159/3 214/122/3 215/122/3
f 359/160/10 361/100/10 360/100/10
f 359/160/10 362/160/10 361/100/10
f 363/86/8 365/86/8 364/157/8
f 363/86/8 364/157/8 366/157/8
f 367/161/10 369/121/10 368/121/10
f 367/161/10 370/161/10 369/121/10
f 371/2/8 373/3/8 372/3/8
f 371/2/8 374/2/8 373/3/8
f 211/119/3 376/162/3 375/162/3
f 212/120/3 210/25/3 377/25/3
f 376/162/3 211/119/3 212/120/3
f 165/20/7 378/20/7 164/86/7
f 378/20/7 165/20/7 379/158/7
f 379/158/7 380/158/7 378/20/7
f 381/113/8 383/113/8 382/159/8
f 381/113/8 382/159/8 384/159/8
f 183/99/3 386/7/3 385/7/3
f 184/99/3 182/98/3 387/98/3
f 386/7/3 183/99/3 184/99/3
f 180/97/7 388/163/7 179/2/7
f 388/163/7 180/97/7 389/160/7
f 389/160/7 390/160/7 388/163/7
f 391/152/10 393/152/10 392/25/10
f 392/25/10 394/25/10 391/152/10
f 395/84/7 397/85/7 396/164/7
f 398/143/7 395/84/7 399/165/7
f 400/93/7 398/143/7 401/166/7
f 402/92/7 400/93/7 401/166/7
f 403/146/7 402/92/7 404/167/7
f 396/164/7 397/85/7 403/146/7
f 396/164/7 403/146/7 405/168/7
f 396/164/7 399/165/7 395/84/7
f 406/111/7 408/112/7 407/169/7
f 409/105/7 411/145/7 410/170/7
f 412/104/7 409/105/7 410/170/7
f 407/169/7 408/112/7 413/137/7
f 407/169/7 414/171/7 406/111/7
f 413/137/7 415/172/7 407/169/7
f 413/137/7 412/104/7 416/118/7
f 417/135/7 418/127/7 415/172/7
f 419/116/7 421/135/7 420/118/7
f 422/126/7 421/135/7 419/116/7
f 423/138/7 425/173/7 424/22/7
f 423/138/7 399/165/7 425/173/7
f 399/165/7 426/174/7 398/143/7
f 399/165/7 423/138/7 427/125/7
f 427/125/7 429/126/7 428/116/7
f 427/125/7 426/174/7 399/165/7
f 430/21/1 31/24/1 32/25/1
f 431/175/1 430/21/1 432/119/1
f 432/119/1 433/162/1 431/175/1
f 434/157/1 436/86/1 435/18/1
f 437/88/1 434/157/1 438/176/1
f 439/87/1 437/88/1 438/176/1
f 440/158/1 442/35/1 25/19/1
f 440/158/1 439/87/1 441/177/1
f 26/20/1 27/8/1 443/9/1
f 26/20/1 440/158/1 25/19/1
f 436/86/1 26/20/1 443/9/1
f 443/9/1 435/18/1 436/86/1
f 2/2/1 445/163/1 444/16/1
f 446/101/1 3/3/1 447/178/1
f 448/100/1 446/101/1 447/178/1
f 444/16/1 449/4/1 2/2/1
f 444/16/1 445/163/1 450/160/1
f 444/16/1 4/4/1 2/2/1
f 450/160/1 451/11/1 444/16/1
f 452/113/1 454/114/1 453/13/1
f 451/11/1 450/160/1 448/100/1
f 451/11/1 448/100/1 455/179/1
f 456/122/1 458/159/1 457/180/1
f 459/121/1 456/122/1 457/180/1
f 435/18/1 459/121/1 460/181/1
f 435/18/1 460/181/1 434/157/1
f 435/18/1 461/161/1 459/121/1
f 453/13/1 451/11/1 452/113/1
f 453/13/1 454/114/1 461/161/1
f 461/161/1 435/18/1 453/13/1
f 462/136/7 463/115/7 416/118/7
f 464/41/7 462/136/7 465/42/7
f 464/41/7 467/40/7 466/129/7
f 468/130/7 462/136/7 464/41/7
f 466/129/7 468/130/7 464/41/7
f 428/116/7 426/174/7 427/125/7
f 428/116/7 470/117/7 469/140/7
f 469/140/7 426/174/7 428/116/7
f 469/140/7 466/129/7 467/40/7
f 471/106/7 472/107/7 410/170/7
f 473/182/7 406/111/7 414/171/7
f 473/182/7 411/145/7 406/111/7
f 474/44/7 471/106/7 473/182/7
f 474/44/7 475/139/7 471/106/7
f 476/43/7 465/42/7 477/108/7
f 476/43/7 475/139/7 474/44/7
f 478/109/7 475/139/7 476/43/7
f 477/108/7 478/109/7 476/43/7
f 465/42/7 416/118/7 479/141/7
f 416/118/7 465/42/7 462/136/7
f 416/118/7 415/172/7 413/137/7
f 410/170/7 472/107/7 479/141/7
f 410/170/7 416/118/7 412/104/7
f 410/170/7 411/145/7 473/182/7
f 410/170/7 473/182/7 471/106/7
f 479/141/7 416/118/7 410/170/7
f 479/141/7 477/108/7 465/42/7
f 433/162/1 480/183/1 431/175/1
f 481/123/1 482/124/1 457/180/1
f 424/22/7 483/128/7 423/138/7
f 483/128/7 424/22/7 484/23/7
f 415/172/7 416/118/7 417/135/7
f 418/127/7 483/128/7 484/23/7
f 484/23/7 415/172/7 418/127/7
f 32/25/1 432/119/1 430/21/1
f 457/180/1 458/159/1 455/179/1
f 457/180/1 482/124/1 485/152/1
f 457/180/1 455/179/1 481/123/1
f 457/180/1 460/181/1 459/121/1
f 485/152/1 460/181/1 457/180/1
f 485/152/1 32/25/1 33/26/1
f 6/6/1 486/103/1 447/178/1
f 487/1/1 2/2/1 449/4/1
f 487/1/1 3/3/1 2/2/1
f 488/5/1 6/6/1 487/1/1
f 488/5/1 7/7/1 6/6/1
f 489/184/1 7/7/1 488/5/1
f 489/184/1 7/7/1 5/5/1
f 489/184/1 480/183/1 490/98/1
f 491/99/1 7/7/1 489/184/1
f 490/98/1 491/99/1 489/184/1
f 480/183/1 433/162/1 481/123/1
f 480/183/1 481/123/1 455/179/1
f 455/179/1 452/113/1 451/11/1
f 455/179/1 492/154/1 490/98/1
f 455/179/1 490/98/1 480/183/1
f 455/179/1 458/159/1 452/113/1
f 447/178/1 486/103/1 492/154/1
f 447/178/1 1/1/1 6/6/1
f 447/178/1 455/179/1 448/100/1
f 447/178/1 3/3/1 487/1/1
f 447/178/1 487/1/1 6/6/1
f 447/178/1 3/3/1 1/1/1
f 492/154/1 455/179/1 447/178/1
f 493/90/1 494/155/1 438/176/1
f 33/26/1 495/153/1 493/90/1
f 33/26/1 460/181/1 485/152/1
f 33/26/1 493/90/1 460/181/1
f 496/185/1 495/153/1 33/26/1
f 496/185/1 498/186/1 497/80/1
f 499/81/1 495/153/1 496/185/1
f 497/80/1 499/81/1 496/185/1
f 498/186/1 441/177/1 497/80/1
f 441/177/1 442/35/1 440/158/1
f 441/177/1 500/156/1 497/80/1
f 438/176/1 500/156/1 441/177/1
f 438/176/1 494/155/1 500/156/1
f 438/176/1 441/177/1 439/87/1
f 438/176/1 434/157/1 460/181/1
f 438/176/1 460/181/1 493/90/1
f 501/82/7 502/83/7 401/166/7
f 467/40/7 426/174/7 469/140/7
f 467/40/7 503/142/7 501/82/7
f 467/40/7 501/82/7 426/174/7
f 504/37/7 503/142/7 467/40/7
f 504/37/7 506/36/7 505/94/7
f 507/95/7 503/142/7 504/37/7
f 505/94/7 507/95/7 504/37/7
f 506/36/7 404/167/7 505/94/7
f 404/167/7 405/168/7 403/146/7
f 404/167/7 508/144/7 505/94/7
f 401/166/7 398/143/7 426/174/7
f 401/166/7 508/144/7 404/167/7
f 401/166/7 404/167/7 402/92/7
f 401/166/7 426/174/7 501/82/7
f 401/166/7 502/83/7 508/144/7
f 157/85/9 509/85/9 156/84/9
f 509/85/9 157/85/9 510/146/9
f 510/146/9 511/146/9 509/85/9
f 512/145/8 514/111/8 513/111/8
f 514/111/8 512/145/8 515/145/8
f 516/138/10 518/125/10 517/125/10
f 518/125/10 516/138/10 519/138/10
f 520/6/8 522/6/8 521/7/8
f 520/6/8 521/7/8 523/7/8
f 524/156/10 526/156/10 525/80/10
f 525/80/10 527/80/10 524/156/10
f 528/123/8 530/162/8 529/162/8
f 528/123/8 531/123/8 530/162/8
f 154/83/9 532/83/9 153/82/9
f 532/83/9 154/83/9 533/144/9
f 533/144/9 534/144/9 532/83/9
f 535/143/8 537/84/8 536/84/8
f 537/84/8 535/143/8 538/143/8
f 539/154/10 541/154/10 540/98/10
f 540/98/10 542/98/10 539/154/10
f 151/81/3 544/153/3 543/153/3
f 152/81/3 150/80/3 545/80/3
f 544/153/3 151/81/3 152/81/3
f 204/114/7 546/114/7 203/113/7
f 546/114/7 204/114/7 547/161/7
f 547/161/7 548/161/7 546/114/7
f 549/137/10 551/104/10 550/104/10
f 551/104/10 549/137/10 552/137/10
usemtl concrete
f 553/187/9 555/188/9 554/14/9
f 556/14/3 558/189/3 557/17/3
f 559/188/3 560/190/3 558/189/3
f 558/189/3 556/14/3 559/188/3
f 561/17/1 563/192/1 562/191/1
f 562/191/1 564/193/1 561/17/1
f 565/194/1 567/195/1 566/190/1
f 565/194/1 568/196/1 567/195/1
f 569/197/11 571/199/11 570/198/11
f 572/200/8 574/201/8 573/200/8
f 573/200/8 574/201/8 575/202/8
f 575/202/8 576/202/8 573/200/8
f 577/199/12 579/197/12 578/201/12
f 580/203/13 582/205/13 581/204/13
f 583/33/8 585/32/8 584/206/8
f 584/206/8 586/207/8 583/33/8
f 584/206/8 587/203/8 586/207/8
f 588/207/14 590/203/14 589/204/14
f 591/208/1 593/210/1 592/209/1
f 592/209/1 593/210/1 594/186/1
f 592/209/1 595/204/1 591/208/1
f 596/189/1 598/190/1 597/195/1
f 596/189/1 600/211/1 599/192/1
f 601/17/15 603/17/15 602/15/15
f 602/15/15 604/15/15 601/17/15
f 557/17/3 606/17/3 605/15/3
f 607/202/8 609/38/8 608/38/8
f 608/38/8 610/202/8 607/202/8
f 611/212/10 613/212/10 612/213/10
f 611/212/10 612/213/10 614/213/10
f 615/15/8 617/214/8 616/214/8
f 616/214/8 618/15/8 615/15/8
f 619/213/16 621/215/16 620/198/16
f 620/198/16 622/212/16 619/213/16
f 620/198/16 623/214/16 622/212/16
f 624/39/10 626/39/10 625/216/10
f 627/216/17 629/202/17 628/201/17
f 628/201/17 630/217/17 627/216/17
f 628/201/17 631/197/17 630/217/17
f 632/216/18 634/39/18 633/38/18
f 633/38/18 635/202/18 632/216/18
f 636/17/19 638/212/19 637/214/19
f 637/214/19 639/15/19 636/17/19
f 640/214/8 642/218/8 641/199/8
f 641/199/8 643/214/8 640/214/8
f 642/218/8 644/199/8 641/199/8
s 1
f 645/38/20 647/39/20 646/39/20
s 0
f 647/39/20 645/38/20 648/38/20
f 625/216/10 649/216/10 624/39/10
f 625/216/10 651/217/10 650/217/10
f 652/17/10 654/17/10 653/212/10
f 652/17/10 653/212/10 655/212/10
f 656/38/9 658/44/9 657/44/9
f 656/38/9 660/39/9 659/39/9
f 661/219/10 663/220/10 662/220/10
f 661/219/10 664/219/10 663/220/10
f 665/221/21 667/221/21 666/187/21
f 665/221/21 666/187/21 668/187/21
s 1
f 669/187/22 671/187/22 670/188/22
f 669/187/22 670/188/22 672/188/22
f 673/190/23 675/190/23 674/194/23
f 673/190/23 674/194/23 676/194/23
s 0
f 677/190/24 679/190/24 678/194/24
f 677/190/24 678/194/24 680/194/24
f 681/221/7 683/221/7 682/187/7
f 682/187/7 684/187/7 681/221/7
f 685/187/9 687/187/9 686/188/9
f 686/188/9 688/188/9 685/187/9
f 689/194/25 691/194/25 690/222/25
f 689/194/25 690/222/25 692/222/25
f 693/188/3 695/188/3 694/190/3
f 694/190/3 696/190/3 693/188/3
f 697/190/26 699/190/26 698/223/26
f 698/223/26 700/223/26 697/190/26
f 701/224/27 703/221/27 702/221/27
f 704/224/27 703/221/27 701/224/27
s 1
f 705/223/28 707/208/29 706/223/29
f 707/208/29 705/223/28 708/210/29
f 707/208/29 708/210/29 709/210/28
s 0
f 710/35/8 712/225/8 711/203/8
f 711/203/8 713/31/8 710/35/8
f 714/206/8 713/31/8 711/203/8
f 715/222/1 717/210/1 716/223/1
f 716/223/1 718/190/1 715/222/1
f 719/220/10 721/220/10 720/226/10
f 719/220/10 720/226/10 722/226/10
s 1
f 723/194/30 725/222/32 724/222/31
f 724/222/31 726/194/30 723/194/30
s 0
f 727/190/10 729/219/10 728/219/10
f 728/219/10 730/190/10 727/190/10
f 731/188/10 733/188/10 732/190/10
f 731/188/10 732/190/10 734/190/10
f 720/226/10 721/220/10 735/219/10
f 733/188/10 731/188/10 722/226/10
f 733/188/10 722/226/10 720/226/10
f 735/219/10 733/188/10 720/226/10
f 735/219/10 732/190/10 733/188/10
f 736/204/1 738/205/1 737/223/1
f 737/223/1 739/208/1 736/204/1
f 740/35/1 737/223/1 738/205/1
f 741/226/10 743/220/10 742/190/10
f 741/226/10 742/190/10 744/188/10
f 743/220/10 746/220/10 745/190/10
f 743/220/10 745/190/10 742/190/10
f 747/188/33 749/190/33 748/223/33
f 748/223/33 751/35/33 750/31/33
f 750/31/33 747/188/33 748/223/33
f 752/187/34 754/36/34 753/224/34
f 753/224/34 755/221/34 752/187/34
f 754/36/34 756/168/34 753/224/34
f 757/29/7 759/29/7 758/28/7
f 760/227/7 761/27/7 758/28/7
f 758/28/7 759/29/7 762/227/7
f 762/227/7 760/227/7 758/28/7
f 763/191/1 765/196/1 764/194/1
f 599/192/1 766/17/1 596/189/1
f 597/195/1 600/211/1 596/189/1
f 767/228/35 769/229/35 768/229/35
f 770/230/36 772/231/36 771/231/36
f 771/231/37 773/230/37 770/230/37
s 1
f 774/232/38 776/233/38 775/233/38
s 0
f 776/233/38 774/232/38 777/232/38
f 778/234/39 780/234/39 779/235/39
f 778/234/40 779/235/40 781/235/40
f 782/236/41 784/232/41 783/232/41
f 784/232/41 782/236/41 785/236/41
f 786/233/42 788/228/42 787/228/42
f 787/228/42 789/233/42 786/233/42
f 790/235/43 792/235/43 791/230/43
s 1
f 791/230/43 793/230/43 790/235/43
s 0
f 794/222/1 796/235/1 795/194/1
f 794/222/1 797/234/1 796/235/1
f 798/213/1 800/234/1 799/222/1
f 800/234/1 798/213/1 801/231/1
f 802/230/1 804/231/1 803/213/1
f 803/213/1 805/193/1 802/230/1
f 764/194/1 806/193/1 763/191/1
f 807/235/1 808/230/1 806/193/1
f 806/193/1 764/194/1 807/235/1
f 809/187/7 811/232/7 810/233/7
f 809/187/7 810/233/7 812/221/7
f 811/232/7 814/39/7 813/236/7
f 814/39/7 811/232/7 809/187/7
f 815/216/7 816/229/7 813/236/7
f 815/216/7 813/236/7 814/39/7
f 817/228/7 816/229/7 815/216/7
f 810/233/7 817/228/7 818/217/7
f 818/217/7 817/228/7 815/216/7
f 818/217/7 812/221/7 810/233/7
f 819/188/44 821/190/44 820/190/44
f 819/188/44 822/188/44 821/190/44
f 823/17/10 825/17/10 824/193/10
f 823/17/10 824/193/10 826/212/10
f 827/182/8 829/171/8 828/171/8
f 827/182/8 830/182/8 829/171/8
f 650/217/10 649/216/10 625/216/10
f 649/216/10 650/217/10 831/217/10
f 831/217/10 832/216/10 649/216/10
f 605/15/3 833/15/3 557/17/3
f 833/15/3 605/15/3 834/4/3
f 834/4/3 835/4/3 833/15/3
f 836/39/10 838/39/10 837/216/10
f 837/216/10 839/216/10 836/39/10
f 840/200/45 842/202/45 841/182/45
f 841/182/45 843/171/45 840/200/45
f 844/15/1 846/214/1 845/1/1
f 845/1/1 847/4/1 844/15/1
f 848/202/7 850/38/7 849/44/7
f 849/44/7 851/182/7 848/202/7
f 852/214/46 854/199/46 853/5/46
f 853/5/46 855/1/46 852/214/46
f 856/234/47 858/231/47 857/231/47
f 857/231/48 859/234/48 856/234/48
f 860/38/9 656/38/9 659/39/9
f 658/44/9 656/38/9 860/38/9
f 554/14/9 659/39/9 553/187/9
f 861/182/8 863/44/8 862/44/8
f 862/44/8 864/182/8 861/182/8
s 1
f 768/229/35 865/228/35 767/228/35
f 768/229/35 867/236/35 866/236/35
s 0
f 867/236/35 768/229/35 769/229/35
f 653/212/10 869/213/10 868/213/10
f 869/213/10 653/212/10 870/193/10
f 871/1/8 873/5/8 872/5/8
f 872/5/8 874/1/8 871/1/8
f 875/4/8 877/4/8 876/1/8
f 875/4/8 876/1/8 878/1/8
usemtl window_frame
f 879/237/1 881/238/1 880/238/1
f 881/238/1 879/237/1 882/237/1
f 883/239/7 885/239/7 884/240/7
f 884/240/7 886/240/7 883/239/7
f 887/241/10 889/242/10 888/242/10
f 887/241/10 890/241/10 889/242/10
f 891/243/8 893/243/8 892/244/8
f 891/243/8 892/244/8 894/244/8
f 895/245/1 897/246/1 896/246/1
f 897/246/1 895/245/1 898/245/1
f 899/247/3 901/248/3 900/248/3
f 901/248/3 899/247/3 902/247/3
f 903/249/10 905/249/10 904/247/10
f 904/247/10 906/247/10 903/249/10
f 907/250/8 909/251/8 908/251/8
f 907/250/8 910/250/8 909/251/8
f 911/252/9 913/252/9 912/253/9
f 912/253/9 914/253/9 911/252/9
f 915/254/8 917/248/8 916/248/8
f 915/254/8 918/254/8 917/248/8
f 919/255/10 921/256/10 920/256/10
f 921/256/10 919/255/10 922/255/10
f 923/257/3 925/251/3 924/251/3
f 925/251/3 923/257/3 926/257/3
f 927/258/8 929/259/8 928/259/8
f 929/259/8 927/258/8 930/258/8
f 931/254/7 933/254/7 932/249/7
f 932/249/7 934/249/7 931/254/7
f 935/260/10 937/261/10 936/261/10
f 937/261/10 935/260/10 938/260/10
f 939/250/7 941/250/7 940/262/7
f 940/262/7 942/262/7 939/250/7
f 943/263/8 945/264/8 944/264/8
f 945/264/8 943/263/8 946/263/8
f 947/265/8 949/265/8 948/266/8
f 947/265/8 948/266/8 950/266/8
f 951/267/9 953/267/9 952/260/9
f 952/260/9 954/260/9 951/267/9
f 955/243/7 957/243/7 956/268/7
f 956/268/7 958/268/7 955/243/7
f 959/269/1 961/263/1 960/263/1
f 961/263/1 959/269/1 962/269/1
f 963/265/7 965/265/7 964/241/7
f 964/241/7 966/241/7 963/265/7
f 967/242/3 969/266/3 968/266/3
f 969/266/3 967/242/3 970/242/3
f 971/270/10 973/270/10 972/271/10
f 972/271/10 974/271/10 971/270/10
f 975/272/1 977/258/1 976/258/1
f 977/258/1 975/272/1 978/272/1
f 979/273/8 981/273/8 980/274/8
f 979/273/8 980/274/8 982/274/8
f 983/275/1 985/276/1 984/276/1
f 985/276/1 983/275/1 986/275/1
f 987/277/10 989/277/10 988/278/10
f 988/278/10 990/278/10 987/277/10
f 991/259/9 993/259/9 992/279/9
f 992/279/9 994/279/9 991/259/9
f 995/273/7 997/273/7 996/280/7
f 996/280/7 998/280/7 995/273/7
f 999/276/8 1001/281/8 1000/281/8
f 1001/281/8 999/276/8 1002/276/8
f 1003/262/10 1005/262/10 1004/257/10
f 1004/257/10 1006/257/10 1003/262/10
f 1007/282/10 1009/283/10 1008/283/10
f 1009/283/10 1007/282/10 1010/282/10
f 1011/284/8 1013/284/8 1012/285/8
f 1011/284/8 1012/285/8 1014/285/8
f 1015/286/1 1017/287/1 1016/287/1
f 1017/287/1 1015/286/1 1018/286/1
f 1019/288/3 1021/244/3 1020/244/3
f 1021/244/3 1019/288/3 1022/288/3
f 1023/289/9 1025/289/9 1024/282/9
f 1024/282/9 1026/282/9 1023/289/9
f 1027/284/7 1029/284/7 1028/290/7
f 1028/290/7 1030/290/7 1027/284/7
f 1031/287/8 1033/291/8 1032/291/8
f 1033/291/8 1031/287/8 1034/287/8
f 1035/268/10 1037/268/10 1036/288/10
f 1035/268/10 1036/288/10 1038/288/10
f 1039/292/10 1041/237/10 1040/237/10
f 1041/237/10 1039/292/10 1042/292/10
f 1043/261/1 1045/293/1 1044/293/1
f 1045/293/1 1043/261/1 1046/261/1
f 1047/294/3 1049/295/3 1048/295/3
f 1049/295/3 1047/294/3 1050/294/3
f 1051/296/9 1053/296/9 1052/292/9
f 1052/292/9 1054/292/9 1051/296/9
f 1055/293/8 1057/267/8 1056/267/8
f 1057/267/8 1055/293/8 1058/293/8
f 1059/297/10 1061/297/10 1060/294/10
f 1059/297/10 1060/294/10 1062/294/10
f 1063/298/10 1065/269/10 1064/269/10
f 1065/269/10 1063/298/10 1066/298/10
f 1067/256/1 1069/299/1 1068/299/1
f 1069/299/1 1067/256/1 1070/256/1
f 1071/300/3 1073/301/3 1072/301/3
f 1073/301/3 1071/300/3 1074/300/3
f 1075/264/9 1077/264/9 1076/298/9
f 1076/298/9 1078/298/9 1075/264/9
f 1079/299/8 1081/302/8 1080/302/8
f 1081/302/8 1079/299/8 1082/299/8
f 1083/303/10 1085/303/10 1084/300/10
f 1083/303/10 1084/300/10 1086/300/10
f 1087/279/10 1089/272/10 1088/272/10
f 1089/272/10 1087/279/10 1090/279/10
f 1091/302/9 1093/302/9 1092/255/9
f 1092/255/9 1094/255/9 1091/302/9
f 1095/290/10 1097/290/10 1096/304/10
f 1095/290/10 1096/304/10 1098/304/10
f 1099/253/10 1101/245/10 1100/245/10
f 1101/245/10 1099/253/10 1102/253/10
f 1103/305/1 1105/306/1 1104/306/1
f 1105/306/1 1103/305/1 1106/305/1
f 1107/307/10 1109/307/10 1108/308/10
f 1108/308/10 1110/308/10 1107/307/10
f 1111/309/10 1113/310/10 1112/310/10
f 1113/310/10 1111/309/10 1114/309/10
f 1115/306/8 1117/311/8 1116/311/8
f 1117/311/8 1115/306/8 1118/306/8
f 1119/312/10 1121/313/10 1120/313/10
f 1121/313/10 1119/312/10 1122/312/10
f 1123/314/8 1125/314/8 1124/301/8
f 1123/314/8 1124/301/8 1126/301/8
f 1127/311/9 1129/311/9 1128/315/9
f 1128/315/9 1130/315/9 1127/311/9
f 1131/316/10 1133/275/10 1132/275/10
f 1133/275/10 1131/316/10 1134/316/10
f 1135/317/8 1137/317/8 1136/318/8
f 1135/317/8 1136/318/8 1138/318/8
f 1139/313/1 1141/319/1 1140/319/1
f 1141/319/1 1139/313/1 1142/313/1
f 1143/281/9 1145/281/9 1144/316/9
f 1144/316/9 1146/316/9 1143/281/9
f 1147/271/3 1149/318/3 1148/318/3
f 1149/318/3 1147/271/3 1150/271/3
f 1151/320/8 1153/321/8 1152/321/8
f 1153/321/8 1151/320/8 1154/320/8
f 1155/319/8 1157/322/8 1156/322/8
f 1157/322/8 1155/319/8 1158/319/8
f 1159/304/3 1161/285/3 1160/285/3
f 1161/285/3 1159/304/3 1162/304/3
f 1163/317/7 1165/317/7 1164/270/7
f 1164/270/7 1166/270/7 1163/317/7
f 1167/48/7 1169/323/7 1168/289/7
f 1170/56/7 1172/320/7 1171/321/7
f 1171/321/7 1173/58/7 1170/56/7
f 1173/58/7 1175/309/7 1174/51/7
f 1173/58/7 1171/321/7 1175/309/7
f 1176/54/7 1178/50/7 1177/246/7
f 1177/246/7 1179/252/7 1176/54/7
f 1180/53/7 1182/131/7 1181/238/7
f 1181/238/7 1183/296/7 1180/53/7
f 1184/46/7 1186/237/7 1185/238/7
f 1184/46/7 1185/238/7 1187/131/7
f 1188/49/7 1190/245/7 1189/246/7
f 1188/49/7 1189/246/7 1191/50/7
f 1192/252/7 1194/253/7 1193/55/7
f 1193/55/7 1195/54/7 1192/252/7
f 1196/324/7 1198/325/7 1197/258/7
f 1197/258/7 1199/259/7 1196/324/7
f 1200/132/7 1202/134/7 1201/263/7
f 1201/263/7 1203/264/7 1200/132/7
f 1204/326/7 1206/258/7 1205/325/7
f 1204/326/7 1207/272/7 1206/258/7
f 1208/324/7 1210/279/7 1209/327/7
f 1208/324/7 1211/259/7 1210/279/7
f 1212/47/7 1213/283/7 1169/323/7
f 1212/47/7 1169/323/7 1167/48/7
f 1168/289/7 1214/133/7 1167/48/7
f 1215/57/7 1216/282/7 1213/283/7
f 1215/57/7 1213/283/7 1212/47/7
f 1214/133/7 1168/289/7 1216/282/7
f 1214/133/7 1216/282/7 1215/57/7
f 1217/292/7 1219/237/7 1218/46/7
f 1218/46/7 1220/45/7 1217/292/7
f 1221/296/7 1223/292/7 1222/45/7
f 1222/45/7 1224/53/7 1221/296/7
f 1225/60/7 1227/263/7 1226/134/7
f 1225/60/7 1228/269/7 1227/263/7
f 1229/59/7 1228/269/7 1225/60/7
f 1229/59/7 1230/298/7 1228/269/7
f 1231/132/7 1230/298/7 1229/59/7
f 1231/132/7 1232/264/7 1230/298/7
f 1233/279/7 1235/272/7 1234/326/7
f 1234/326/7 1236/327/7 1233/279/7
f 1237/253/7 1239/245/7 1238/49/7
f 1238/49/7 1240/55/7 1237/253/7
f 1241/52/7 1172/320/7 1170/56/7
f 1241/52/7 1242/310/7 1172/320/7
f 1174/51/7 1242/310/7 1241/52/7
f 1174/51/7 1175/309/7 1242/310/7
f 1243/317/1 1245/79/1 1244/318/1
f 1243/317/1 1246/150/1 1245/79/1
f 1246/150/1 1243/317/1 1247/270/1
f 1246/150/1 1247/270/1 1248/148/1
f 1249/314/1 1251/65/1 1250/74/1
f 1249/314/1 1250/74/1 1252/301/1
f 1251/65/1 1254/303/1 1253/66/1
f 1251/65/1 1249/314/1 1254/303/1
f 1255/328/1 1257/277/1 1256/71/1
f 1255/328/1 1259/75/1 1258/329/1
f 1255/328/1 1260/77/1 1259/75/1
f 1261/330/1 1263/297/1 1262/63/1
f 1261/330/1 1265/147/1 1264/295/1
f 1261/330/1 1266/149/1 1265/147/1
f 1267/250/1 1269/67/1 1268/251/1
f 1267/250/1 1270/70/1 1269/67/1
f 1270/70/1 1267/250/1 1271/262/1
f 1270/70/1 1271/262/1 1272/61/1
f 1273/243/1 1275/151/1 1274/69/1
f 1275/151/1 1273/243/1 1277/268/1
f 1275/151/1 1277/268/1 1276/76/1
f 1278/78/1 1244/318/1 1245/79/1
f 1278/78/1 1279/271/1 1244/318/1
f 1248/148/1 1279/271/1 1278/78/1
f 1248/148/1 1247/270/1 1279/271/1
f 1280/72/1 1258/329/1 1259/75/1
f 1280/72/1 1281/278/1 1258/329/1
f 1256/71/1 1260/77/1 1255/328/1
f 1256/71/1 1257/277/1 1281/278/1
f 1256/71/1 1281/278/1 1280/72/1
f 1282/62/1 1268/251/1 1269/67/1
f 1282/62/1 1283/257/1 1268/251/1
f 1272/61/1 1271/262/1 1283/257/1
f 1272/61/1 1283/257/1 1282/62/1
f 1274/69/1 1284/244/1 1273/243/1
f 1285/68/1 1286/288/1 1284/244/1
f 1285/68/1 1284/244/1 1274/69/1
f 1276/76/1 1286/288/1 1285/68/1
f 1276/76/1 1277/268/1 1286/288/1
f 1287/64/1 1264/295/1 1265/147/1
f 1287/64/1 1288/294/1 1264/295/1
f 1262/63/1 1288/294/1 1287/64/1
f 1262/63/1 1266/149/1 1261/330/1
f 1262/63/1 1263/297/1 1288/294/1
f 1289/73/1 1252/301/1 1250/74/1
f 1289/73/1 1290/300/1 1252/301/1
f 1253/66/1 1254/303/1 1290/300/1
f 1253/66/1 1290/300/1 1289/73/1
f 1291/58/7 1293/312/7 1292/313/7
f 1291/58/7 1292/313/7 1294/56/7
f 1295/133/7 1297/275/7 1296/48/7
f 1295/133/7 1298/316/7 1297/275/7
f 1299/331/7 1301/316/7 1300/133/7
f 1299/331/7 1302/281/7 1301/316/7
f 1303/74/1 1305/285/1 1304/332/1
f 1303/74/1 1306/304/1 1305/285/1
f 1307/315/7 1309/305/7 1308/50/7
f 1308/50/7 1310/54/7 1307/315/7
f 1311/333/7 1313/286/7 1312/131/7
f 1312/131/7 1314/53/7 1311/333/7
f 1315/334/7 1317/333/7 1316/53/7
f 1315/334/7 1318/291/7 1317/333/7
f 1319/147/1 1321/335/1 1320/274/1
f 1319/147/1 1320/274/1 1322/336/1
f 1323/255/7 1325/256/7 1324/325/7
f 1324/325/7 1326/324/7 1323/255/7
f 1327/260/7 1329/261/7 1328/134/7
f 1328/134/7 1330/132/7 1327/260/7
f 1331/337/7 1333/267/7 1332/260/7
f 1331/337/7 1332/260/7 1334/132/7
f 1335/69/1 1337/242/1 1336/266/1
f 1335/69/1 1336/266/1 1338/338/1
f 1339/48/7 1341/276/7 1340/339/7
f 1339/48/7 1342/275/7 1341/276/7
f 1343/331/7 1345/339/7 1344/276/7
f 1344/276/7 1346/281/7 1343/331/7
f 1347/131/7 1349/287/7 1348/340/7
f 1347/131/7 1350/286/7 1349/287/7
f 1351/291/7 1353/334/7 1352/340/7
f 1352/340/7 1354/287/7 1351/291/7
f 1355/134/7 1357/293/7 1356/341/7
f 1355/134/7 1358/261/7 1357/293/7
f 1359/337/7 1361/341/7 1360/293/7
f 1360/293/7 1362/267/7 1359/337/7
f 1363/325/7 1365/256/7 1364/299/7
f 1363/325/7 1364/299/7 1366/342/7
f 1367/343/7 1369/342/7 1368/299/7
f 1368/299/7 1370/302/7 1367/343/7
f 1371/343/7 1373/255/7 1372/324/7
f 1371/343/7 1374/302/7 1373/255/7
f 1375/50/7 1377/305/7 1376/306/7
f 1375/50/7 1376/306/7 1378/344/7
f 1379/311/7 1381/345/7 1380/344/7
f 1380/344/7 1382/306/7 1379/311/7
f 1383/345/7 1385/315/7 1384/54/7
f 1383/345/7 1386/311/7 1385/315/7
f 1387/56/7 1389/313/7 1388/319/7
f 1387/56/7 1388/319/7 1390/346/7
f 1391/322/7 1393/347/7 1392/346/7
f 1392/346/7 1394/319/7 1391/322/7
f 1395/347/7 1397/312/7 1396/58/7
f 1395/347/7 1398/322/7 1397/312/7
f 1399/79/1 1401/349/1 1400/348/1
f 1399/79/1 1402/308/1 1401/349/1
f 1403/350/1 1400/348/1 1401/349/1
f 1403/350/1 1404/351/1 1400/348/1
f 1405/150/1 1402/308/1 1399/79/1
f 1405/150/1 1406/307/1 1402/308/1
f 1404/351/1 1406/307/1 1405/150/1
f 1404/351/1 1403/350/1 1406/307/1
f 1407/75/1 1409/353/1 1408/352/1
f 1407/75/1 1408/352/1 1410/354/1
f 1411/239/1 1412/355/1 1410/354/1
f 1411/239/1 1410/354/1 1408/352/1
f 1413/77/1 1409/353/1 1407/75/1
f 1413/77/1 1414/240/1 1409/353/1
f 1412/355/1 1411/239/1 1414/240/1
f 1412/355/1 1414/240/1 1413/77/1
f 1415/67/1 1417/247/1 1416/248/1
f 1415/67/1 1416/248/1 1418/356/1
f 1419/254/1 1420/357/1 1418/356/1
f 1419/254/1 1418/356/1 1416/248/1
f 1421/70/1 1417/247/1 1415/67/1
f 1421/70/1 1422/249/1 1417/247/1
f 1420/357/1 1419/254/1 1422/249/1
f 1420/357/1 1422/249/1 1421/70/1
f 1423/265/1 1424/358/1 1338/338/1
f 1423/265/1 1338/338/1 1336/266/1
f 1425/151/1 1337/242/1 1335/69/1
f 1425/151/1 1426/241/1 1337/242/1
f 1424/358/1 1423/265/1 1426/241/1
f 1424/358/1 1426/241/1 1425/151/1
f 1322/336/1 1320/274/1 1427/273/1
f 1427/273/1 1428/359/1 1322/336/1
f 1429/149/1 1321/335/1 1319/147/1
f 1429/149/1 1430/280/1 1321/335/1
f 1428/359/1 1430/280/1 1429/149/1
f 1428/359/1 1427/273/1 1430/280/1
f 1431/284/1 1432/360/1 1304/332/1
f 1431/284/1 1304/332/1 1305/285/1
f 1433/65/1 1306/304/1 1303/74/1
f 1433/65/1 1434/290/1 1306/304/1
f 1432/360/1 1431/284/1 1434/290/1
f 1432/360/1 1434/290/1 1433/65/1
f 1435/324/1 1437/324/1 1436/327/1
f 1436/327/1 1438/327/1 1435/324/1
f 1439/327/8 1441/327/8 1440/326/8
f 1440/326/8 1442/326/8 1439/327/8
f 1443/325/10 1445/325/10 1444/324/10
f 1444/324/10 1446/324/10 1443/325/10
f 1447/50/10 1449/50/10 1448/54/10
f 1448/54/10 1450/54/10 1447/50/10
f 1451/134/10 1453/134/10 1452/132/10
f 1452/132/10 1454/132/10 1451/134/10
f 1455/131/10 1457/131/10 1456/53/10
f 1456/53/10 1458/53/10 1455/131/10
f 1459/56/10 1461/56/10 1460/58/10
f 1460/58/10 1462/58/10 1459/56/10
f 1463/48/10 1465/48/10 1464/133/10
f 1464/133/10 1466/133/10 1463/48/10
f 1467/330/7 1469/330/7 1468/297/7
f 1468/297/7 1470/297/7 1467/330/7
f 1471/335/3 1473/274/3 1472/274/3
f 1473/274/3 1471/335/3 1474/335/3
f 1475/239/8 1477/239/8 1476/352/8
f 1475/239/8 1476/352/8 1478/352/8
f 1479/238/8 1481/296/8 1480/296/8
f 1481/296/8 1479/238/8 1482/238/8
f 1483/328/7 1485/328/7 1484/277/7
f 1484/277/7 1486/277/7 1483/328/7
f 1487/291/9 1489/291/9 1488/333/9
f 1488/333/9 1490/333/9 1487/291/9
f 1491/151/10 1493/151/10 1492/69/10
f 1491/151/10 1492/69/10 1494/69/10
f 1495/149/10 1497/149/10 1496/147/10
f 1495/149/10 1496/147/10 1498/147/10
f 1499/70/10 1501/67/10 1500/67/10
f 1499/70/10 1502/70/10 1501/67/10
f 1503/77/10 1505/75/10 1504/75/10
f 1503/77/10 1506/77/10 1505/75/10
f 1507/65/10 1509/74/10 1508/74/10
f 1507/65/10 1510/65/10 1509/74/10
f 1511/353/3 1513/352/3 1512/352/3
f 1513/352/3 1511/353/3 1514/353/3
f 1515/246/8 1517/252/8 1516/252/8
f 1517/252/8 1515/246/8 1518/246/8
f 1519/278/3 1521/329/3 1520/329/3
f 1521/329/3 1519/278/3 1522/278/3
f 1523/333/10 1525/286/10 1524/286/10
f 1525/286/10 1523/333/10 1526/333/10
f 1527/350/7 1529/350/7 1528/307/7
f 1528/307/7 1530/307/7 1527/350/7
f 1531/321/9 1533/321/9 1532/309/9
f 1532/309/9 1534/309/9 1531/321/9
f 1535/360/1 1537/361/1 1536/91/1
f 1538/73/1 1540/362/1 1539/81/1
f 1541/351/1 1543/150/1 1542/20/1
f 1544/78/1 1546/79/1 1545/89/1
f 1547/328/8 1550/328/8 1549/329/8
f 1547/328/8 1549/329/8 1548/329/8
f 1551/315/10 1553/305/10 1552/305/10
f 1553/305/10 1551/315/10 1554/315/10
f 1555/351/7 1557/351/7 1556/150/7
f 1558/73/3 1560/74/3 1559/362/3
f 1561/78/3 1563/79/3 1562/79/3
f 1564/360/7 1566/360/7 1565/65/7
f 1567/347/9 1569/347/9 1568/58/9
f 1570/347/7 1572/58/7 1571/83/7
f 1571/83/7 1573/82/7 1570/347/7
f 1574/52/7 1576/56/7 1575/96/7
f 1575/96/7 1577/94/7 1574/52/7
f 1578/331/7 1580/133/7 1579/85/7
f 1579/85/7 1581/84/7 1578/331/7
f 1582/47/7 1584/48/7 1583/93/7
f 1583/93/7 1585/92/7 1582/47/7
f 1586/350/8 1588/350/8 1587/349/8
f 1586/350/8 1587/349/8 1589/349/8
f 1590/310/1 1592/320/1 1591/320/1
f 1592/320/1 1590/310/1 1593/310/1
f 1594/331/9 1596/331/9 1595/133/9
f 1597/52/1 1599/56/1 1598/56/1
f 1600/47/1 1602/48/1 1601/48/1
f 1603/359/7 1605/359/7 1604/149/7
f 1606/359/1 1608/149/1 1607/103/1
f 1609/64/1 1611/147/1 1610/99/1
f 1612/355/1 1614/77/1 1613/97/1
f 1615/72/1 1617/75/1 1616/102/1
f 1618/330/8 1620/295/8 1619/295/8
f 1618/330/8 1621/330/8 1620/295/8
f 1622/240/10 1624/240/10 1623/353/10
f 1623/353/10 1625/353/10 1622/240/10
f 1626/355/7 1628/355/7 1627/77/7
f 1629/64/3 1631/147/3 1630/147/3
f 1632/72/3 1634/75/3 1633/75/3
f 1635/345/9 1637/345/9 1636/54/9
f 1638/107/7 1640/106/7 1639/345/7
f 1641/49/7 1643/50/7 1642/110/7
f 1642/110/7 1644/108/7 1641/49/7
f 1645/112/7 1647/111/7 1646/334/7
f 1648/46/7 1650/131/7 1649/105/7
f 1651/308/3 1653/349/3 1652/349/3
f 1653/349/3 1651/308/3 1654/308/3
f 1655/283/1 1657/323/1 1656/323/1
f 1657/323/1 1655/283/1 1658/283/1
f 1659/334/9 1661/334/9 1660/53/9
f 1662/49/1 1664/50/1 1663/50/1
f 1665/46/1 1667/131/1 1666/131/1
f 1668/357/7 1670/357/7 1669/70/7
f 1671/358/7 1673/358/7 1672/151/7
f 1674/358/1 1676/363/1 1675/124/1
f 1677/68/1 1679/69/1 1678/120/1
f 1680/357/1 1682/364/1 1681/114/1
f 1683/62/1 1685/365/1 1684/122/1
f 1686/314/7 1688/314/7 1687/303/7
f 1687/303/7 1689/303/7 1686/314/7
f 1690/280/10 1691/335/10 1693/335/10
f 1690/280/10 1692/280/10 1691/335/10
f 1694/68/3 1696/69/3 1695/69/3
f 1697/62/3 1699/67/3 1698/365/3
f 1700/337/9 1702/337/9 1701/132/9
f 1703/343/9 1705/343/9 1704/324/9
f 1706/343/7 1708/324/7 1707/117/7
f 1707/117/7 1709/115/7 1706/343/7
f 1710/326/7 1712/325/7 1711/130/7
f 1711/130/7 1713/129/7 1710/326/7
f 1714/337/7 1716/132/7 1715/128/7
f 1717/60/7 1719/134/7 1718/126/7
f 1718/126/7 1720/125/7 1717/60/7
f 1721/322/9 1723/322/9 1722/312/9
f 1722/312/9 1724/312/9 1721/322/9
f 1725/323/8 1727/289/8 1726/289/8
f 1727/289/8 1725/323/8 1728/323/8
f 1729/326/1 1731/325/1 1730/325/1
f 1732/60/1 1734/134/1 1733/134/1
f 1601/48/1 1736/339/1 1735/339/1
f 1602/48/1 1600/47/1 1737/47/1
f 1736/339/1 1601/48/1 1602/48/1
f 1666/131/1 1739/340/1 1738/340/1
f 1667/131/1 1665/46/1 1740/46/1
f 1739/340/1 1666/131/1 1667/131/1
f 1741/57/10 1743/47/10 1742/47/10
f 1743/47/10 1741/57/10 1744/57/10
f 1733/134/1 1746/341/1 1745/341/1
f 1734/134/1 1732/60/1 1747/60/1
f 1746/341/1 1733/134/1 1734/134/1
f 1748/45/10 1750/46/10 1749/46/10
f 1750/46/10 1748/45/10 1751/45/10
f 1730/325/1 1753/342/1 1752/342/1
f 1731/325/1 1729/326/1 1754/326/1
f 1753/342/1 1730/325/1 1731/325/1
f 1755/339/8 1757/331/8 1756/331/8
f 1757/331/8 1755/339/8 1758/339/8
f 1759/59/10 1761/60/10 1760/60/10
f 1761/60/10 1759/59/10 1762/59/10
f 1663/50/1 1764/344/1 1763/344/1
f 1664/50/1 1662/49/1 1765/49/1
f 1764/344/1 1663/50/1 1664/50/1
f 1766/340/8 1768/334/8 1767/334/8
f 1768/334/8 1766/340/8 1769/340/8
f 1770/327/10 1772/326/10 1771/326/10
f 1772/326/10 1770/327/10 1773/327/10
f 1598/56/1 1775/346/1 1774/346/1
f 1599/56/1 1597/52/1 1776/52/1
f 1775/346/1 1598/56/1 1599/56/1
f 1595/133/9 1777/133/9 1594/331/9
f 1777/133/9 1595/133/9 1778/57/9
f 1778/57/9 1779/57/9 1777/133/9
f 1780/341/8 1782/337/8 1781/337/8
f 1782/337/8 1780/341/8 1783/341/8
f 1784/55/10 1786/49/10 1785/49/10
f 1786/49/10 1784/55/10 1787/55/10
f 1660/53/9 1788/53/9 1659/334/9
f 1788/53/9 1660/53/9 1789/45/9
f 1789/45/9 1790/45/9 1788/53/9
f 1791/342/8 1793/343/8 1792/343/8
f 1793/343/8 1791/342/8 1794/342/8
f 1795/51/10 1797/52/10 1796/52/10
f 1797/52/10 1795/51/10 1798/51/10
f 1799/326/9 1801/325/9 1800/325/9
f 1801/325/9 1799/326/9 1802/326/9
f 1803/339/7 1805/331/7 1804/84/7
f 1804/84/7 1806/143/7 1803/339/7
f 1807/93/7 1809/339/7 1808/143/7
f 1809/339/7 1807/93/7 1810/48/7
f 1811/146/7 1813/57/7 1812/47/7
f 1812/47/7 1814/92/7 1811/146/7
f 1815/85/7 1817/133/7 1816/57/7
f 1815/85/7 1816/57/7 1818/146/7
f 1646/334/7 1819/53/7 1645/112/7
f 1820/145/7 1821/340/7 1646/334/7
f 1820/145/7 1646/334/7 1647/111/7
f 1649/105/7 1821/340/7 1820/145/7
f 1649/105/7 1822/104/7 1648/46/7
f 1821/340/7 1649/105/7 1650/131/7
f 1823/45/7 1825/46/7 1824/104/7
f 1824/104/7 1826/137/7 1823/45/7
f 1827/112/7 1829/53/7 1828/45/7
f 1827/112/7 1828/45/7 1830/137/7
f 1831/135/7 1833/341/7 1832/337/7
f 1831/135/7 1832/337/7 1834/127/7
f 1835/126/7 1837/341/7 1836/135/7
f 1837/341/7 1835/126/7 1838/134/7
f 1839/138/7 1841/59/7 1840/60/7
f 1839/138/7 1840/60/7 1842/125/7
f 1715/128/7 1843/127/7 1714/337/7
f 1715/128/7 1841/59/7 1839/138/7
f 1715/128/7 1716/132/7 1841/59/7
f 1844/136/7 1846/343/7 1845/115/7
f 1844/136/7 1847/342/7 1846/343/7
f 1848/130/7 1850/342/7 1849/136/7
f 1850/342/7 1848/130/7 1851/325/7
f 1852/327/7 1854/326/7 1853/129/7
f 1853/129/7 1855/140/7 1852/327/7
f 1856/117/7 1858/324/7 1857/327/7
f 1856/117/7 1857/327/7 1859/140/7
f 1639/345/7 1860/54/7 1638/107/7
f 1861/139/7 1862/344/7 1639/345/7
f 1861/139/7 1639/345/7 1640/106/7
f 1863/110/7 1865/344/7 1864/139/7
f 1865/344/7 1863/110/7 1866/50/7
f 1867/55/7 1869/49/7 1868/108/7
f 1868/108/7 1870/141/7 1867/55/7
f 1871/107/7 1873/54/7 1872/55/7
f 1871/107/7 1872/55/7 1874/141/7
f 1875/142/7 1877/346/7 1876/347/7
f 1875/142/7 1876/347/7 1878/82/7
f 1879/96/7 1881/346/7 1880/142/7
f 1881/346/7 1879/96/7 1882/56/7
f 1883/144/7 1885/51/7 1884/52/7
f 1883/144/7 1884/52/7 1886/94/7
f 1887/83/7 1889/51/7 1888/144/7
f 1887/83/7 1890/58/7 1889/51/7
f 1568/58/9 1891/58/9 1567/347/9
f 1891/58/9 1568/58/9 1892/51/9
f 1892/51/9 1893/51/9 1891/58/9
f 1636/54/9 1894/54/9 1635/345/9
f 1894/54/9 1636/54/9 1895/55/9
f 1895/55/9 1896/55/9 1894/54/9
f 1897/346/8 1899/347/8 1898/347/8
f 1899/347/8 1897/346/8 1900/346/8
f 1704/324/9 1901/324/9 1703/343/9
f 1901/324/9 1704/324/9 1902/327/9
f 1902/327/9 1903/327/9 1901/324/9
f 1904/344/8 1906/345/8 1905/345/8
f 1906/345/8 1904/344/8 1907/344/8
f 1701/132/9 1908/132/9 1700/337/9
f 1908/132/9 1701/132/9 1909/59/9
f 1909/59/9 1910/59/9 1908/132/9
f 1565/65/7 1911/361/7 1564/360/7
f 1911/361/7 1565/65/7 1912/66/7
f 1912/66/7 1913/66/7 1911/361/7
f 1562/79/3 1915/348/3 1914/348/3
f 1563/79/3 1561/78/3 1916/78/3
f 1915/348/3 1562/79/3 1563/79/3
f 1633/75/3 1918/354/3 1917/354/3
f 1634/75/3 1632/72/3 1919/72/3
f 1918/354/3 1633/75/3 1634/75/3
f 1920/148/10 1922/78/10 1921/78/10
f 1920/148/10 1923/148/10 1922/78/10
f 1698/365/3 1925/356/3 1924/356/3
f 1699/67/3 1697/62/3 1926/62/3
f 1925/356/3 1698/365/3 1699/67/3
f 1927/71/10 1928/72/10 1930/72/10
f 1927/71/10 1929/71/10 1928/72/10
f 1695/69/3 1932/338/3 1931/338/3
f 1696/69/3 1694/68/3 1933/68/3
f 1932/338/3 1695/69/3 1696/69/3
f 1934/351/8 1936/348/8 1935/348/8
f 1934/351/8 1937/351/8 1936/348/8
f 1938/61/10 1940/61/10 1939/62/10
f 1938/61/10 1939/62/10 1941/62/10
f 1630/147/3 1943/336/3 1942/336/3
f 1631/147/3 1629/64/3 1944/64/3
f 1943/336/3 1630/147/3 1631/147/3
f 1945/355/8 1947/354/8 1946/354/8
f 1945/355/8 1948/355/8 1947/354/8
f 1949/76/10 1951/76/10 1950/68/10
f 1950/68/10 1952/68/10 1949/76/10
f 1559/362/3 1954/332/3 1953/332/3
f 1560/74/3 1558/73/3 1955/73/3
f 1954/332/3 1559/362/3 1560/74/3
f 1556/150/7 1956/150/7 1555/351/7
f 1956/150/7 1556/150/7 1957/148/7
f 1957/148/7 1958/148/7 1956/150/7
f 1959/357/8 1961/357/8 1960/356/8
f 1959/357/8 1960/356/8 1962/356/8
f 1963/63/10 1965/63/10 1964/64/10
f 1964/64/10 1966/64/10 1963/63/10
f 1627/77/7 1967/77/7 1626/355/7
f 1967/77/7 1627/77/7 1968/71/7
f 1968/71/7 1969/71/7 1967/77/7
f 1970/358/8 1972/338/8 1971/338/8
f 1970/358/8 1973/358/8 1972/338/8
f 1974/150/10 1976/150/10 1975/79/10
f 1974/150/10 1975/79/10 1977/79/10
f 1978/157/1 1980/348/1 1979/351/1
f 1978/157/1 1979/351/1 1981/86/1
f 1545/89/1 1984/87/1 1544/78/1
f 1545/89/1 1983/348/1 1982/157/1
f 1983/348/1 1545/89/1 1546/79/1
f 1985/158/1 1987/148/1 1986/78/1
f 1985/158/1 1986/78/1 1988/87/1
f 1542/20/1 1990/148/1 1989/158/1
f 1542/20/1 1991/86/1 1541/351/1
f 1542/20/1 1543/150/1 1990/148/1
f 1992/3/1 1994/355/1 1993/2/1
f 1992/3/1 1995/354/1 1994/355/1
f 1616/102/1 1996/100/1 1615/72/1
f 1616/102/1 1998/354/1 1997/3/1
f 1998/354/1 1616/102/1 1617/75/1
f 1999/160/1 2001/71/1 2000/72/1
f 1999/160/1 2000/72/1 2002/100/1
f 1613/97/1 2003/2/1 1612/355/1
f 1613/97/1 1614/77/1 2004/71/1
f 1613/97/1 2004/71/1 2005/160/1
f 2006/159/1 2008/357/1 2007/113/1
f 2006/159/1 2009/356/1 2008/357/1
f 1684/122/1 2010/121/1 1683/62/1
f 1684/122/1 2012/356/1 2011/159/1
f 2012/356/1 1684/122/1 1685/365/1
f 2013/161/1 2014/62/1 2016/121/1
f 2013/161/1 2015/61/1 2014/62/1
f 1681/114/1 1682/364/1 2017/61/1
f 1681/114/1 2018/113/1 1680/357/1
f 1681/114/1 2017/61/1 2019/161/1
f 2020/338/1 2022/358/1 2021/123/1
f 2021/123/1 2023/162/1 2020/338/1
f 1678/120/1 2025/338/1 2024/162/1
f 1678/120/1 2026/25/1 1677/68/1
f 2025/338/1 1678/120/1 1679/69/1
f 2027/152/1 2030/76/1 2029/68/1
f 2027/152/1 2029/68/1 2028/25/1
f 1675/124/1 2033/76/1 2032/152/1
f 1675/124/1 1676/363/1 2033/76/1
f 1675/124/1 2031/123/1 1674/358/1
f 2034/7/1 2036/359/1 2035/6/1
f 2034/7/1 2037/336/1 2036/359/1
f 1610/99/1 2040/336/1 2039/7/1
f 1610/99/1 2038/98/1 1609/64/1
f 2040/336/1 1610/99/1 1611/147/1
f 2041/154/1 2043/64/1 2042/98/1
f 2041/154/1 2044/63/1 2043/64/1
f 1607/103/1 2045/63/1 2047/154/1
f 1607/103/1 1608/149/1 2045/63/1
f 1607/103/1 2046/6/1 1606/359/1
f 2048/153/1 2050/360/1 2049/90/1
f 2048/153/1 2051/332/1 2050/360/1
f 1539/81/1 2054/80/1 1538/73/1
f 1539/81/1 2053/332/1 2052/153/1
f 2053/332/1 1539/81/1 1540/362/1
f 2055/156/1 2057/66/1 2056/73/1
f 2055/156/1 2056/73/1 2058/80/1
f 1536/91/1 1537/361/1 2059/66/1
f 1536/91/1 2059/66/1 2060/156/1
f 1536/91/1 2061/90/1 1535/360/1
f 1604/149/7 2062/149/7 1603/359/7
f 2062/149/7 1604/149/7 2063/63/7
f 2063/63/7 2064/63/7 2062/149/7
f 2065/360/8 2067/332/8 2066/332/8
f 2065/360/8 2068/360/8 2067/332/8
f 1672/151/7 2069/363/7 1671/358/7
f 2069/363/7 1672/151/7 2070/76/7
f 2070/76/7 2071/76/7 2069/363/7
f 2072/359/8 2074/359/8 2073/336/8
f 2072/359/8 2073/336/8 2075/336/8
f 1669/70/7 2076/364/7 1668/357/7
f 2076/364/7 1669/70/7 2077/61/7
f 2077/61/7 2078/61/7 2076/364/7
f 2079/66/10 2081/66/10 2080/73/10
f 2080/73/10 2082/73/10 2079/66/10
usemtl window_glass
f 2083/366/1 2085/368/1 2084/367/1
f 2084/367/1 2086/369/1 2083/366/1
f 2087/370/1 2089/372/1 2088/371/1
f 2088/371/1 2090/373/1 2087/370/1
f 2091/374/7 2093/376/7 2092/375/7
f 2092/375/7 2095/378/7 2094/377/7
f 2092/375/7 2094/377/7 2091/374/7
f 2096/289/7 2098/323/7 2097/283/7
f 2097/283/7 2099/282/7 2096/289/7
f 2100/296/7 2102/238/7 2101/237/7
f 2101/237/7 2103/292/7 2100/296/7
f 2104/264/7 2106/263/7 2105/269/7
f 2105/269/7 2107/298/7 2104/264/7
f 2108/259/7 2110/258/7 2109/272/7
f 2109/272/7 2111/279/7 2108/259/7
f 2112/252/7 2114/246/7 2113/245/7
f 2113/245/7 2115/253/7 2112/252/7
f 2116/321/7 2118/320/7 2117/310/7
f 2117/310/7 2119/309/7 2116/321/7
f 2120/317/1 2122/318/1 2121/271/1
f 2121/271/1 2123/270/1 2120/317/1
f 2124/329/1 2126/278/1 2125/277/1
f 2125/277/1 2127/328/1 2124/329/1
f 2128/251/1 2130/257/1 2129/262/1
f 2129/262/1 2131/250/1 2128/251/1
f 2132/243/1 2134/244/1 2133/288/1
f 2133/288/1 2135/268/1 2132/243/1
f 2136/295/1 2138/294/1 2137/297/1
f 2137/297/1 2139/330/1 2136/295/1
f 2140/301/1 2142/300/1 2141/303/1
f 2141/303/1 2143/314/1 2140/301/1
f 2144/285/1 2146/304/1 2145/290/1
f 2145/290/1 2147/284/1 2144/285/1
f 2148/350/1 2150/349/1 2149/308/1
f 2149/308/1 2151/307/1 2148/350/1
f 2152/322/7 2154/319/7 2153/313/7
f 2153/313/7 2155/312/7 2152/322/7
f 2156/281/7 2158/276/7 2157/275/7
f 2157/275/7 2159/316/7 2156/281/7
f 2160/274/1 2162/335/1 2161/280/1
f 2161/280/1 2163/273/1 2160/274/1
f 2164/352/1 2166/353/1 2165/240/1
f 2165/240/1 2167/239/1 2164/352/1
f 2168/311/7 2170/306/7 2169/305/7
f 2169/305/7 2171/315/7 2168/311/7
f 2172/291/7 2174/287/7 2173/286/7
f 2173/286/7 2175/333/7 2172/291/7
f 2176/266/1 2178/242/1 2177/241/1
f 2177/241/1 2179/265/1 2176/266/1
f 2180/248/1 2182/247/1 2181/249/1
f 2181/249/1 2183/254/1 2180/248/1
f 2184/302/7 2186/299/7 2185/256/7
f 2185/256/7 2187/255/7 2184/302/7
f 2188/267/7 2190/293/7 2189/261/7
f 2189/261/7 2191/260/7 2188/267/7
usemtl door_white
f 2192/368/49 2194/366/49 2193/366/49
f 2192/368/49 2195/368/49 2194/366/49
f 2196/367/50 2198/368/50 2197/368/50
f 2196/367/50 2199/367/50 2198/368/50
f 2200/366/51 2202/369/51 2201/369/51
f 2201/369/51 2203/366/51 2200/366/51
f 2204/379/1 2206/366/1 2205/29/1
f 2204/379/1 2207/368/1 2206/366/1
f 2208/380/1 2207/368/1 2204/379/1
f 2208/380/1 2209/367/1 2207/368/1
f 2206/366/1 2211/369/1 2210/227/1
f 2210/227/1 2205/29/1 2206/366/1
f 2210/227/1 2211/369/1 2209/367/1
f 2210/227/1 2209/367/1 2208/380/1
f 2212/369/52 2214/369/52 2213/367/52
f 2213/367/52 2215/367/52 2212/369/52
f 2216/227/10 2218/227/10 2217/380/10
f 2216/227/10 2217/380/10 2219/380/10
f 2220/380/3 2222/379/3 2221/379/3
f 2222/379/3 2220/380/3 2223/380/3
f 2224/379/1 2226/29/1 2225/195/1
f 2227/196/1 2229/191/1 2228/380/1
f 2230/227/1 2232/192/1 2231/211/1
f 2232/192/1 2230/227/1 2228/380/1
f 2228/380/1 2224/379/1 2227/196/1
f 2228/380/1 2229/191/1 2232/192/1
f 2225/195/1 2227/196/1 2224/379/1
f 2226/29/1 2233/27/1 2231/211/1
f 2231/211/1 2225/195/1 2226/29/1
f 2231/211/1 2233/27/1 2230/227/1
f 2234/374/8 2236/377/8 2235/377/8
f 2236/377/8 2234/374/8 2237/374/8
f 2238/370/8 2240/370/8 2239/372/8
f 2238/370/8 2239/372/8 2241/372/8
f 2242/376/1 2244/374/1 2243/374/1
f 2244/374/1 2242/376/1 2245/376/1
f 2246/377/9 2248/377/9 2247/378/9
f 2247/378/9 2249/378/9 2246/377/9
f 2250/370/7 2252/370/7 2251/373/7
f 2251/373/7 2253/373/7 2250/370/7
f 2254/376/10 2256/375/10 2255/375/10
f 2257/371/3 2259/372/3 2258/372/3
f 2259/372/3 2257/371/3 2260/371/3
f 2261/234/1 2263/372/1 2262/370/1
f 2261/234/1 2262/370/1 2264/235/1
f 2265/231/1 2266/371/1 2263/372/1
f 2265/231/1 2263/372/1 2261/234/1
f 2266/371/1 2265/231/1 2267/230/1
f 2262/370/1 2268/373/1 2267/230/1
f 2267/230/1 2268/373/1 2266/371/1
f 2267/230/1 2264/235/1 2262/370/1
f 2269/232/7 2271/374/7 2270/377/7
f 2269/232/7 2270/377/7 2272/233/7
f 2273/236/7 2275/374/7 2274/232/7
f 2273/236/7 2276/376/7 2275/374/7
f 2277/378/7 2279/375/7 2278/229/7
f 2278/229/7 2279/375/7 2280/376/7
f 2278/229/7 2281/228/7 2277/378/7
f 2278/229/7 2280/376/7 2282/236/7
f 2283/377/7 2285/378/7 2284/228/7
f 2284/228/7 2286/233/7 2283/377/7
f 2287/373/10 2289/373/10 2288/371/10
f 2288/371/10 2290/371/10 2287/373/10
f 2256/375/10 2254/376/10 2291/376/10
f 2292/378/10 2255/375/10 2256/375/10
f 2255/375/10 2292/378/10 2293/378/10
f 2294/29/8 2296/29/8 2295/379/8
f 2294/29/8 2295/379/8 2297/379/8
usemtl sandstone
f 2298/220/8 2300/382/8 2299/381/8
f 2299/381/8 2301/383/8 2298/220/8
f 2302/384/9 2304/222/9 2303/385/9
f 2305/386/9 2303/385/9 2304/222/9
f 2306/387/3 2308/389/3 2307/388/3
f 2306/387/3 2310/390/3 2309/221/3
f 2306/387/3 2309/221/3 2311/391/3
f 2308/389/3 2306/387/3 2311/391/3
f 2311/391/3 2312/392/3 2308/389/3
s 1
f 2313/393/53 2315/395/54 2314/394/53
s 0
f 2316/188/53 2318/396/53 2317/226/53
s 1
f 2319/397/53 2314/394/53 2320/394/53
f 2321/36/53 2323/398/55 2322/398/53
f 2324/399/53 2322/398/53 2314/394/53
f 2324/399/53 2321/36/53 2322/398/53
s 0
f 2318/396/56 2316/188/56 2325/400/56
s 1
f 2318/396/54 2327/401/53 2326/397/53
f 2326/397/53 2317/226/53 2318/396/54
f 2327/401/53 2313/393/53 2314/394/53
f 2314/394/53 2326/397/53 2327/401/53
f 2314/394/53 2315/395/54 2324/399/53
f 2314/394/53 2319/397/53 2326/397/53
s 0
f 2328/402/57 2330/35/57 2329/402/57
f 2331/403/58 2329/402/58 2330/35/58
s 1
f 2332/404/59 2334/404/61 2333/405/60
f 2332/404/59 2333/405/60 2335/406/62
s 0
f 2336/188/62 2337/190/62 2335/406/62
f 2335/406/62 2338/400/62 2336/188/62
f 2335/406/62 2333/405/62 2331/403/62
f 2335/406/63 2337/190/63 2332/404/63
s 1
f 2333/405/62 2329/402/62 2331/403/62
f 2334/404/61 2339/405/61 2333/405/60
f 2340/407/64 2342/398/64 2341/398/64
f 2341/398/64 2343/407/65 2340/407/64
f 2344/405/66 2346/408/67 2345/408/67
f 2345/408/67 2347/405/66 2344/405/66
f 2348/394/68 2350/409/68 2349/409/68
f 2350/409/68 2348/394/68 2351/394/68
f 2352/409/69 2354/394/69 2353/398/69
f 2355/407/69 2352/409/69 2353/398/69
f 2356/408/70 2358/410/71 2357/402/71
f 2357/402/71 2359/405/71 2356/408/70
f 2360/402/72 2362/402/72 2361/410/72
f 2361/410/72 2363/410/72 2360/402/72
f 2364/411/73 2366/397/73 2365/394/73
s 0
f 2365/394/74 2367/409/74 2364/411/74
f 2368/412/75 2370/408/75 2369/405/75
f 2369/405/76 2371/404/76 2368/412/76
s 1
f 2372/221/77 2374/187/77 2373/397/77
f 2373/397/77 2375/411/77 2372/221/77
f 2376/222/78 2378/412/78 2377/404/78
f 2377/404/78 2379/190/79 2376/222/78
s 0
f 2380/188/80 2382/226/80 2381/220/80
f 2381/220/81 2383/190/81 2380/188/81
s 1
f 2384/411/82 2386/397/82 2385/397/82
f 2385/397/82 2387/411/82 2384/411/82
f 2388/404/83 2390/412/83 2389/412/83
f 2388/404/83 2391/404/83 2390/412/83
s 0
f 2392/33/84 2394/413/84 2393/35/84
f 2395/32/84 2394/413/84 2392/33/84
f 2395/32/84 2396/414/84 2394/413/84
f 2397/403/84 2393/35/84 2394/413/84
f 2398/410/85 2400/186/85 2399/35/85
f 2399/35/76 2401/402/76 2398/410/76
f 2402/407/86 2404/398/86 2403/36/86
f 2403/36/87 2405/168/87 2402/407/87
f 2406/415/88 2408/417/88 2407/416/88
f 2409/32/89 2411/418/89 2410/416/89
f 2409/32/89 2410/416/89 2412/33/89
f 2413/419/89 2410/416/89 2411/418/89
f 2414/417/90 2416/415/90 2415/420/90
f 2417/421/7 2419/186/7 2418/422/7
f 2418/422/7 2419/186/7 2420/186/7
f 2418/422/7 2421/417/7 2417/421/7
f 2422/35/7 2424/35/7 2423/420/7
f 2425/421/7 2423/420/7 2424/35/7
f 2425/421/7 2426/417/7 2423/420/7
f 2427/31/91 2429/424/91 2428/423/91
f 2428/423/91 2431/33/91 2430/32/91
f 2430/32/91 2427/31/91 2428/423/91
f 2432/425/92 2434/35/92 2433/423/92
f 2435/188/93 2437/226/93 2436/426/93
f 2436/426/93 2438/190/93 2435/188/93
f 2439/427/93 2436/426/93 2437/226/93
f 2440/426/94 2442/429/94 2441/428/94
f 2443/430/95 2445/432/95 2444/431/95
f 2446/433/91 2448/33/91 2447/32/91
f 2449/434/91 2446/433/91 2447/32/91
f 2449/434/91 2450/430/91 2446/433/91
f 2451/433/96 2453/430/96 2452/431/96
f 2454/435/1 2456/186/1 2455/436/1
f 2455/436/1 2457/431/1 2454/435/1
f 2455/436/1 2456/186/1 2458/186/1
f 2459/35/97 2461/35/97 2460/186/97
f 2459/35/97 2460/186/97 2462/186/97
s 1
f 2463/31/98 2465/31/99 2464/35/98
f 2463/31/98 2464/35/98 2466/35/99
s 0
f 2467/168/100 2469/36/100 2468/36/100
s 1
f 2468/36/101 2470/168/101 2467/168/101
s 0
f 2471/31/89 2473/35/89 2472/437/89
f 2472/437/89 2475/415/89 2474/418/89
f 2474/418/89 2471/31/89 2472/437/89
f 2476/168/9 2478/168/9 2477/36/9
f 2476/168/9 2477/36/9 2479/36/9
s 1
f 2480/36/102 2482/168/103 2481/168/103
f 2481/168/103 2483/36/103 2480/36/102
f 2484/31/104 2486/31/105 2485/35/105
f 2484/31/104 2485/35/105 2487/35/106
s 0
f 2488/31/1 2490/35/1 2489/35/1
f 2489/35/1 2491/31/1 2488/31/1
f 2492/35/107 2494/186/107 2493/186/107
f 2493/186/107 2495/35/107 2492/35/107
s 1
f 2496/36/108 2498/168/109 2497/168/109
f 2497/168/109 2499/36/109 2496/36/108
s 0
f 2500/35/110 2502/186/110 2501/421/110
f 2501/421/110 2502/186/110 2503/186/110
f 2501/421/110 2504/35/110 2500/35/110
s 1
f 2505/31/111 2507/35/112 2506/35/111
f 2505/31/111 2508/31/112 2507/35/112
s 0
f 2509/226/113 2511/220/113 2510/190/113
f 2510/190/113 2512/188/113 2509/226/113
f 2513/190/7 2515/222/7 2514/186/7
f 2514/186/7 2516/35/7 2513/190/7
f 2517/188/1 2519/190/1 2518/35/1
f 2518/35/1 2520/31/1 2517/188/1
f 2521/187/9 2523/36/9 2522/168/9
f 2522/168/9 2524/221/9 2521/187/9
f 2525/35/97 2527/186/97 2526/186/97
f 2525/35/97 2528/35/97 2527/186/97
s 1
f 2529/31/114 2531/35/98 2530/35/99
f 2529/31/114 2532/31/99 2531/35/98
s 0
f 2533/168/100 2535/36/100 2534/36/100
f 2534/36/115 2536/168/115 2533/168/115
f 2537/35/7 2539/186/7 2538/186/7
f 2537/35/7 2540/35/7 2539/186/7
f 2541/168/9 2543/36/9 2542/36/9
f 2541/168/9 2544/168/9 2543/36/9
f 2545/35/89 2547/33/89 2546/32/89
f 2546/32/89 2548/31/89 2545/35/89
s 1
f 2549/36/102 2551/168/103 2550/168/103
f 2550/168/103 2552/36/102 2549/36/102
f 2553/31/105 2555/35/104 2554/35/105
f 2553/31/105 2556/31/105 2555/35/104
s 0
f 2557/31/1 2559/35/1 2558/35/1
f 2558/35/1 2560/31/1 2557/31/1
f 2561/35/107 2563/186/107 2562/186/107
f 2561/35/107 2564/35/107 2563/186/107
s 1
f 2565/36/116 2567/168/109 2566/168/109
f 2566/168/109 2568/36/117 2565/36/116
s 0
f 2569/35/110 2571/186/110 2570/186/110
f 2569/35/110 2572/35/110 2571/186/110
s 1
f 2573/31/118 2575/35/112 2574/35/112
f 2573/31/118 2576/31/111 2575/35/112
s 0
f 2577/226/113 2579/220/113 2578/190/113
f 2578/190/113 2580/188/113 2577/226/113
f 2581/190/7 2583/222/7 2582/186/7
f 2582/186/7 2584/35/7 2581/190/7
f 2585/188/1 2587/190/1 2586/35/1
f 2586/35/1 2588/31/1 2585/188/1
f 2589/187/9 2591/36/9 2590/168/9
f 2590/168/9 2592/221/9 2589/187/9
f 2593/35/97 2595/35/97 2594/186/97
f 2593/35/97 2594/186/97 2596/186/97
f 2597/31/119 2599/35/119 2598/35/119
s 1
f 2597/31/99 2600/31/99 2599/35/99
f 2601/168/101 2603/36/101 2602/36/101
s 0
f 2602/36/120 2604/168/120 2601/168/120
f 2605/35/7 2607/35/7 2606/186/7
f 2605/35/7 2606/186/7 2608/186/7
f 2609/168/9 2611/36/9 2610/36/9
f 2609/168/9 2612/168/9 2611/36/9
f 2613/35/89 2615/33/89 2614/32/89
f 2614/32/89 2616/31/89 2613/35/89
s 1
f 2617/36/102 2619/168/103 2618/168/121
f 2618/168/121 2620/36/102 2617/36/102
f 2621/31/104 2623/31/105 2622/35/105
f 2621/31/104 2622/35/105 2624/35/106
s 0
f 2625/31/1 2627/35/1 2626/35/1
f 2626/35/1 2628/31/1 2625/31/1
f 2629/35/107 2631/186/107 2630/186/107
f 2630/186/107 2632/35/107 2629/35/107
s 1
f 2633/36/108 2635/168/109 2634/168/122
f 2634/168/122 2636/36/117 2633/36/108
s 0
f 2637/35/110 2639/35/110 2638/186/110
f 2637/35/110 2638/186/110 2640/186/110
s 1
f 2641/31/111 2643/31/111 2642/35/112
f 2641/31/111 2642/35/112 2644/35/112
s 0
f 2645/226/113 2647/220/113 2646/190/113
f 2646/190/113 2648/188/113 2645/226/113
f 2649/190/7 2651/222/7 2650/186/7
f 2650/186/7 2652/35/7 2649/190/7
f 2653/188/1 2655/190/1 2654/35/1
f 2654/35/1 2656/31/1 2653/188/1
f 2657/187/9 2659/36/9 2658/168/9
f 2658/168/9 2660/221/9 2657/187/9
s 1
f 2661/35/97 2663/186/97 2662/186/97
s 0
f 2661/35/97 2664/35/97 2663/186/97
s 1
f 2665/31/98 2667/31/98 2666/35/98
s 0
f 2665/31/98 2666/35/98 2668/35/98
s 1
f 2669/168/120 2671/36/101 2670/36/120
f 2670/36/120 2672/168/101 2669/168/120
s 0
f 2673/35/7 2675/35/7 2674/186/7
f 2673/35/7 2674/186/7 2676/186/7
f 2677/168/9 2679/36/9 2678/36/9
f 2677/168/9 2680/168/9 2679/36/9
f 2681/35/89 2683/33/89 2682/32/89
f 2682/32/89 2684/31/89 2681/35/89
s 1
f 2685/36/102 2687/168/103 2686/168/103
f 2686/168/103 2688/36/103 2685/36/102
f 2689/31/104 2691/31/105 2690/35/105
f 2689/31/104 2690/35/105 2692/35/105
s 0
f 2693/31/1 2695/35/1 2694/35/1
f 2694/35/1 2696/31/1 2693/31/1
f 2697/35/107 2699/35/107 2698/186/107
f 2697/35/107 2698/186/107 2700/186/107
s 1
f 2701/36/108 2703/168/117 2702/168/109
f 2702/168/109 2704/36/109 2701/36/108
s 0
f 2705/35/110 2707/186/110 2706/186/110
f 2705/35/110 2708/35/110 2707/186/110
s 1
f 2709/31/118 2711/35/112 2710/35/112
f 2709/31/118 2712/31/111 2711/35/112
s 0
f 2713/226/113 2715/220/113 2714/190/113
f 2714/190/113 2716/188/113 2713/226/113
f 2717/190/7 2719/222/7 2718/186/7
f 2718/186/7 2720/35/7 2717/190/7
f 2721/188/1 2723/190/1 2722/35/1
f 2722/35/1 2724/31/1 2721/188/1
f 2725/187/9 2727/36/9 2726/168/9
f 2726/168/9 2728/221/9 2725/187/9
f 2729/35/97 2731/35/97 2730/186/97
f 2729/35/97 2730/186/97 2732/186/97
s 1
f 2733/31/123 2735/35/119 2734/35/98
f 2733/31/123 2736/31/114 2735/35/119
s 0
f 2737/168/100 2739/36/100 2738/36/100
s 1
f 2738/36/101 2740/168/101 2737/168/101
s 0
f 2741/35/7 2743/186/7 2742/186/7
f 2741/35/7 2744/35/7 2743/186/7
f 2745/168/9 2747/36/9 2746/36/9
f 2745/168/9 2748/168/9 2747/36/9
f 2749/35/89 2751/33/89 2750/32/89
f 2750/32/89 2752/31/89 2749/35/89
s 1
f 2753/36/102 2755/168/103 2754/168/103
f 2754/168/103 2756/36/103 2753/36/102
f 2757/31/104 2759/35/105 2758/35/106
f 2757/31/104 2760/31/105 2759/35/105
s 0
f 2761/31/1 2763/35/1 2762/35/1
f 2762/35/1 2764/31/1 2761/31/1
f 2765/35/107 2767/186/107 2766/186/107
f 2766/186/107 2768/35/107 2765/35/107
s 1
f 2769/36/108 2771/168/109 2770/168/117
f 2770/168/117 2772/36/109 2769/36/108
s 0
f 2773/35/110 2775/186/110 2774/186/110
f 2773/35/110 2776/35/110 2775/186/110
s 1
f 2777/31/111 2779/35/111 2778/35/112
f 2777/31/111 2780/31/111 2779/35/111
s 0
f 2781/226/113 2783/220/113 2782/190/113
f 2782/190/113 2784/188/113 2781/226/113
f 2785/190/7 2787/222/7 2786/186/7
f 2786/186/7 2788/35/7 2785/190/7
f 2789/188/1 2791/190/1 2790/35/1
f 2790/35/1 2792/31/1 2789/188/1
f 2793/187/9 2795/36/9 2794/168/9
f 2794/168/9 2796/221/9 2793/187/9
f 2797/35/97 2799/186/97 2798/186/97
f 2797/35/97 2800/35/97 2799/186/97
s 1
f 2801/31/98 2803/31/99 2802/35/99
f 2801/31/98 2802/35/99 2804/35/99
s 0
f 2805/168/100 2807/36/100 2806/36/100
f 2806/36/120 2808/168/120 2805/168/120
f 2809/35/7 2811/35/7 2810/186/7
f 2809/35/7 2810/186/7 2812/186/7
f 2813/168/9 2815/36/9 2814/36/9
f 2813/168/9 2816/168/9 2815/36/9
f 2817/35/89 2819/33/89 2818/32/89
f 2818/32/89 2820/31/89 2817/35/89
s 1
f 2821/36/102 2823/168/103 2822/168/103
f 2822/168/103 2824/36/103 2821/36/102
f 2825/31/105 2827/31/105 2826/35/104
f 2825/31/105 2826/35/104 2828/35/105
s 0
f 2829/31/1 2831/35/1 2830/35/1
f 2830/35/1 2832/31/1 2829/31/1
f 2833/35/107 2835/35/107 2834/186/107
f 2833/35/107 2834/186/107 2836/186/107
s 1
f 2837/36/108 2839/168/117 2838/168/117
f 2838/168/117 2840/36/109 2837/36/108
f 2841/35/110 2843/35/110 2842/186/110
s 0
f 2841/35/110 2842/186/110 2844/186/110
s 1
f 2845/31/118 2847/35/112 2846/35/112
f 2845/31/118 2848/31/111 2847/35/112
s 0
f 2849/226/113 2851/220/113 2850/190/113
f 2850/190/113 2852/188/113 2849/226/113
f 2853/190/7 2855/222/7 2854/186/7
f 2854/186/7 2856/35/7 2853/190/7
f 2857/188/1 2859/190/1 2858/35/1
f 2858/35/1 2860/31/1 2857/188/1
f 2861/187/9 2863/36/9 2862/168/9
f 2862/168/9 2864/221/9 2861/187/9
f 2865/35/124 2867/186/124 2866/186/124
f 2865/35/124 2868/35/124 2867/186/124
s 1
f 2869/31/125 2871/35/126 2870/35/126
f 2869/31/125 2872/31/127 2871/35/126
f 2873/168/128 2875/36/128 2874/36/128
s 0
f 2874/36/129 2876/168/129 2873/168/129
f 2877/35/1 2879/35/1 2878/186/1
f 2877/35/1 2878/186/1 2880/186/1
f 2881/168/7 2883/36/7 2882/36/7
f 2881/168/7 2884/168/7 2883/36/7
f 2885/31/91 2887/35/91 2886/33/91
f 2886/33/91 2888/32/91 2885/31/91
s 1
f 2889/36/130 2891/168/131 2890/168/131
f 2890/168/131 2892/36/132 2889/36/130
f 2893/35/133 2895/31/134 2894/31/133
f 2895/31/134 2893/35/133 2896/35/133
s 0
f 2897/31/3 2899/35/3 2898/35/3
f 2898/35/3 2900/31/3 2897/31/3
f 2901/35/135 2903/186/135 2902/186/135
f 2902/186/135 2904/35/135 2901/35/135
s 1
f 2905/36/136 2907/168/138 2906/168/137
f 2906/168/137 2908/36/137 2905/36/136
s 0
f 2909/35/139 2911/186/139 2910/186/139
f 2909/35/139 2912/35/139 2911/186/139
s 1
f 2913/35/140 2915/31/142 2914/31/141
f 2915/31/142 2913/35/140 2916/35/141
s 0
f 2917/190/93 2919/226/93 2918/220/93
f 2917/190/93 2920/188/93 2919/226/93
f 2921/190/1 2923/222/1 2922/186/1
f 2922/186/1 2924/35/1 2921/190/1
f 2925/188/3 2927/190/3 2926/35/3
f 2926/35/3 2928/31/3 2925/188/3
f 2929/187/7 2931/36/7 2930/168/7
f 2930/168/7 2932/221/7 2929/187/7
f 2933/35/124 2935/35/124 2934/186/124
f 2933/35/124 2934/186/124 2936/186/124
s 1
f 2937/31/143 2939/31/143 2938/35/143
s 0
f 2937/31/126 2938/35/126 2940/35/126
f 2941/168/144 2943/36/144 2942/36/144
s 1
f 2942/36/129 2944/168/129 2941/168/129
s 0
f 2945/35/1 2947/35/1 2946/186/1
f 2945/35/1 2946/186/1 2948/186/1
f 2949/168/7 2951/168/7 2950/36/7
f 2949/168/7 2950/36/7 2952/36/7
f 2953/31/91 2955/35/91 2954/33/91
f 2954/33/91 2956/32/91 2953/31/91
s 1
f 2957/36/130 2959/168/131 2958/168/131
f 2958/168/131 2960/36/131 2957/36/130
f 2961/35/133 2963/31/134 2962/31/145
f 2963/31/134 2961/35/133 2964/35/133
s 0
f 2965/31/3 2967/35/3 2966/35/3
f 2966/35/3 2968/31/3 2965/31/3
f 2969/35/135 2971/35/135 2970/186/135
f 2969/35/135 2970/186/135 2972/186/135
s 1
f 2973/36/136 2975/168/137 2974/168/138
f 2974/168/138 2976/36/137 2973/36/136
s 0
f 2977/35/139 2979/186/139 2978/186/139
f 2977/35/139 2980/35/139 2979/186/139
s 1
f 2981/35/141 2983/31/142 2982/31/141
f 2983/31/142 2981/35/141 2984/35/140
s 0
f 2985/190/93 2987/188/93 2986/226/93
f 2985/190/93 2986/226/93 2988/220/93
f 2989/190/1 2991/222/1 2990/186/1
f 2990/186/1 2992/35/1 2989/190/1
f 2993/188/3 2995/190/3 2994/35/3
f 2994/35/3 2996/31/3 2993/188/3
f 2997/187/7 2999/36/7 2998/168/7
f 2998/168/7 3000/221/7 2997/187/7
f 3001/35/124 3003/186/124 3002/186/124
f 3001/35/124 3004/35/124 3003/186/124
f 3005/31/126 3007/35/126 3006/35/126
s 1
f 3005/31/127 3008/31/127 3007/35/127
f 3009/168/129 3011/36/144 3010/36/144
f 3010/36/144 3012/168/146 3009/168/129
s 0
f 3013/35/3 3015/35/3 3014/425/3
f 3016/31/3 3013/35/3 3014/425/3
f 3014/425/3 3017/31/3 3016/31/3
f 3018/168/7 3020/36/7 3019/36/7
f 3018/168/7 3021/168/7 3020/36/7
f 3022/35/1 3024/186/1 3023/438/1
f 3023/438/1 3025/35/1 3022/35/1
f 3023/438/1 3024/186/1 3026/186/1
s 1
f 3027/36/132 3029/168/131 3028/168/147
f 3028/168/147 3030/36/132 3027/36/132
f 3031/35/148 3033/31/134 3032/31/133
f 3033/31/134 3031/35/148 3034/35/133
s 0
f 3035/35/135 3037/186/135 3036/186/135
f 3036/186/135 3038/35/135 3035/35/135
s 1
f 3039/36/149 3041/168/138 3040/168/137
f 3040/168/137 3042/36/137 3039/36/149
s 0
f 3043/35/139 3045/186/139 3044/186/139
f 3043/35/139 3046/35/139 3045/186/139
s 1
f 3047/35/150 3049/31/151 3048/31/141
f 3049/31/151 3047/35/150 3050/35/141
s 0
f 3051/190/93 3053/226/93 3052/220/93
f 3051/190/93 3054/188/93 3053/226/93
f 3055/190/1 3057/222/1 3056/186/1
f 3056/186/1 3058/35/1 3055/190/1
f 3059/188/3 3061/190/3 3060/35/3
f 3060/35/3 3062/31/3 3059/188/3
f 3063/187/7 3065/36/7 3064/168/7
f 3064/168/7 3066/221/7 3063/187/7
f 3067/35/124 3069/35/124 3068/186/124
f 3067/35/124 3068/186/124 3070/186/124
s 1
f 3071/31/127 3073/35/126 3072/35/152
f 3071/31/127 3074/31/143 3073/35/126
f 3075/168/128 3077/36/128 3076/36/128
s 0
f 3076/36/129 3078/168/129 3075/168/129
f 3079/35/1 3081/186/1 3080/186/1
f 3079/35/1 3082/35/1 3081/186/1
f 3083/168/7 3085/168/7 3084/36/7
f 3083/168/7 3084/36/7 3086/36/7
f 3087/31/91 3089/35/91 3088/33/91
f 3088/33/91 3090/32/91 3087/31/91
s 1
f 3091/36/130 3093/168/131 3092/168/147
f 3092/168/147 3094/36/131 3091/36/130
f 3095/35/148 3097/31/145 3096/31/145
f 3097/31/145 3095/35/148 3098/35/133
s 0
f 3099/31/3 3101/35/3 3100/35/3
f 3100/35/3 3102/31/3 3099/31/3
f 3103/35/135 3105/186/135 3104/186/135
f 3103/35/135 3106/35/135 3105/186/135
s 1
f 3107/36/153 3109/168/137 3108/168/154
f 3108/168/154 3110/36/137 3107/36/153
s 0
f 3111/35/139 3113/35/139 3112/186/139
f 3111/35/139 3112/186/139 3114/186/139
s 1
f 3115/35/141 3117/31/155 3116/31/141
f 3117/31/155 3115/35/141 3118/35/140
s 0
f 3119/190/93 3121/188/93 3120/226/93
f 3119/190/93 3120/226/93 3122/220/93
f 3123/190/1 3125/222/1 3124/186/1
f 3124/186/1 3126/35/1 3123/190/1
f 3127/188/3 3129/190/3 3128/35/3
f 3128/35/3 3130/31/3 3127/188/3
f 3131/187/7 3133/36/7 3132/168/7
f 3132/168/7 3134/221/7 3131/187/7
f 3135/35/124 3137/35/124 3136/186/124
f 3135/35/124 3136/186/124 3138/186/124
f 3139/31/126 3141/35/126 3140/35/126
s 1
f 3139/31/127 3142/31/127 3141/35/127
s 0
f 3143/168/144 3145/36/144 3144/36/144
f 3144/36/129 3146/168/129 3143/168/129
f 3147/35/1 3149/186/1 3148/186/1
f 3147/35/1 3150/35/1 3149/186/1
f 3151/168/7 3153/168/7 3152/36/7
f 3151/168/7 3152/36/7 3154/36/7
f 3155/31/91 3157/35/91 3156/33/91
f 3156/33/91 3158/32/91 3155/31/91
s 1
f 3159/36/132 3161/168/156 3160/168/131
f 3160/168/131 3162/36/131 3159/36/132
f 3163/35/133 3165/31/134 3164/31/133
f 3165/31/134 3163/35/133 3166/35/133
s 0
f 3167/31/3 3169/35/3 3168/35/3
f 3168/35/3 3170/31/3 3167/31/3
f 3171/35/135 3173/186/135 3172/186/135
f 3172/186/135 3174/35/135 3171/35/135
s 1
f 3175/36/137 3177/168/138 3176/168/138
f 3176/168/138 3178/36/149 3175/36/137
s 0
f 3179/35/139 3181/186/139 3180/186/139
s 1
f 3179/35/139 3182/35/139 3181/186/139
f 3183/35/140 3185/31/155 3184/31/155
f 3185/31/155 3183/35/140 3186/35/141
s 0
f 3187/187/7 3189/36/7 3188/439/7
f 3188/439/7 3190/429/7 3187/187/7
f 3189/36/7 3191/168/7 3188/439/7
f 3192/188/3 3194/190/3 3193/35/3
f 3193/35/3 3195/31/3 3192/188/3
f 3196/186/1 3198/35/1 3197/440/1
f 3197/440/1 3199/428/1 3196/186/1
f 3198/35/1 3200/190/1 3197/440/1
f 3201/35/124 3203/35/124 3202/186/124
f 3201/35/124 3202/186/124 3204/186/124
s 1
f 3205/31/127 3207/31/127 3206/35/127
s 0
f 3205/31/126 3206/35/126 3208/35/126
f 3209/168/128 3211/36/128 3210/36/128
f 3210/36/146 3212/168/146 3209/168/146
f 3213/31/91 3215/35/91 3214/441/91
f 3216/434/91 3213/31/91 3214/441/91
f 3214/441/91 3217/430/91 3216/434/91
f 3218/168/7 3220/36/7 3219/36/7
f 3218/168/7 3221/168/7 3220/36/7
f 3222/35/1 3224/35/1 3223/432/1
f 3225/435/1 3223/432/1 3224/35/1
f 3225/435/1 3226/431/1 3223/432/1
s 1
f 3227/36/130 3229/168/131 3228/168/131
f 3228/168/131 3230/36/131 3227/36/130
f 3231/35/133 3233/31/145 3232/31/133
f 3233/31/145 3231/35/133 3234/35/157
s 0
f 3235/31/3 3237/35/3 3236/35/3
f 3236/35/3 3238/31/3 3235/31/3
f 3239/35/135 3241/35/135 3240/186/135
f 3239/35/135 3240/186/135 3242/186/135
s 1
f 3243/36/149 3245/168/137 3244/168/138
f 3244/168/138 3246/36/149 3243/36/149
s 0
f 3247/35/139 3249/186/139 3248/435/139
f 3248/435/139 3251/35/139 3247/35/139
s 1
f 3248/435/139 3249/186/139 3250/186/139
f 3252/35/140 3254/31/141 3253/31/155
f 3254/31/141 3252/35/140 3255/35/140
s 0
f 3256/190/93 3258/188/93 3257/226/93
f 3256/190/93 3257/226/93 3259/220/93
f 3260/190/1 3262/222/1 3261/186/1
f 3261/186/1 3263/35/1 3260/190/1
f 3264/188/3 3266/190/3 3265/35/3
f 3265/35/3 3267/31/3 3264/188/3
f 3268/187/7 3270/36/7 3269/168/7
f 3269/168/7 3271/221/7 3268/187/7
usemtl brick_shadeGreen2
f 3272/31/158 3274/35/158 3273/33/158
f 3273/33/158 3275/32/158 3272/31/158
f 3276/226/159 3278/220/159 3277/190/159
f 3277/190/159 3279/188/159 3276/226/159
f 3280/222/7 3282/186/7 3281/35/7
f 3281/35/7 3283/190/7 3280/222/7
f 3284/188/160 3286/190/160 3285/35/160
f 3285/35/160 3287/31/160 3284/188/160
f 3288/221/161 3290/187/161 3289/36/161
f 3289/36/161 3291/168/161 3288/221/161
f 3292/226/10 3294/220/10 3293/442/10
f 3293/442/10 3296/443/10 3295/188/10
f 3295/188/10 3292/226/10 3293/442/10
f 3297/444/162 3299/443/162 3298/445/162
f 3299/443/162 3297/444/162 3300/446/162
f 3301/188/1 3303/443/1 3302/446/1
f 3302/446/1 3304/31/1 3301/188/1
f 3305/31/8 3307/446/8 3306/447/8
f 3306/447/8 3309/33/8 3308/32/8
f 3308/32/8 3305/31/8 3306/447/8
f 3310/445/7 3312/222/7 3311/186/7
f 3311/186/7 3313/444/7 3310/445/7
f 3314/221/9 3316/187/9 3315/36/9
f 3315/36/9 3317/168/9 3314/221/9
s 1
f 3318/31/163 3320/35/163 3319/33/164
f 3319/33/164 3321/32/164 3318/31/163
s 0
f 3322/220/165 3324/190/165 3323/188/165
f 3323/188/165 3325/226/165 3322/220/165
f 3326/222/166 3328/186/166 3327/35/166
s 1
f 3327/35/166 3329/190/166 3326/222/166
s 0
f 3330/188/167 3332/190/167 3331/35/167
f 3331/35/167 3333/31/167 3330/188/167
f 3334/221/168 3336/187/168 3335/36/168
f 3335/36/168 3337/168/168 3334/221/168
f 3338/222/7 3340/449/7 3339/448/7
f 3341/35/7 3343/451/7 3342/450/7
f 3342/450/7 3338/222/7 3339/448/7
f 3339/448/7 3341/35/7 3342/450/7
f 3344/452/169 3346/450/169 3345/451/169
f 3347/448/170 3349/454/170 3348/453/170
f 3350/226/10 3352/220/10 3351/455/10
f 3351/455/10 3354/452/10 3353/188/10
f 3353/188/10 3350/226/10 3351/455/10
f 3355/451/1 3357/35/1 3356/31/1
f 3358/452/1 3355/451/1 3356/31/1
f 3356/31/1 3359/188/1 3358/452/1
f 3360/456/9 3362/454/9 3361/187/9
f 3361/187/9 3363/36/9 3360/456/9
f 3362/454/9 3364/221/9 3361/187/9
f 3365/31/8 3367/35/8 3366/457/8
f 3366/457/8 3369/453/8 3368/32/8
f 3368/32/8 3365/31/8 3366/457/8
f 3370/31/8 3372/459/8 3371/458/8
f 3371/458/8 3374/33/8 3373/32/8
f 3373/32/8 3370/31/8 3371/458/8
f 3375/458/171 3377/459/171 3376/460/171
f 3378/188/1 3380/190/1 3379/460/1
f 3379/460/1 3382/459/1 3381/31/1
f 3381/31/1 3378/188/1 3379/460/1
f 3383/226/10 3385/220/10 3384/190/10
f 3384/190/10 3386/188/10 3383/226/10
f 3387/222/7 3389/186/7 3388/461/7
f 3388/461/7 3390/190/7 3387/222/7
f 3388/461/7 3391/460/7 3390/190/7
f 3392/221/9 3394/187/9 3393/36/9
f 3393/36/9 3395/168/9 3392/221/9
f 3396/31/172 3398/35/172 3397/33/172
f 3397/33/172 3399/32/172 3396/31/172
f 3400/190/173 3402/188/173 3401/226/173
f 3400/190/173 3401/226/173 3403/220/173
f 3404/190/1 3406/222/1 3405/186/1
f 3405/186/1 3407/35/1 3404/190/1
f 3408/188/174 3410/190/174 3409/35/174
f 3409/35/174 3411/31/174 3408/188/174
f 3412/221/175 3414/187/175 3413/36/175
f 3413/36/175 3415/168/175 3412/221/175
f 3416/31/8 3418/33/8 3417/32/8
f 3416/31/8 3419/35/8 3418/33/8
f 3420/190/10 3422/188/10 3421/226/10
f 3420/190/10 3421/226/10 3423/220/10
f 3424/190/1 3426/222/1 3425/186/1
f 3425/186/1 3427/35/1 3424/190/1
f 3428/188/3 3430/190/3 3429/35/3
f 3429/35/3 3431/31/3 3428/188/3
f 3432/221/7 3434/187/7 3433/36/7
f 3433/36/7 3435/168/7 3432/221/7
f 3436/31/176 3438/35/176 3437/33/176
s 1
f 3437/33/176 3439/32/176 3436/31/176
f 3440/188/177 3442/226/178 3441/220/177
f 3441/220/177 3443/190/177 3440/188/177
s 0
f 3444/222/1 3446/186/1 3445/35/1
f 3445/35/1 3447/190/1 3444/222/1
f 3448/188/179 3450/190/179 3449/35/179
f 3449/35/179 3451/31/179 3448/188/179
f 3452/221/180 3454/187/180 3453/36/180
f 3453/36/180 3455/168/180 3452/221/180
f 3456/226/181 3458/463/181 3457/462/181
f 3459/188/181 3456/226/181 3457/462/181
f 3457/462/181 3460/190/181 3459/188/181
f 3461/462/182 3463/465/182 3462/464/182
f 3464/31/183 3466/35/183 3465/33/183
f 3465/33/183 3467/32/183 3464/31/183
f 3468/187/184 3470/36/184 3469/466/184
f 3469/466/184 3471/465/184 3468/187/184
s 1
f 3470/36/184 3472/168/184 3469/466/184
s 0
f 3473/188/185 3475/190/185 3474/35/185
f 3474/35/185 3476/31/185 3473/188/185
f 3477/186/1 3479/35/1 3478/467/1
f 3478/467/1 3480/464/1 3477/186/1
f 3479/35/1 3481/190/1 3478/467/1
f 3482/31/8 3484/469/8 3483/468/8
f 3483/468/8 3486/33/8 3485/32/8
f 3485/32/8 3482/31/8 3483/468/8
f 3487/468/186 3489/471/186 3488/470/186
f 3490/188/3 3492/190/3 3491/470/3
f 3491/470/3 3494/471/3 3493/31/3
f 3493/31/3 3490/188/3 3491/470/3
f 3495/190/10 3497/226/10 3496/220/10
f 3495/190/10 3498/188/10 3497/226/10
f 3499/472/1 3501/470/1 3500/222/1
f 3500/222/1 3502/186/1 3499/472/1
f 3501/470/1 3503/190/1 3500/222/1
f 3504/221/7 3506/187/7 3505/36/7
f 3505/36/7 3507/168/7 3504/221/7
s 1
usemtl white
f 3508/473/187 3510/473/187 3509/474/187
s 0
f 3509/474/188 3511/474/188 3508/473/188
f 3512/475/10 3514/475/10 3513/476/10
f 3513/476/10 3515/476/10 3512/475/10
f 3516/477/189 3518/476/189 3517/476/189
f 3519/477/189 3516/477/189 3517/476/189
f 3520/478/190 3522/476/190 3521/476/190
f 3523/478/190 3520/478/190 3521/476/190
f 3524/479/191 3526/478/191 3525/478/191
f 3524/479/191 3525/478/191 3527/479/191
f 3528/479/192 3530/479/192 3529/480/192
f 3529/480/192 3531/480/192 3528/479/192
f 3532/481/193 3534/480/193 3533/480/193
f 3532/481/193 3533/480/193 3535/481/193
f 3536/475/194 3538/475/194 3537/482/194
f 3537/482/194 3539/482/194 3536/475/194
f 3540/482/195 3542/482/195 3541/483/195
f 3541/483/195 3543/483/195 3540/482/195
f 3544/473/8 3546/473/8 3545/484/8
f 3545/484/8 3547/484/8 3544/473/8
f 3548/485/189 3550/486/189 3549/486/189
f 3551/485/189 3548/485/189 3549/486/189
f 3552/475/196 3554/487/196 3553/487/196
f 3555/475/196 3552/475/196 3553/487/196
f 3556/476/10 3558/476/10 3557/488/10
f 3557/488/10 3559/488/10 3556/476/10
f 3560/475/8 3562/489/8 3561/489/8
f 3560/475/8 3561/489/8 3563/475/8
f 3564/490/196 3566/476/196 3565/476/196
f 3564/490/196 3565/476/196 3567/490/196
f 3568/484/189 3570/491/189 3569/491/189
f 3571/484/189 3568/484/189 3569/491/189
f 3572/475/197 3574/492/197 3573/492/197
f 3575/475/198 3572/475/198 3573/492/198
f 3576/490/196 3578/476/196 3577/476/196
f 3576/490/196 3577/476/196 3579/490/196
f 3580/484/189 3582/491/189 3581/491/189
f 3583/484/189 3580/484/189 3581/491/189
f 3584/475/197 3586/492/197 3585/492/197
f 3587/475/198 3584/475/198 3585/492/198
f 3588/493/8 3590/476/8 3589/476/8
f 3591/493/8 3588/493/8 3589/476/8
f 3592/494/199 3594/494/199 3593/495/199
f 3593/495/199 3595/495/199 3592/494/199
f 3596/496/200 3598/496/200 3597/497/200
f 3597/497/200 3599/497/200 3596/496/200
f 3600/484/8 3602/473/8 3601/473/8
f 3603/484/8 3600/484/8 3601/473/8
f 3604/476/201 3606/476/201 3605/498/201
s 1
f 3605/498/201 3607/498/201 3604/476/201
s 0
f 3608/475/189 3610/476/189 3609/476/189
f 3611/475/189 3608/475/189 3609/476/189
f 3612/499/10 3614/499/10 3613/494/10
f 3613/494/10 3615/494/10 3612/499/10
f 3616/481/202 3618/481/202 3617/477/202
f 3617/477/202 3619/477/202 3616/481/202
f 3620/483/203 3622/500/203 3621/500/203
f 3623/483/203 3620/483/203 3621/500/203
f 3624/473/187 3626/473/187 3625/474/187
f 3625/474/188 3627/474/188 3624/473/188
f 3628/501/204 3630/501/204 3629/500/204
s 1
f 3629/500/204 3631/500/204 3628/501/204
s 0
f 3632/501/205 3634/501/205 3633/485/205
f 3633/485/205 3635/485/205 3632/501/205
f 3636/486/10 3638/486/10 3637/487/10
f 3637/487/10 3639/487/10 3636/486/10
f 3640/488/196 3642/488/196 3641/489/196
f 3641/489/196 3643/489/196 3640/488/196
f 3644/475/10 3646/475/10 3645/476/10
f 3645/476/10 3647/476/10 3644/475/10
f 3648/490/8 3650/490/8 3649/474/8
f 3649/474/8 3651/474/8 3648/490/8
f 3652/492/10 3654/491/10 3653/491/10
f 3655/492/10 3652/492/10 3653/491/10
f 3656/474/8 3658/490/8 3657/490/8
f 3659/474/8 3656/474/8 3657/490/8
f 3660/491/10 3662/491/10 3661/492/10
f 3661/492/10 3663/492/10 3660/491/10
f 3664/493/206 3666/493/206 3665/498/206
f 3665/498/206 3667/498/206 3664/493/206
s 1
f 3668/502/207 3670/499/207 3669/499/207
f 3671/502/207 3668/502/207 3669/499/207
s 0
f 3672/495/10 3674/495/10 3673/497/10
f 3673/497/10 3675/497/10 3672/495/10
f 3676/496/10 3678/496/10 3677/503/10
f 3677/503/10 3679/503/10 3676/496/10
f 3680/502/208 3682/503/208 3681/503/208
f 3683/502/208 3680/502/208 3681/503/208
f 3684/487/209 3686/485/209 3685/486/209
f 3687/485/209 3689/478/209 3688/501/209
f 3690/485/209 3692/476/209 3691/478/209
f 3693/487/209 3695/476/209 3694/485/209
f 3696/478/209 3698/500/209 3697/501/209
f 3699/478/209 3701/479/209 3700/500/209
f 3702/479/209 3704/480/209 3703/500/209
f 3705/480/210 3707/481/210 3706/500/210
f 3708/481/209 3710/483/209 3709/500/209
f 3711/487/209 3713/477/209 3712/476/209
f 3714/477/209 3716/483/209 3715/481/209
f 3717/477/209 3719/482/209 3718/483/209
f 3720/477/209 3722/475/209 3721/482/209
f 3723/487/209 3725/475/209 3724/477/209
f 3726/488/209 3728/475/209 3727/476/209
f 3729/488/209 3731/489/209 3730/475/209
f 3732/492/209 3734/484/209 3733/491/209
f 3735/492/209 3737/473/209 3736/484/209
f 3738/492/209 3740/475/209 3739/473/209
f 3741/475/209 3743/474/209 3742/473/209
f 3744/476/209 3746/474/209 3745/475/209
f 3747/476/209 3749/490/209 3748/474/209
f 3750/492/209 3752/484/209 3751/491/209
f 3753/492/209 3755/473/209 3754/484/209
f 3756/492/209 3758/475/209 3757/473/209
f 3759/475/209 3761/474/209 3760/473/209
f 3762/476/209 3764/474/209 3763/475/209
f 3765/476/209 3767/490/209 3766/474/209
f 3768/494/209 3770/495/209 3769/499/209
f 3771/503/209 3773/497/209 3772/496/209
f 3774/495/209 3776/493/209 3775/499/209
f 3777/497/209 3779/493/209 3778/495/209
f 3780/497/209 3782/476/209 3781/493/209
f 3783/503/209 3785/476/209 3784/497/209
f 3786/493/209 3788/498/209 3787/499/209
f 3789/503/209 3791/498/209 3790/476/209
f 3792/498/209 3794/502/209 3793/499/209
f 3795/503/209 3797/502/209 3796/498/209
f 3798/487/211 3800/486/211 3799/485/211
f 3801/485/211 3803/501/211 3802/478/211
f 3804/485/211 3806/478/211 3805/476/211
f 3807/487/212 3809/485/212 3808/476/212
f 3810/478/211 3812/501/211 3811/500/211
f 3813/478/211 3815/500/211 3814/479/211
f 3816/479/211 3818/500/211 3817/480/211
f 3819/480/212 3821/500/212 3820/481/212
f 3822/481/211 3824/500/211 3823/483/211
f 3825/487/211 3827/476/211 3826/477/211
f 3828/477/211 3830/481/211 3829/483/211
f 3831/477/211 3833/483/211 3832/482/211
f 3834/477/211 3836/482/211 3835/475/211
f 3837/487/211 3839/477/211 3838/475/211
f 3840/488/211 3842/476/211 3841/475/211
f 3843/488/211 3845/475/211 3844/489/211
f 3846/492/211 3848/491/211 3847/484/211
f 3849/492/211 3851/484/211 3850/473/211
f 3852/492/211 3854/473/211 3853/475/211
f 3855/475/211 3857/473/211 3856/474/211
f 3858/476/211 3860/475/211 3859/474/211
f 3861/476/211 3863/474/211 3862/490/211
f 3864/492/211 3866/491/211 3865/484/211
f 3867/492/211 3869/484/211 3868/473/211
s 1
f 3870/492/211 3872/473/211 3871/475/211
s 0
f 3873/475/211 3875/473/211 3874/474/211
f 3876/476/211 3878/475/211 3877/474/211
f 3879/476/211 3881/474/211 3880/490/211
f 3882/494/211 3884/499/211 3883/495/211
f 3885/503/211 3887/496/211 3886/497/211
f 3888/495/211 3890/499/211 3889/493/211
f 3891/497/211 3893/495/211 3892/493/211
f 3894/497/211 3896/493/211 3895/476/211
f 3897/503/211 3899/497/211 3898/476/211
f 3900/493/211 3902/499/211 3901/498/211
f 3903/503/211 3905/476/211 3904/498/211
f 3906/498/211 3908/499/211 3907/502/211
f 3909/503/211 3911/498/211 3910/502/211
f 3912/474/213 3914/473/213 3913/473/213
f 3913/473/214 3915/474/214 3912/474/214
f 3916/476/10 3918/476/10 3917/475/10
f 3919/475/10 3917/475/10 3918/476/10
f 3920/477/7 3922/476/7 3921/476/7
f 3923/477/7 3920/477/7 3921/476/7
f 3924/476/215 3926/478/215 3925/478/215
f 3925/478/215 3927/476/215 3924/476/215
f 3928/479/216 3930/478/216 3929/479/216
f 3928/479/216 3931/478/216 3930/478/216
f 3932/480/217 3934/479/217 3933/480/217
f 3932/480/217 3935/479/217 3934/479/217
f 3936/480/218 3938/481/218 3937/480/218
s 1
f 3939/481/218 3938/481/218 3936/480/218
s 0
f 3940/475/219 3942/482/219 3941/482/219
f 3941/482/219 3943/475/219 3940/475/219
f 3944/482/220 3946/483/220 3945/483/220
f 3945/483/221 3947/482/221 3944/482/221
f 3948/473/8 3950/484/8 3949/484/8
f 3949/484/8 3951/473/8 3948/473/8
f 3952/485/7 3954/486/7 3953/486/7
f 3955/485/7 3952/485/7 3953/486/7
f 3956/475/3 3958/487/3 3957/487/3
f 3959/475/3 3956/475/3 3957/487/3
f 3960/476/10 3962/488/10 3961/476/10
f 3963/488/10 3962/488/10 3960/476/10
f 3964/489/8 3966/475/8 3965/475/8
f 3965/475/8 3967/489/8 3964/489/8
f 3968/490/3 3970/476/3 3969/490/3
f 3968/490/3 3971/476/3 3970/476/3
f 3972/484/7 3974/491/7 3973/491/7
f 3975/484/7 3972/484/7 3973/491/7
f 3976/475/222 3978/492/222 3977/492/222
f 3979/475/223 3976/475/223 3977/492/223
f 3980/490/3 3982/476/3 3981/476/3
f 3980/490/3 3981/476/3 3983/490/3
f 3984/484/7 3986/491/7 3985/491/7
f 3987/484/7 3984/484/7 3985/491/7
f 3988/475/222 3990/492/222 3989/492/222
f 3991/475/223 3988/475/223 3989/492/223
f 3992/476/8 3994/493/8 3993/493/8
f 3993/493/8 3995/476/8 3992/476/8
s 1
f 3996/495/224 3998/494/224 3997/494/224
s 0
f 3999/495/224 3996/495/224 3997/494/224
f 4000/497/225 4002/496/225 4001/496/225
f 4003/497/225 4000/497/225 4001/496/225
f 4004/473/8 4006/484/8 4005/484/8
f 4005/484/8 4007/473/8 4004/473/8
s 1
f 4008/498/226 4010/476/226 4009/476/226
s 0
f 4011/498/226 4008/498/226 4009/476/226
f 4012/475/7 4014/476/7 4013/476/7
f 4015/475/7 4012/475/7 4013/476/7
f 4016/499/10 4018/494/10 4017/499/10
f 4019/494/10 4018/494/10 4016/499/10
f 4020/477/227 4022/477/227 4021/481/227
f 4023/481/227 4021/481/227 4022/477/227
f 4024/483/228 4026/500/228 4025/500/228
f 4027/483/228 4024/483/228 4025/500/228
f 4028/474/213 4030/473/213 4029/473/213
f 4029/473/214 4031/474/214 4028/474/214
f 4032/500/229 4034/501/229 4033/501/229
f 4035/500/229 4032/500/229 4033/501/229
f 4036/485/230 4038/485/230 4037/501/230
f 4039/501/230 4037/501/230 4038/485/230
f 4040/486/10 4042/487/10 4041/486/10
f 4043/487/10 4042/487/10 4040/486/10
f 4044/489/3 4046/488/3 4045/488/3
f 4047/489/3 4044/489/3 4045/488/3
f 4048/476/10 4050/476/10 4049/475/10
f 4051/475/10 4049/475/10 4050/476/10
f 4052/490/8 4054/474/8 4053/474/8
f 4053/474/8 4055/490/8 4052/490/8
f 4056/492/10 4058/492/10 4057/491/10
f 4059/491/10 4057/491/10 4058/492/10
f 4060/490/8 4062/474/8 4061/474/8
f 4061/474/8 4063/490/8 4060/490/8
f 4064/492/10 4066/492/10 4065/491/10
f 4067/491/10 4065/491/10 4066/492/10
s 1
f 4068/498/231 4070/493/231 4069/493/231
s 0
f 4071/498/231 4068/498/231 4069/493/231
f 4072/502/232 4074/499/232 4073/499/232
f 4075/502/232 4072/502/232 4073/499/232
f 4076/497/10 4078/497/10 4077/495/10
f 4079/495/10 4077/495/10 4078/497/10
f 4080/496/10 4082/503/10 4081/496/10
f 4083/503/10 4082/503/10 4080/496/10
f 4084/502/233 4086/503/233 4085/503/233
f 4087/502/233 4084/502/233 4085/503/233
f 4088/485/9 4090/478/9 4089/501/9
f 4091/485/9 4093/476/9 4092/478/9
f 4094/478/9 4096/500/9 4095/501/9
f 4092/478/9 4098/479/9 4097/500/9
f 4098/479/9 4099/480/9 4097/500/9
f 4100/480/9 4102/481/9 4101/500/9
f 4103/481/9 4104/483/9 4097/500/9
f 4105/477/9 4107/483/9 4106/481/9
f 4108/477/9 4110/482/9 4109/483/9
f 4111/477/9 4113/475/9 4112/482/9
f 4114/487/9 4116/475/9 4115/477/9
f 4114/487/9 4093/476/9 4091/485/9
f 4114/487/9 4091/485/9 4117/486/9
f 4114/487/9 4115/477/9 4093/476/9
f 4118/488/9 4120/475/9 4119/476/9
f 4118/488/9 4121/489/9 4120/475/9
f 4122/492/9 4124/484/9 4123/491/9
f 4122/492/9 4125/473/9 4124/484/9
f 4126/492/9 4128/475/9 4127/473/9
f 4129/475/9 4130/474/9 4125/473/9
f 4131/476/9 4133/474/9 4132/475/9
f 4134/476/9 4135/490/9 4130/474/9
f 4136/492/9 4138/484/9 4137/491/9
f 4136/492/9 4139/473/9 4138/484/9
f 4140/492/9 4142/475/9 4141/473/9
f 4143/475/9 4144/474/9 4139/473/9
f 4145/476/9 4147/474/9 4146/475/9
f 4148/476/9 4149/490/9 4144/474/9
f 4150/494/9 4152/495/9 4151/499/9
f 4153/503/9 4155/497/9 4154/496/9
f 4156/495/9 4158/493/9 4157/499/9
f 4159/497/9 4161/493/9 4160/495/9
f 4155/497/9 4163/476/9 4162/493/9
f 4164/503/9 4166/476/9 4165/497/9
f 4162/493/9 4167/498/9 4151/499/9
f 4168/503/9 4170/498/9 4169/476/9
f 4167/498/9 4171/502/9 4151/499/9
f 4172/503/9 4174/502/9 4173/498/9
f 4175/485/1 4177/501/1 4176/478/1
f 4178/485/1 4180/478/1 4179/476/1
f 4181/478/1 4183/501/1 4182/500/1
f 4184/478/1 4186/500/1 4185/479/1
f 4187/479/1 4189/500/1 4188/480/1
f 4190/480/1 4192/500/1 4191/481/1
f 4193/481/1 4189/500/1 4194/483/1
f 4195/477/1 4197/483/1 4196/482/1
f 4198/477/1 4200/482/1 4199/475/1
f 4198/477/1 4193/481/1 4194/483/1
f 4201/487/1 4202/486/1 4178/485/1
f 4201/487/1 4198/477/1 4199/475/1
f 4201/487/1 4178/485/1 4179/476/1
f 4201/487/1 4179/476/1 4198/477/1
f 4203/488/1 4205/476/1 4204/475/1
f 4203/488/1 4204/475/1 4206/489/1
f 4207/492/1 4209/491/1 4208/484/1
f 4207/492/1 4208/484/1 4210/473/1
f 4211/492/1 4213/473/1 4212/475/1
f 4214/475/1 4216/473/1 4215/474/1
f 4217/476/1 4219/475/1 4218/474/1
f 4220/476/1 4222/474/1 4221/490/1
f 4223/492/1 4225/491/1 4224/484/1
f 4223/492/1 4224/484/1 4226/473/1
f 4227/492/1 4229/473/1 4228/475/1
f 4230/475/1 4232/473/1 4231/474/1
f 4233/476/1 4235/475/1 4234/474/1
f 4236/476/1 4238/474/1 4237/490/1
f 4239/494/1 4241/499/1 4240/495/1
f 4242/503/1 4244/496/1 4243/497/1
f 4245/495/1 4247/499/1 4246/493/1
f 4248/497/1 4250/495/1 4249/493/1
f 4251/497/1 4253/493/1 4252/476/1
f 4254/503/1 4256/497/1 4255/476/1
f 4257/493/1 4241/499/1 4258/498/1
f 4259/503/1 4261/476/1 4260/498/1
f 4258/498/1 4241/499/1 4262/502/1
f 4263/503/1 4265/498/1 4264/502/1
usemtl red
f 4266/504/234 4268/476/234 4267/505/234
f 4266/504/234 4267/505/234 4269/506/234
f 4270/507/235 4272/475/235 4271/508/235
f 4271/508/235 4273/509/235 4270/507/235
f 4274/510/234 4276/495/234 4275/507/234
f 4274/510/234 4275/507/234 4277/509/234
f 4278/505/235 4280/495/235 4279/510/235
f 4279/510/235 4281/506/235 4278/505/235
f 4282/506/235 4284/510/235 4283/511/235
f 4283/511/235 4285/512/235 4282/506/235
f 4286/511/234 4288/509/234 4287/513/234
f 4286/511/234 4289/510/234 4288/509/234
f 4290/509/235 4292/508/235 4291/514/235
f 4291/514/235 4293/513/235 4290/509/235
f 4294/515/234 4296/506/234 4295/512/234
f 4294/515/234 4297/504/234 4296/506/234
f 4298/504/236 4300/505/236 4299/506/236
f 4298/504/236 4301/476/236 4300/505/236
f 4302/507/237 4304/475/237 4303/508/237
f 4303/508/237 4305/509/237 4302/507/237
f 4306/510/236 4308/507/236 4307/509/236
f 4306/510/236 4309/495/236 4308/507/236
f 4310/505/237 4312/495/237 4311/510/237
f 4311/510/237 4313/506/237 4310/505/237
f 4314/506/237 4316/510/237 4315/511/237
f 4315/511/237 4317/512/237 4314/506/237
f 4318/511/236 4320/510/236 4319/509/236
f 4318/511/236 4319/509/236 4321/513/236
f 4322/509/237 4324/508/237 4323/514/237
f 4323/514/237 4325/513/237 4322/509/237
f 4326/515/236 4328/504/236 4327/506/236
f 4326/515/236 4327/506/236 4329/512/236
